author_id,cluster_id
1, 3 
2, 3 
3, 4 
4, 16 
5, 0 
6, 0 
7, 10 
8, 10 
9, 3 
10, 3 
11, 0 
12, 10 
13, 0 
14, 0 
15, 0 
16, 3 
17, 0 
18, 16 
19, 9 
20, 0 
21, 16 
22, 0 
23, 0 
24, 10 
25, 0 
26, 20 
27, 3 
28, 10 
29, 10 
30, 10 
31, 10 
32, 18 
33, 0 
34, 10 
35, 10 
36, 10 
37, 10 
38, 10 
39, 10 
40, 14 
41, 14 
42, 3 
43, 10 
44, 3 
45, 0 
46, 16 
47, 14 
48, 10 
49, 10 
50, 18 
51, 0 
52, 10 
53, 16 
54, 19 
55, 11 
56, 0 
57, 10 
58, 10 
59, 10 
60, 0 
61, 0 
62, 0 
63, 0 
64, 0 
65, 10 
66, 10 
67, 0 
68, 10 
69, 10 
70, 0 
71, 0 
72, 0 
74, 0 
75, 0 
76, 0 
77, 4 
78, 11 
79, 11 
80, 0 
81, 3 
82, 3 
83, 3 
84, 0 
85, 0 
86, 11 
87, 11 
88, 10 
89, 16 
90, 10 
91, 10 
92, 10 
93, 10 
94, 16 
95, 4 
96, 10 
97, 16 
98, 0 
99, 16 
100, 0 
101, 0 
102, 0 
103, 9 
104, 9 
105, 9 
106, 0 
107, 0 
108, 11 
109, 11 
110, 0 
111, 16 
112, 0 
113, 0 
114, 0 
115, 0 
116, 9 
117, 9 
118, 0 
119, 10 
120, 10 
121, 19 
122, 0 
123, 0 
124, 10 
125, 10 
126, 10 
127, 10 
128, 3 
129, 3 
130, 10 
131, 0 
132, 9 
133, 10 
134, 0 
135, 3 
136, 10 
137, 0 
138, 0 
139, 0 
140, 8 
141, 11 
142, 11 
143, 11 
144, 0 
145, 11 
146, 0 
147, 0 
148, 0 
149, 0 
150, 0 
152, 0 
153, 0 
154, 0 
155, 10 
156, 9 
157, 9 
158, 9 
159, 3 
160, 3 
161, 3 
162, 10 
163, 10 
164, 0 
165, 0 
166, 3 
167, 0 
168, 0 
169, 0 
170, 0 
171, 3 
172, 20 
173, 11 
174, 11 
175, 0 
176, 3 
177, 10 
178, 19 
179, 0 
180, 0 
181, 0 
182, 16 
183, 10 
184, 10 
186, 10 
188, 0 
189, 0 
190, 0 
191, 19 
192, 10 
195, 10 
196, 10 
197, 10 
198, 10 
199, 0 
200, 16 
201, 0 
202, 0 
203, 0 
204, 0 
205, 2 
206, 4 
207, 10 
208, 10 
209, 10 
210, 0 
211, 9 
212, 9 
213, 3 
214, 0 
216, 10 
217, 16 
218, 0 
219, 10 
220, 10 
221, 16 
222, 0 
224, 0 
225, 0 
226, 0 
227, 0 
228, 0 
229, 16 
230, 10 
231, 16 
232, 0 
233, 0 
234, 0 
235, 9 
236, 11 
237, 11 
238, 11 
239, 16 
240, 0 
241, 0 
242, 0 
243, 0 
244, 0 
245, 0 
246, 16 
247, 0 
248, 12 
249, 3 
250, 3 
251, 10 
252, 9 
253, 7 
254, 0 
255, 0 
256, 0 
257, 0 
258, 0 
259, 0 
260, 0 
261, 10 
262, 3 
263, 3 
264, 9 
265, 8 
267, 0 
268, 0 
269, 0 
270, 10 
271, 10 
272, 10 
273, 10 
274, 10 
275, 10 
276, 10 
277, 10 
278, 10 
279, 10 
280, 11 
281, 16 
282, 10 
283, 3 
284, 10 
285, 10 
286, 10 
287, 10 
288, 10 
289, 10 
290, 0 
291, 16 
292, 16 
293, 16 
294, 10 
295, 10 
296, 11 
297, 0 
298, 0 
299, 0 
300, 0 
301, 0 
302, 0 
303, 16 
304, 0 
305, 3 
306, 10 
307, 10 
308, 20 
309, 16 
310, 0 
313, 0 
314, 10 
315, 10 
316, 0 
317, 0 
318, 0 
319, 0 
320, 3 
321, 0 
322, 0 
323, 0 
324, 0 
325, 13 
326, 13 
327, 7 
328, 10 
329, 14 
330, 5 
331, 0 
332, 16 
333, 9 
334, 0 
335, 0 
336, 0 
337, 0 
338, 0 
339, 3 
340, 3 
341, 0 
342, 0 
343, 2 
344, 18 
345, 0 
346, 0 
347, 8 
348, 0 
349, 0 
350, 12 
351, 0 
352, 0 
353, 0 
354, 0 
355, 10 
356, 0 
357, 0 
358, 0 
359, 10 
360, 0 
361, 10 
362, 10 
363, 10 
364, 16 
365, 10 
366, 10 
367, 3 
368, 16 
369, 18 
370, 11 
371, 16 
372, 0 
373, 16 
374, 11 
375, 11 
376, 0 
377, 0 
378, 9 
379, 0 
380, 0 
381, 3 
382, 10 
383, 0 
384, 10 
385, 20 
386, 20 
387, 3 
388, 12 
389, 0 
390, 10 
391, 20 
392, 0 
393, 10 
394, 10 
395, 16 
396, 10 
397, 0 
398, 10 
399, 0 
400, 10 
401, 10 
402, 0 
403, 14 
404, 0 
405, 16 
406, 0 
407, 0 
408, 0 
409, 0 
410, 0 
411, 0 
412, 3 
413, 8 
414, 3 
415, 3 
416, 9 
417, 9 
418, 20 
419, 0 
420, 0 
421, 11 
422, 3 
423, 3 
424, 14 
425, 10 
426, 10 
427, 10 
428, 9 
429, 9 
430, 10 
431, 0 
432, 0 
433, 10 
434, 10 
435, 9 
436, 9 
437, 9 
438, 9 
439, 0 
440, 0 
441, 0 
442, 9 
443, 10 
444, 0 
445, 0 
446, 10 
447, 0 
448, 16 
449, 0 
450, 0 
451, 0 
452, 0 
453, 9 
454, 0 
455, 0 
457, 8 
458, 20 
459, 7 
460, 3 
461, 9 
462, 9 
463, 9 
464, 9 
465, 10 
466, 20 
467, 0 
468, 0 
469, 10 
471, 10 
472, 10 
473, 14 
474, 0 
475, 2 
476, 2 
477, 0 
478, 0 
479, 10 
480, 10 
481, 0 
482, 0 
483, 0 
484, 11 
485, 16 
486, 0 
487, 0 
488, 0 
489, 16 
490, 0 
491, 0 
492, 0 
493, 0 
494, 0 
496, 0 
497, 0 
498, 0 
499, 0 
500, 7 
501, 3 
502, 10 
503, 9 
504, 9 
505, 10 
506, 0 
507, 0 
508, 0 
509, 4 
510, 0 
511, 10 
512, 10 
513, 0 
514, 0 
516, 10 
517, 10 
518, 14 
519, 10 
520, 4 
521, 2 
522, 0 
523, 0 
524, 0 
525, 0 
526, 0 
527, 0 
528, 0 
529, 0 
530, 16 
531, 0 
532, 0 
533, 0 
534, 0 
535, 0 
537, 10 
539, 13 
540, 0 
541, 0 
542, 10 
543, 10 
544, 10 
545, 10 
546, 10 
547, 16 
548, 0 
549, 14 
550, 0 
551, 11 
552, 11 
554, 0 
555, 10 
556, 3 
557, 10 
558, 10 
559, 0 
560, 0 
561, 0 
562, 12 
563, 0 
564, 0 
565, 0 
566, 0 
567, 0 
568, 0 
569, 0 
570, 0 
571, 0 
572, 0 
573, 0 
574, 0 
575, 6 
576, 0 
577, 0 
578, 16 
579, 9 
580, 9 
581, 0 
582, 0 
583, 16 
584, 0 
585, 13 
586, 3 
587, 3 
588, 0 
589, 10 
590, 18 
591, 3 
592, 3 
593, 3 
594, 3 
595, 0 
596, 0 
597, 0 
598, 0 
599, 3 
601, 0 
602, 0 
603, 4 
604, 4 
605, 0 
606, 0 
607, 10 
608, 0 
609, 0 
610, 0 
611, 0 
612, 0 
614, 9 
615, 0 
616, 0 
617, 9 
618, 14 
619, 0 
620, 16 
621, 10 
622, 11 
624, 0 
625, 0 
626, 0 
627, 0 
628, 0 
629, 11 
630, 10 
631, 10 
632, 5 
633, 0 
634, 0 
635, 10 
636, 16 
637, 11 
638, 11 
639, 11 
640, 0 
641, 2 
642, 3 
643, 9 
644, 0 
645, 0 
646, 1 
647, 0 
648, 0 
649, 0 
650, 10 
651, 3 
652, 3 
653, 10 
654, 10 
655, 10 
656, 10 
657, 0 
658, 0 
659, 11 
660, 8 
661, 3 
662, 10 
663, 3 
664, 3 
666, 0 
667, 0 
668, 10 
669, 4 
670, 0 
671, 0 
672, 0 
673, 7 
674, 0 
675, 0 
676, 0 
677, 0 
678, 17 
679, 8 
680, 10 
681, 0 
682, 0 
683, 0 
684, 0 
685, 0 
686, 9 
687, 0 
688, 0 
689, 18 
690, 18 
692, 10 
693, 0 
694, 0 
695, 0 
696, 0 
697, 0 
698, 0 
699, 0 
700, 0 
701, 0 
703, 11 
704, 10 
705, 11 
706, 10 
707, 10 
708, 2 
709, 12 
710, 1 
711, 0 
714, 10 
715, 3 
716, 0 
717, 4 
719, 4 
721, 10 
722, 3 
723, 3 
724, 3 
725, 3 
726, 3 
727, 7 
728, 0 
729, 0 
730, 0 
731, 0 
732, 6 
733, 9 
734, 10 
735, 10 
736, 6 
737, 0 
738, 0 
739, 14 
740, 10 
741, 3 
742, 0 
743, 0 
744, 0 
745, 0 
746, 0 
747, 0 
748, 14 
749, 10 
750, 0 
751, 3 
752, 9 
753, 0 
754, 1 
755, 12 
756, 9 
757, 16 
758, 2 
759, 16 
760, 0 
761, 0 
762, 3 
763, 10 
764, 14 
765, 0 
766, 0 
767, 0 
768, 18 
769, 8 
770, 10 
771, 0 
772, 11 
773, 11 
774, 0 
775, 0 
776, 0 
778, 0 
779, 0 
780, 7 
781, 10 
782, 10 
783, 3 
784, 0 
785, 0 
786, 3 
787, 0 
788, 3 
789, 3 
790, 10 
791, 4 
792, 16 
793, 0 
795, 3 
796, 0 
797, 0 
798, 0 
799, 0 
800, 10 
801, 10 
802, 10 
803, 10 
804, 10 
805, 0 
806, 0 
807, 0 
808, 0 
809, 7 
810, 3 
811, 18 
812, 4 
813, 4 
814, 4 
815, 4 
816, 0 
817, 0 
818, 0 
819, 16 
820, 0 
821, 0 
823, 0 
824, 0 
825, 0 
826, 10 
827, 0 
828, 10 
829, 0 
830, 0 
831, 10 
832, 10 
833, 0 
834, 10 
835, 10 
836, 0 
837, 0 
838, 11 
839, 0 
841, 0 
842, 0 
843, 0 
844, 13 
845, 10 
846, 10 
847, 18 
848, 0 
849, 10 
850, 0 
851, 0 
852, 0 
853, 10 
854, 10 
855, 0 
856, 0 
857, 0 
858, 8 
859, 3 
860, 11 
861, 0 
862, 0 
863, 14 
864, 18 
865, 14 
866, 11 
867, 11 
868, 3 
869, 14 
870, 11 
871, 11 
875, 0 
876, 0 
877, 0 
878, 10 
879, 10 
880, 7 
881, 10 
882, 10 
883, 10 
884, 0 
886, 0 
887, 10 
888, 2 
889, 10 
890, 11 
891, 11 
892, 11 
893, 18 
894, 4 
895, 0 
896, 10 
897, 10 
898, 0 
899, 10 
900, 11 
901, 10 
902, 0 
904, 11 
905, 10 
906, 0 
907, 0 
908, 3 
909, 0 
910, 0 
911, 11 
912, 10 
913, 10 
914, 10 
915, 3 
916, 14 
917, 10 
918, 0 
919, 0 
920, 0 
921, 0 
922, 10 
923, 10 
924, 10 
925, 10 
926, 0 
927, 0 
928, 10 
929, 0 
930, 0 
931, 10 
932, 0 
933, 0 
934, 0 
935, 10 
936, 4 
937, 12 
938, 0 
939, 10 
940, 10 
941, 16 
942, 0 
943, 0 
944, 0 
945, 0 
946, 0 
947, 2 
948, 0 
949, 11 
950, 11 
951, 0 
952, 0 
953, 0 
954, 11 
956, 0 
957, 11 
960, 0 
961, 3 
962, 3 
963, 3 
964, 4 
966, 10 
967, 0 
968, 18 
969, 2 
970, 0 
971, 4 
972, 4 
973, 0 
974, 0 
975, 9 
976, 1 
977, 0 
978, 3 
979, 10 
980, 10 
981, 10 
982, 10 
983, 10 
984, 0 
985, 3 
986, 10 
987, 0 
988, 0 
989, 9 
990, 10 
991, 18 
992, 9 
993, 4 
994, 4 
996, 10 
997, 0 
998, 20 
999, 8 
1000, 9 
1001, 9 
1002, 0 
1003, 0 
1004, 11 
1005, 3 
1006, 10 
1007, 0 
1008, 0 
1009, 10 
1010, 10 
1011, 10 
1012, 10 
1014, 0 
1015, 11 
1016, 0 
1017, 0 
1018, 0 
1019, 13 
1020, 5 
1021, 3 
1022, 3 
1023, 4 
1025, 0 
1026, 0 
1027, 10 
1028, 10 
1029, 10 
1030, 20 
1031, 7 
1032, 0 
1033, 0 
1034, 10 
1035, 8 
1036, 0 
1037, 7 
1038, 0 
1039, 0 
1040, 0 
1041, 0 
1042, 0 
1044, 0 
1045, 0 
1046, 2 
1047, 2 
1048, 0 
1049, 0 
1050, 16 
1051, 0 
1052, 0 
1053, 0 
1054, 0 
1055, 0 
1056, 0 
1057, 0 
1058, 11 
1059, 20 
1060, 4 
1061, 0 
1063, 0 
1064, 18 
1066, 16 
1067, 9 
1068, 0 
1069, 0 
1070, 0 
1071, 3 
1072, 11 
1073, 0 
1074, 20 
1075, 11 
1076, 4 
1077, 4 
1078, 4 
1079, 9 
1080, 9 
1081, 3 
1082, 3 
1083, 9 
1085, 4 
1086, 4 
1087, 0 
1088, 0 
1089, 0 
1090, 10 
1091, 14 
1094, 3 
1095, 9 
1096, 0 
1098, 9 
1099, 0 
1100, 0 
1101, 10 
1102, 10 
1103, 20 
1104, 0 
1105, 0 
1106, 0 
1107, 0 
1108, 0 
1109, 0 
1112, 4 
1113, 3 
1114, 10 
1115, 10 
1116, 3 
1117, 3 
1118, 0 
1119, 0 
1120, 0 
1122, 4 
1123, 3 
1124, 10 
1125, 0 
1126, 0 
1128, 0 
1129, 0 
1130, 0 
1131, 0 
1132, 4 
1133, 11 
1134, 11 
1135, 10 
1136, 10 
1137, 0 
1138, 0 
1139, 0 
1140, 10 
1141, 16 
1142, 4 
1143, 9 
1144, 10 
1145, 0 
1146, 0 
1147, 0 
1148, 0 
1149, 16 
1150, 0 
1151, 0 
1152, 8 
1153, 3 
1154, 3 
1155, 4 
1158, 0 
1159, 0 
1160, 0 
1161, 3 
1162, 0 
1163, 20 
1164, 0 
1165, 11 
1166, 0 
1167, 8 
1168, 10 
1169, 10 
1170, 10 
1171, 12 
1172, 7 
1173, 7 
1174, 8 
1175, 0 
1176, 0 
1177, 0 
1178, 3 
1179, 0 
1180, 0 
1181, 3 
1182, 3 
1183, 20 
1184, 0 
1185, 16 
1186, 10 
1187, 10 
1188, 5 
1189, 2 
1190, 0 
1191, 0 
1192, 0 
1193, 0 
1194, 0 
1195, 0 
1196, 16 
1197, 0 
1198, 0 
1199, 0 
1200, 16 
1201, 12 
1202, 0 
1203, 0 
1204, 0 
1205, 0 
1206, 10 
1207, 0 
1208, 0 
1209, 0 
1210, 0 
1211, 0 
1212, 0 
1213, 4 
1214, 3 
1215, 3 
1216, 10 
1217, 3 
1218, 0 
1219, 0 
1220, 0 
1221, 0 
1222, 10 
1223, 18 
1224, 18 
1225, 18 
1226, 18 
1227, 0 
1228, 3 
1229, 0 
1230, 0 
1231, 0 
1232, 0 
1233, 0 
1234, 0 
1235, 0 
1236, 3 
1237, 7 
1238, 7 
1239, 7 
1240, 11 
1241, 11 
1242, 11 
1243, 0 
1244, 0 
1245, 10 
1246, 10 
1247, 10 
1248, 0 
1249, 11 
1250, 11 
1251, 2 
1252, 9 
1253, 1 
1254, 8 
1255, 10 
1256, 10 
1257, 10 
1258, 0 
1259, 10 
1260, 0 
1261, 0 
1262, 0 
1263, 18 
1264, 0 
1265, 13 
1266, 2 
1267, 0 
1268, 7 
1269, 0 
1270, 0 
1271, 0 
1272, 7 
1273, 3 
1274, 10 
1275, 0 
1276, 10 
1277, 10 
1278, 13 
1279, 4 
1280, 0 
1281, 10 
1282, 6 
1283, 2 
1284, 4 
1285, 8 
1286, 4 
1287, 0 
1288, 0 
1289, 0 
1290, 0 
1291, 11 
1292, 11 
1293, 10 
1294, 3 
1295, 0 
1296, 0 
1297, 4 
1298, 0 
1299, 0 
1300, 0 
1301, 11 
1302, 8 
1303, 0 
1304, 3 
1305, 3 
1306, 3 
1307, 3 
1308, 3 
1309, 4 
1310, 2 
1311, 4 
1312, 0 
1313, 0 
1314, 18 
1315, 18 
1316, 0 
1317, 0 
1318, 0 
1319, 0 
1320, 4 
1321, 4 
1322, 9 
1323, 8 
1324, 0 
1325, 0 
1326, 3 
1327, 0 
1328, 11 
1329, 11 
1330, 11 
1331, 2 
1332, 4 
1333, 4 
1334, 11 
1335, 2 
1336, 3 
1337, 3 
1338, 3 
1339, 3 
1340, 9 
1341, 9 
1342, 0 
1343, 10 
1344, 11 
1345, 8 
1346, 14 
1347, 11 
1348, 0 
1349, 0 
1350, 3 
1351, 3 
1352, 10 
1353, 4 
1354, 4 
1355, 7 
1356, 11 
1357, 13 
1358, 0 
1359, 0 
1360, 0 
1361, 6 
1362, 0 
1363, 0 
1364, 10 
1365, 0 
1366, 0 
1367, 0 
1368, 0 
1369, 0 
1370, 12 
1371, 0 
1372, 10 
1373, 10 
1374, 0 
1375, 0 
1376, 0 
1377, 0 
1378, 0 
1379, 0 
1380, 0 
1381, 0 
1382, 10 
1383, 10 
1384, 11 
1385, 11 
1386, 8 
1387, 3 
1388, 3 
1389, 10 
1390, 4 
1391, 4 
1392, 10 
1393, 0 
1394, 0 
1395, 0 
1396, 0 
1397, 0 
1398, 0 
1399, 3 
1400, 3 
1401, 3 
1402, 3 
1403, 8 
1404, 2 
1405, 0 
1406, 0 
1407, 4 
1408, 4 
1409, 7 
1410, 15 
1411, 0 
1412, 0 
1413, 0 
1414, 11 
1415, 0 
1416, 0 
1417, 4 
1418, 4 
1419, 10 
1420, 10 
1421, 0 
1422, 10 
1423, 10 
1424, 10 
1425, 0 
1426, 0 
1427, 0 
1428, 8 
1429, 11 
1430, 11 
1431, 14 
1432, 11 
1433, 0 
1434, 3 
1435, 10 
1436, 4 
1437, 0 
1438, 0 
1439, 3 
1440, 10 
1441, 4 
1442, 11 
1443, 11 
1444, 0 
1445, 0 
1446, 7 
1447, 7 
1448, 7 
1449, 20 
1450, 4 
1451, 16 
1452, 0 
1453, 3 
1454, 4 
1455, 4 
1456, 2 
1457, 4 
1458, 3 
1459, 7 
1460, 0 
1461, 0 
1462, 0 
1463, 11 
1464, 12 
1465, 0 
1466, 0 
1467, 0 
1468, 0 
1469, 0 
1470, 0 
1471, 0 
1472, 15 
1473, 0 
1474, 12 
1475, 10 
1476, 10 
1477, 0 
1478, 0 
1479, 9 
1480, 18 
1481, 18 
1482, 8 
1483, 3 
1484, 16 
1485, 0 
1486, 10 
1487, 10 
1488, 0 
1489, 0 
1490, 4 
1491, 2 
1492, 9 
1493, 0 
1494, 9 
1495, 9 
1496, 9 
1497, 0 
1498, 0 
1499, 0 
1500, 0 
1501, 4 
1502, 10 
1503, 3 
1504, 11 
1505, 20 
1506, 3 
1507, 9 
1508, 0 
1509, 18 
1510, 3 
1511, 3 
1512, 4 
1513, 4 
1514, 0 
1515, 10 
1516, 10 
1517, 0 
1518, 7 
1519, 10 
1520, 10 
1521, 9 
1522, 9 
1523, 20 
1524, 3 
1525, 7 
1526, 0 
1527, 0 
1528, 0 
1529, 0 
1530, 20 
1531, 2 
1532, 10 
1533, 10 
1534, 0 
1535, 0 
1536, 0 
1537, 10 
1538, 0 
1539, 7 
1540, 0 
1541, 7 
1542, 11 
1543, 3 
1544, 3 
1545, 3 
1546, 18 
1547, 0 
1548, 3 
1549, 10 
1550, 10 
1551, 9 
1552, 3 
1553, 3 
1554, 10 
1555, 10 
1556, 10 
1557, 10 
1558, 11 
1559, 2 
1560, 2 
1561, 4 
1562, 4 
1563, 4 
1564, 0 
1565, 0 
1566, 10 
1567, 0 
1568, 2 
1569, 8 
1570, 0 
1571, 4 
1572, 4 
1573, 1 
1574, 4 
1575, 4 
1576, 4 
1577, 0 
1578, 0 
1579, 3 
1580, 0 
1581, 0 
1582, 6 
1583, 0 
1584, 3 
1585, 3 
1586, 7 
1587, 3 
1588, 0 
1589, 7 
1590, 2 
1591, 2 
1592, 18 
1593, 11 
1594, 11 
1595, 9 
1596, 11 
1597, 11 
1598, 0 
1599, 0 
1600, 0 
1601, 13 
1602, 2 
1603, 4 
1604, 4 
1605, 4 
1606, 8 
1607, 4 
1608, 4 
1609, 4 
1610, 0 
1611, 10 
1612, 12 
1613, 0 
1614, 10 
1615, 9 
1616, 12 
1617, 3 
1618, 11 
1619, 11 
1620, 11 
1621, 1 
1622, 4 
1623, 0 
1624, 0 
1625, 4 
1626, 4 
1627, 4 
1628, 4 
1629, 4 
1630, 9 
1631, 11 
1632, 9 
1633, 10 
1634, 3 
1635, 0 
1636, 11 
1637, 0 
1638, 4 
1639, 4 
1640, 18 
1641, 11 
1642, 11 
1643, 0 
1644, 0 
1645, 0 
1646, 11 
1647, 7 
1648, 4 
1649, 0 
1650, 0 
1651, 10 
1652, 18 
1653, 10 
1654, 10 
1655, 0 
1656, 3 
1657, 3 
1658, 0 
1659, 0 
1660, 0 
1661, 10 
1662, 0 
1663, 0 
1664, 10 
1665, 3 
1666, 6 
1667, 11 
1668, 0 
1669, 3 
1670, 12 
1671, 11 
1672, 11 
1673, 10 
1674, 10 
1675, 0 
1676, 0 
1677, 3 
1678, 3 
1679, 3 
1680, 10 
1681, 10 
1682, 11 
1683, 11 
1684, 0 
1685, 4 
1686, 4 
1687, 4 
1688, 4 
1689, 4 
1690, 0 
1691, 0 
1692, 0 
1693, 0 
1694, 0 
1695, 0 
1696, 0 
1697, 8 
1698, 11 
1699, 11 
1700, 11 
1701, 8 
1702, 20 
1703, 3 
1704, 10 
1705, 18 
1706, 4 
1707, 7 
1708, 11 
1709, 11 
1710, 11 
1711, 11 
1712, 11 
1713, 9 
1714, 7 
1715, 11 
1716, 4 
1717, 4 
1718, 11 
1719, 10 
1720, 2 
1721, 7 
1722, 6 
1723, 18 
1724, 18 
1725, 10 
1726, 10 
1727, 10 
1728, 0 
1729, 0 
1730, 0 
1731, 11 
1732, 11 
1733, 11 
1734, 3 
1735, 3 
1736, 2 
1737, 4 
1738, 4 
1739, 18 
1740, 11 
1741, 4 
1742, 4 
1743, 4 
1744, 4 
1745, 10 
1746, 11 
1747, 9 
1748, 3 
1749, 0 
1750, 3 
1751, 3 
1752, 0 
1753, 7 
1754, 4 
1755, 10 
1756, 10 
1757, 7 
1758, 11 
1759, 0 
1760, 0 
1761, 12 
1762, 8 
1763, 3 
1764, 9 
1765, 10 
1766, 8 
1767, 18 
1768, 11 
1769, 18 
1770, 3 
1771, 10 
1772, 11 
1773, 4 
1774, 4 
1775, 4 
1776, 4 
1777, 4 
1778, 3 
1779, 0 
1780, 0 
1781, 0 
1782, 4 
1783, 4 
1784, 0 
1785, 20 
1786, 8 
1787, 0 
1788, 11 
1789, 11 
1790, 0 
1791, 0 
1792, 4 
1793, 10 
1794, 10 
1795, 4 
1796, 6 
1797, 7 
1798, 4 
1799, 2 
1800, 3 
1801, 3 
1802, 3 
1803, 7 
1804, 4 
1805, 0 
1806, 3 
1807, 3 
1808, 7 
1809, 7 
1810, 11 
1811, 4 
1812, 10 
1813, 4 
1814, 20 
1815, 3 
1816, 7 
1817, 10 
1818, 18 
1819, 3 
1820, 3 
1821, 8 
1822, 0 
1823, 10 
1824, 10 
1825, 10 
1826, 0 
1827, 4 
1828, 2 
1829, 0 
1830, 0 
1831, 0 
1832, 9 
1833, 3 
1834, 13 
1835, 3 
1836, 0 
1837, 0 
1838, 9 
1839, 3 
1840, 4 
1841, 4 
1842, 18 
1843, 2 
1844, 4 
1845, 0 
1846, 3 
1847, 4 
1848, 11 
1849, 4 
1850, 3 
1851, 3 
1852, 4 
1853, 12 
1854, 11 
1855, 11 
1856, 11 
1857, 11 
1858, 11 
1859, 18 
1860, 18 
1861, 11 
1862, 3 
1863, 3 
1864, 4 
1865, 18 
1866, 7 
1867, 7 
1868, 10 
1869, 10 
1870, 10 
1871, 10 
1872, 2 
1873, 18 
1874, 0 
1875, 3 
1876, 3 
1877, 3 
1878, 3 
1879, 3 
1880, 6 
1881, 11 
1882, 0 
1883, 3 
1884, 11 
1885, 13 
1886, 4 
1887, 8 
1888, 4 
1889, 4 
1890, 0 
1891, 4 
1892, 4 
1893, 4 
1894, 4 
1895, 11 
1896, 4 
1897, 9 
1898, 8 
1899, 4 
1900, 0 
1901, 1 
1902, 10 
1903, 10 
1904, 1 
1905, 0 
1906, 0 
1907, 7 
1908, 7 
1909, 0 
1910, 11 
1911, 11 
1912, 6 
1913, 4 
1914, 9 
1915, 0 
1916, 10 
1917, 3 
1918, 18 
1919, 18 
1920, 18 
1921, 10 
1922, 18 
1923, 10 
1924, 18 
1925, 9 
1926, 8 
1927, 7 
1928, 10 
1929, 0 
1930, 7 
1931, 0 
1932, 4 
1933, 2 
1934, 14 
1935, 8 
1936, 9 
1937, 11 
1938, 11 
1939, 11 
1940, 18 
1941, 7 
1942, 7 
1943, 11 
1944, 3 
1945, 11 
1946, 20 
1947, 3 
1948, 11 
1949, 8 
1950, 11 
1951, 11 
1952, 1 
1953, 10 
1954, 14 
1955, 4 
1956, 0 
1957, 4 
1958, 10 
1959, 10 
1960, 10 
1961, 10 
1962, 11 
1963, 0 
1964, 18 
1965, 18 
1966, 9 
1967, 4 
1968, 11 
1969, 0 
1970, 7 
1971, 7 
1972, 4 
1973, 4 
1974, 0 
1975, 0 
1976, 0 
1977, 0 
1978, 0 
1979, 0 
1980, 3 
1981, 4 
1982, 11 
1983, 0 
1984, 11 
1985, 11 
1986, 11 
1987, 11 
1988, 11 
1989, 1 
1990, 7 
1991, 3 
1992, 10 
1993, 4 
1994, 4 
1995, 9 
1996, 0 
1997, 0 
1998, 4 
1999, 3 
2000, 3 
2001, 3 
2002, 10 
2003, 11 
2004, 3 
2005, 3 
2006, 3 
2007, 4 
2008, 4 
2009, 0 
2010, 18 
2011, 4 
2012, 10 
2013, 10 
2014, 10 
2015, 0 
2016, 0 
2017, 10 
2018, 11 
2019, 0 
2020, 0 
2021, 9 
2022, 9 
2023, 9 
2024, 7 
2025, 0 
2026, 20 
2027, 4 
2028, 9 
2029, 0 
2030, 3 
2031, 4 
2032, 2 
2033, 3 
2034, 3 
2035, 3 
2036, 0 
2037, 16 
2038, 4 
2039, 4 
2040, 9 
2041, 4 
2042, 0 
2043, 3 
2044, 5 
2045, 2 
2046, 4 
2047, 2 
2048, 11 
2049, 2 
2050, 7 
2051, 7 
2052, 7 
2053, 7 
2054, 4 
2055, 4 
2056, 12 
2057, 9 
2058, 3 
2059, 3 
2060, 0 
2061, 8 
2062, 10 
2063, 7 
2064, 11 
2065, 3 
2066, 3 
2067, 3 
2068, 3 
2069, 3 
2070, 18 
2071, 18 
2072, 10 
2073, 7 
2074, 7 
2075, 3 
2076, 7 
2077, 11 
2078, 9 
2079, 10 
2080, 11 
2081, 8 
2082, 11 
2083, 11 
2084, 3 
2085, 4 
2086, 11 
2087, 11 
2088, 10 
2089, 10 
2090, 10 
2091, 9 
2092, 16 
2093, 1 
2094, 11 
2095, 8 
2096, 3 
2097, 14 
2098, 3 
2099, 3 
2100, 3 
2101, 3 
2102, 3 
2103, 3 
2104, 3 
2105, 0 
2106, 10 
2107, 0 
2108, 9 
2109, 0 
2110, 0 
2111, 0 
2112, 3 
2113, 4 
2114, 18 
2115, 11 
2116, 9 
2117, 9 
2118, 9 
2119, 4 
2120, 4 
2121, 3 
2122, 3 
2123, 3 
2124, 11 
2125, 12 
2126, 4 
2127, 9 
2128, 9 
2129, 0 
2130, 11 
2131, 11 
2132, 8 
2133, 8 
2134, 7 
2135, 18 
2136, 18 
2137, 18 
2138, 18 
2139, 1 
2140, 4 
2141, 0 
2142, 7 
2143, 12 
2144, 10 
2145, 10 
2146, 4 
2147, 4 
2148, 0 
2149, 0 
2150, 18 
2151, 11 
2152, 11 
2153, 4 
2154, 4 
2155, 0 
2156, 10 
2157, 10 
2158, 11 
2159, 11 
2160, 18 
2161, 7 
2162, 0 
2163, 4 
2164, 18 
2165, 18 
2166, 18 
2167, 10 
2168, 10 
2169, 18 
2171, 11 
2172, 11 
2173, 2 
2174, 18 
2175, 3 
2176, 18 
2177, 18 
2178, 3 
2179, 10 
2180, 10 
2181, 10 
2182, 11 
2183, 10 
2184, 4 
2185, 10 
2186, 12 
2187, 12 
2188, 4 
2189, 11 
2190, 7 
2191, 11 
2192, 7 
2193, 7 
2194, 7 
2195, 11 
2196, 11 
2197, 7 
2198, 11 
2199, 2 
2200, 10 
2201, 10 
2202, 10 
2203, 3 
2204, 0 
2205, 12 
2206, 7 
2207, 7 
2208, 10 
2209, 0 
2210, 9 
2211, 11 
2212, 11 
2213, 9 
2214, 7 
2215, 2 
2216, 10 
2217, 10 
2218, 10 
2219, 7 
2220, 13 
2221, 9 
2222, 8 
2223, 8 
2224, 7 
2225, 7 
2226, 3 
2227, 18 
2228, 4 
2229, 7 
2230, 9 
2231, 9 
2232, 4 
2233, 0 
2234, 8 
2235, 3 
2236, 9 
2237, 6 
2238, 12 
2239, 4 
2240, 7 
2241, 4 
2242, 10 
2243, 10 
2244, 18 
2245, 4 
2246, 4 
2247, 11 
2248, 11 
2249, 11 
2250, 18 
2251, 7 
2252, 4 
2253, 10 
2254, 10 
2255, 11 
2256, 11 
2257, 3 
2258, 8 
2259, 10 
2260, 0 
2261, 7 
2262, 7 
2263, 8 
2264, 8 
2265, 11 
2266, 8 
2267, 0 
2268, 0 
2269, 7 
2270, 4 
2271, 3 
2272, 3 
2273, 3 
2274, 11 
2275, 0 
2276, 10 
2277, 13 
2278, 4 
2279, 3 
2280, 10 
2281, 3 
2282, 3 
2283, 3 
2284, 3 
2285, 11 
2286, 4 
2287, 7 
2288, 10 
2289, 10 
2290, 3 
2291, 3 
2292, 4 
2293, 2 
2294, 11 
2295, 3 
2296, 7 
2297, 7 
2298, 7 
2299, 7 
2300, 7 
2301, 4 
2302, 18 
2303, 7 
2304, 7 
2305, 3 
2306, 10 
2307, 9 
2308, 4 
2309, 18 
2310, 3 
2311, 18 
2312, 8 
2313, 9 
2314, 7 
2315, 8 
2316, 3 
2317, 3 
2318, 9 
2319, 1 
2320, 7 
2321, 13 
2322, 7 
2324, 4 
2325, 3 
2326, 3 
2327, 3 
2328, 12 
2329, 14 
2330, 9 
2331, 9 
2332, 9 
2333, 9 
2334, 9 
2335, 4 
2336, 2 
2337, 9 
2338, 9 
2339, 7 
2340, 11 
2341, 11 
2342, 11 
2343, 7 
2344, 7 
2345, 7 
2346, 7 
2347, 11 
2348, 11 
2349, 8 
2350, 3 
2351, 11 
2352, 11 
2353, 11 
2354, 11 
2355, 11 
2356, 11 
2357, 18 
2358, 7 
2359, 7 
2360, 9 
2361, 9 
2362, 9 
2363, 18 
2364, 18 
2365, 3 
2366, 11 
2367, 7 
2368, 2 
2369, 10 
2370, 10 
2371, 10 
2372, 10 
2373, 10 
2374, 10 
2375, 10 
2376, 11 
2377, 11 
2378, 2 
2379, 7 
2380, 11 
2381, 18 
2382, 2 
2383, 13 
2384, 8 
2385, 8 
2386, 10 
2387, 2 
2388, 4 
2389, 7 
2390, 7 
2391, 14 
2392, 4 
2393, 4 
2394, 7 
2395, 7 
2396, 3 
2397, 10 
2398, 10 
2399, 18 
2400, 3 
2401, 3 
2402, 7 
2403, 7 
2404, 8 
2405, 7 
2406, 7 
2407, 4 
2408, 3 
2409, 18 
2410, 8 
2411, 18 
2412, 3 
2413, 3 
2414, 10 
2415, 10 
2416, 6 
2417, 7 
2418, 7 
2419, 6 
2420, 0 
2422, 10 
2423, 11 
2424, 2 
2425, 7 
2426, 10 
2427, 10 
2428, 10 
2429, 10 
2430, 3 
2431, 10 
2432, 9 
2433, 8 
2434, 8 
2435, 11 
2436, 11 
2437, 3 
2438, 3 
2439, 9 
2440, 11 
2441, 7 
2442, 7 
2443, 7 
2444, 11 
2445, 4 
2446, 11 
2447, 7 
2448, 7 
2449, 2 
2450, 4 
2451, 4 
2452, 4 
2453, 10 
2454, 3 
2455, 3 
2456, 3 
2457, 3 
2458, 17 
2459, 12 
2460, 6 
2461, 6 
2462, 7 
2463, 7 
2464, 7 
2465, 11 
2466, 0 
2467, 13 
2468, 8 
2469, 4 
2470, 11 
2471, 11 
2472, 11 
2473, 11 
2474, 18 
2475, 9 
2476, 9 
2477, 3 
2478, 3 
2479, 11 
2480, 11 
2481, 11 
2482, 11 
2483, 3 
2484, 2 
2485, 20 
2486, 7 
2487, 3 
2488, 3 
2489, 3 
2490, 7 
2491, 7 
2492, 2 
2493, 4 
2494, 10 
2495, 18 
2496, 18 
2497, 11 
2498, 0 
2499, 10 
2500, 10 
2501, 11 
2502, 11 
2503, 11 
2504, 11 
2505, 7 
2506, 0 
2507, 4 
2508, 3 
2509, 3 
2510, 7 
2511, 11 
2512, 7 
2513, 9 
2514, 9 
2515, 9 
2516, 9 
2517, 10 
2518, 10 
2519, 4 
2520, 8 
2521, 14 
2522, 10 
2523, 7 
2524, 10 
2525, 2 
2526, 10 
2527, 18 
2528, 11 
2529, 11 
2530, 11 
2531, 4 
2532, 4 
2533, 4 
2534, 0 
2535, 7 
2536, 7 
2537, 7 
2538, 7 
2539, 7 
2540, 3 
2541, 9 
2542, 9 
2543, 11 
2544, 3 
2545, 3 
2546, 3 
2547, 7 
2548, 7 
2549, 7 
2550, 11 
2551, 7 
2552, 9 
2553, 3 
2554, 13 
2555, 7 
2556, 9 
2557, 9 
2558, 7 
2559, 3 
2560, 4 
2561, 4 
2562, 9 
2563, 3 
2564, 7 
2565, 7 
2566, 7 
2567, 11 
2568, 11 
2569, 10 
2570, 11 
2571, 4 
2572, 1 
2573, 18 
2574, 18 
2575, 18 
2576, 18 
2577, 9 
2578, 4 
2579, 4 
2580, 3 
2581, 20 
2582, 2 
2583, 7 
2584, 4 
2585, 2 
2586, 13 
2587, 8 
2588, 3 
2589, 9 
2590, 18 
2591, 8 
2592, 13 
2593, 3 
2594, 18 
2595, 8 
2596, 10 
2597, 10 
2598, 4 
2599, 4 
2600, 7 
2601, 18 
2602, 18 
2603, 8 
2604, 9 
2605, 10 
2606, 3 
2607, 3 
2608, 2 
2609, 11 
2610, 11 
2611, 11 
2612, 11 
2613, 7 
2614, 11 
2615, 11 
2616, 11 
2617, 7 
2618, 7 
2619, 7 
2620, 8 
2621, 4 
2622, 2 
2623, 0 
2624, 0 
2625, 0 
2626, 3 
2627, 4 
2628, 2 
2629, 13 
2630, 8 
2631, 7 
2632, 4 
2633, 4 
2634, 4 
2635, 4 
2636, 13 
2637, 2 
2638, 10 
2639, 10 
2640, 7 
2641, 7 
2642, 7 
2643, 3 
2644, 9 
2645, 18 
2646, 18 
2647, 10 
2648, 10 
2649, 9 
2650, 6 
2651, 4 
2652, 11 
2653, 4 
2654, 4 
2655, 3 
2656, 4 
2657, 4 
2658, 4 
2659, 3 
2660, 2 
2661, 4 
2662, 4 
2663, 7 
2664, 7 
2665, 7 
2666, 7 
2667, 7 
2668, 7 
2669, 7 
2670, 7 
2671, 7 
2672, 11 
2673, 2 
2674, 7 
2675, 7 
2676, 2 
2677, 7 
2678, 4 
2679, 4 
2680, 4 
2681, 3 
2682, 3 
2683, 12 
2684, 3 
2685, 11 
2686, 13 
2687, 7 
2690, 0 
2691, 10 
2692, 10 
2693, 3 
2694, 3 
2695, 3 
2696, 0 
2697, 9 
2698, 9 
2699, 6 
2700, 3 
2701, 8 
2702, 7 
2703, 9 
2704, 9 
2705, 9 
2706, 7 
2707, 3 
2708, 4 
2709, 3 
2710, 3 
2711, 3 
2712, 4 
2713, 4 
2714, 10 
2715, 10 
2716, 10 
2717, 3 
2718, 0 
2719, 3 
2720, 3 
2721, 3 
2722, 3 
2723, 20 
2724, 2 
2725, 0 
2726, 8 
2727, 11 
2728, 18 
2729, 7 
2730, 3 
2731, 3 
2732, 13 
2733, 7 
2734, 18 
2735, 11 
2736, 7 
2737, 7 
2738, 0 
2739, 18 
2740, 18 
2741, 18 
2742, 11 
2743, 7 
2744, 8 
2745, 11 
2746, 3 
2747, 13 
2748, 10 
2749, 10 
2750, 10 
2751, 10 
2752, 10 
2753, 7 
2754, 7 
2755, 7 
2756, 7 
2757, 0 
2758, 3 
2759, 11 
2760, 18 
2761, 18 
2762, 4 
2763, 4 
2764, 18 
2765, 4 
2766, 10 
2767, 10 
2768, 10 
2769, 10 
2770, 10 
2771, 10 
2772, 18 
2773, 4 
2774, 7 
2775, 9 
2776, 7 
2777, 4 
2778, 10 
2779, 10 
2780, 10 
2781, 13 
2782, 9 
2783, 11 
2784, 13 
2785, 3 
2786, 3 
2787, 7 
2788, 18 
2789, 3 
2790, 7 
2791, 7 
2792, 7 
2793, 4 
2794, 20 
2795, 3 
2796, 3 
2797, 18 
2798, 9 
2799, 9 
2800, 9 
2801, 18 
2802, 18 
2803, 4 
2804, 2 
2805, 11 
2806, 11 
2807, 10 
2808, 10 
2809, 10 
2810, 4 
2811, 4 
2812, 0 
2813, 0 
2814, 11 
2815, 18 
2816, 12 
2817, 3 
2818, 4 
2819, 4 
2820, 3 
2821, 0 
2822, 9 
2823, 9 
2824, 18 
2825, 18 
2826, 18 
2827, 9 
2828, 4 
2829, 7 
2830, 7 
2831, 7 
2832, 7 
2833, 10 
2834, 10 
2835, 10 
2836, 11 
2837, 9 
2838, 10 
2839, 10 
2840, 10 
2841, 10 
2842, 3 
2843, 4 
2844, 11 
2845, 2 
2846, 7 
2847, 7 
2848, 4 
2849, 4 
2850, 13 
2851, 18 
2852, 13 
2853, 9 
2854, 9 
2855, 3 
2856, 3 
2857, 3 
2858, 3 
2859, 18 
2860, 18 
2861, 18 
2862, 0 
2863, 0 
2864, 9 
2865, 9 
2866, 9 
2867, 7 
2868, 7 
2869, 4 
2870, 4 
2871, 18 
2872, 18 
2873, 18 
2874, 4 
2875, 9 
2876, 3 
2877, 3 
2878, 3 
2879, 3 
2880, 3 
2881, 18 
2882, 7 
2883, 3 
2884, 3 
2885, 7 
2886, 3 
2887, 18 
2888, 18 
2889, 7 
2890, 4 
2891, 18 
2892, 4 
2893, 4 
2894, 0 
2895, 0 
2896, 3 
2897, 3 
2898, 9 
2899, 18 
2900, 3 
2901, 3 
2902, 18 
2903, 3 
2904, 3 
2905, 3 
2906, 7 
2907, 3 
2908, 10 
2909, 10 
2910, 9 
2911, 11 
2912, 3 
2913, 7 
2914, 3 
2915, 3 
2916, 4 
2917, 3 
2918, 11 
2919, 11 
2920, 7 
2921, 7 
2922, 18 
2923, 7 
2924, 7 
2925, 8 
2926, 9 
2927, 10 
2928, 11 
2929, 11 
2930, 11 
2931, 11 
2932, 11 
2933, 11 
2934, 7 
2935, 7 
2936, 7 
2937, 4 
2938, 0 
2939, 11 
2940, 13 
2941, 7 
2942, 11 
2943, 11 
2944, 11 
2945, 11 
2946, 11 
2947, 11 
2948, 4 
2949, 4 
2950, 9 
2951, 14 
2952, 3 
2953, 3 
2954, 7 
2955, 7 
2956, 7 
2957, 7 
2958, 7 
2959, 4 
2960, 4 
2961, 9 
2962, 3 
2963, 3 
2964, 7 
2965, 2 
2966, 2 
2967, 9 
2968, 11 
2969, 10 
2970, 10 
2971, 11 
2972, 11 
2973, 10 
2974, 3 
2975, 3 
2976, 9 
2977, 2 
2978, 2 
2979, 11 
2980, 11 
2981, 11 
2982, 11 
2983, 11 
2984, 11 
2985, 11 
2986, 11 
2987, 11 
2988, 0 
2989, 0 
2990, 0 
2991, 3 
2992, 7 
2993, 3 
2994, 11 
2995, 11 
2996, 11 
2997, 10 
2998, 7 
2999, 7 
3000, 7 
3001, 12 
3002, 0 
3003, 7 
3004, 7 
3005, 7 
3006, 7 
3007, 7 
3008, 7 
3009, 11 
3010, 11 
3011, 13 
3012, 18 
3013, 7 
3014, 4 
3015, 4 
3016, 9 
3017, 7 
3018, 7 
3019, 7 
3020, 7 
3021, 4 
3022, 4 
3023, 10 
3024, 3 
3025, 3 
3026, 3 
3027, 4 
3028, 4 
3029, 7 
3030, 7 
3031, 7 
3032, 8 
3033, 9 
3034, 4 
3035, 0 
3036, 0 
3037, 11 
3038, 0 
3039, 11 
3040, 3 
3041, 0 
3042, 0 
3043, 4 
3044, 0 
3045, 0 
3046, 10 
3047, 10 
3048, 7 
3049, 7 
3050, 12 
3051, 11 
3052, 3 
3053, 18 
3054, 18 
3055, 4 
3056, 3 
3057, 10 
3058, 9 
3059, 4 
3060, 9 
3061, 10 
3062, 8 
3063, 11 
3064, 11 
3065, 11 
3066, 11 
3067, 4 
3068, 9 
3069, 2 
3070, 4 
3071, 4 
3072, 2 
3073, 18 
3074, 18 
3075, 10 
3076, 7 
3077, 11 
3078, 11 
3079, 4 
3080, 4 
3081, 10 
3082, 7 
3083, 9 
3084, 9 
3085, 9 
3086, 9 
3087, 8 
3088, 4 
3089, 7 
3090, 7 
3091, 7 
3092, 7 
3093, 4 
3094, 3 
3095, 3 
3096, 3 
3097, 3 
3098, 0 
3099, 10 
3100, 11 
3101, 11 
3102, 11 
3103, 11 
3104, 11 
3105, 3 
3106, 11 
3107, 11 
3108, 8 
3109, 8 
3110, 8 
3111, 9 
3112, 4 
3113, 4 
3114, 3 
3115, 11 
3116, 11 
3117, 4 
3118, 2 
3119, 4 
3120, 4 
3121, 10 
3122, 10 
3123, 10 
3124, 10 
3125, 14 
3126, 4 
3127, 4 
3128, 9 
3129, 0 
3130, 7 
3131, 7 
3132, 7 
3133, 7 
3134, 7 
3135, 7 
3136, 3 
3137, 3 
3138, 2 
3139, 4 
3140, 9 
3141, 9 
3142, 3 
3143, 3 
3144, 11 
3145, 10 
3146, 10 
3147, 10 
3148, 10 
3149, 10 
3150, 10 
3151, 10 
3152, 2 
3153, 10 
3154, 10 
3155, 10 
3156, 10 
3157, 9 
3158, 11 
3159, 3 
3160, 3 
3161, 6 
3162, 7 
3163, 7 
3164, 18 
3165, 18 
3166, 18 
3167, 3 
3168, 11 
3169, 11 
3170, 11 
3171, 10 
3172, 10 
3173, 10 
3174, 2 
3175, 4 
3176, 7 
3177, 7 
3178, 7 
3179, 7 
3180, 8 
3181, 18 
3182, 18 
3183, 11 
3184, 9 
3185, 11 
3186, 11 
3187, 0 
3188, 10 
3189, 10 
3190, 11 
3191, 11 
3192, 10 
3193, 10 
3194, 10 
3195, 4 
3196, 4 
3197, 4 
3198, 4 
3199, 10 
3200, 9 
3201, 11 
3202, 11 
3203, 8 
3204, 11 
3205, 18 
3206, 3 
3207, 3 
3208, 18 
3209, 18 
3210, 18 
3211, 9 
3212, 9 
3213, 8 
3214, 9 
3215, 9 
3216, 9 
3217, 9 
3218, 11 
3219, 11 
3220, 11 
3221, 20 
3222, 3 
3223, 9 
3224, 11 
3225, 11 
3226, 3 
3227, 3 
3228, 3 
3229, 7 
3230, 11 
3231, 11 
3232, 3 
3233, 3 
3234, 7 
3235, 7 
3236, 7 
3237, 11 
3238, 3 
3239, 3 
3240, 2 
3241, 11 
3242, 18 
3243, 18 
3244, 18 
3245, 18 
3246, 7 
3247, 7 
3248, 11 
3249, 7 
3250, 4 
3251, 18 
3252, 18 
3253, 13 
3254, 9 
3255, 11 
3256, 3 
3257, 3 
3258, 11 
3259, 11 
3260, 11 
3261, 11 
3262, 2 
3263, 2 
3264, 9 
3265, 7 
3266, 7 
3267, 4 
3268, 11 
3269, 11 
3270, 11 
3271, 11 
3272, 11 
3273, 11 
3274, 0 
3275, 9 
3276, 9 
3277, 18 
3278, 7 
3279, 7 
3280, 7 
3281, 4 
3282, 2 
3283, 2 
3284, 7 
3285, 11 
3286, 4 
3287, 4 
3288, 9 
3289, 18 
3290, 7 
3291, 7 
3292, 20 
3293, 4 
3294, 6 
3295, 18 
3296, 3 
3297, 3 
3298, 9 
3299, 9 
3300, 4 
3301, 18 
3302, 10 
3303, 4 
3304, 1 
3305, 7 
3306, 4 
3307, 4 
3308, 4 
3309, 1 
3310, 11 
3311, 4 
3312, 4 
3313, 9 
3314, 9 
3315, 9 
3316, 7 
3317, 7 
3318, 4 
3319, 4 
3320, 4 
3321, 7 
3322, 7 
3323, 2 
3324, 3 
3325, 3 
3326, 3 
3327, 3 
3328, 3 
3329, 10 
3330, 10 
3331, 4 
3332, 4 
3333, 2 
3334, 2 
3335, 2 
3336, 18 
3337, 7 
3338, 7 
3339, 18 
3340, 18 
3341, 9 
3342, 11 
3343, 11 
3344, 3 
3345, 3 
3346, 9 
3347, 3 
3348, 11 
3349, 11 
3350, 11 
3351, 11 
3352, 11 
3353, 11 
3354, 3 
3355, 18 
3356, 4 
3357, 4 
3358, 11 
3359, 3 
3360, 3 
3361, 4 
3362, 3 
3363, 9 
3364, 20 
3365, 10 
3366, 10 
3367, 11 
3368, 7 
3369, 3 
3370, 3 
3371, 11 
3372, 3 
3373, 4 
3374, 4 
3375, 18 
3376, 3 
3377, 8 
3378, 2 
3379, 9 
3380, 18 
3381, 3 
3382, 0 
3383, 0 
3384, 18 
3385, 11 
3386, 2 
3387, 13 
3388, 3 
3389, 11 
3390, 9 
3391, 4 
3392, 4 
3393, 7 
3394, 7 
3395, 9 
3396, 11 
3397, 11 
3398, 11 
3399, 3 
3400, 20 
3401, 4 
3402, 11 
3403, 18 
3404, 10 
3405, 18 
3406, 11 
3407, 7 
3408, 20 
3409, 8 
3410, 3 
3411, 8 
3412, 18 
3413, 3 
3414, 3 
3415, 3 
3416, 9 
3417, 9 
3418, 9 
3419, 4 
3420, 7 
3421, 4 
3422, 8 
3423, 4 
3424, 4 
3425, 4 
3426, 2 
3427, 10 
3428, 10 
3429, 0 
3430, 3 
3431, 10 
3432, 10 
3433, 10 
3434, 11 
3435, 4 
3436, 7 
3437, 7 
3438, 7 
3439, 7 
3440, 10 
3441, 7 
3442, 7 
3443, 3 
3444, 3 
3445, 3 
3446, 3 
3447, 3 
3448, 3 
3449, 8 
3450, 18 
3451, 13 
3452, 8 
3453, 13 
3454, 4 
3455, 8 
3456, 10 
3457, 18 
3458, 7 
3459, 4 
3460, 7 
3461, 3 
3462, 3 
3463, 3 
3464, 9 
3465, 9 
3466, 3 
3467, 3 
3468, 3 
3469, 7 
3470, 7 
3471, 7 
3472, 2 
3473, 18 
3474, 9 
3475, 9 
3476, 9 
3477, 10 
3478, 4 
3479, 4 
3480, 2 
3481, 9 
3482, 4 
3483, 3 
3484, 9 
3485, 11 
3486, 4 
3487, 4 
3488, 4 
3489, 4 
3490, 3 
3491, 11 
3492, 11 
3493, 0 
3494, 0 
3495, 3 
3496, 3 
3497, 3 
3498, 11 
3499, 11 
3500, 4 
3501, 4 
3502, 4 
3503, 18 
3504, 7 
3505, 7 
3506, 2 
3507, 4 
3508, 10 
3509, 10 
3510, 2 
3511, 4 
3512, 4 
3513, 9 
3514, 8 
3515, 7 
3516, 8 
3517, 3 
3518, 3 
3519, 11 
3520, 11 
3521, 11 
3522, 11 
3523, 11 
3524, 11 
3525, 3 
3526, 3 
3527, 3 
3528, 3 
3529, 10 
3530, 18 
3531, 11 
3532, 11 
3533, 4 
3534, 4 
3535, 7 
3536, 18 
3537, 2 
3538, 4 
3539, 9 
3540, 7 
3541, 7 
3542, 9 
3543, 9 
3544, 2 
3545, 4 
3546, 8 
3547, 7 
3548, 11 
3549, 11 
3550, 4 
3551, 4 
3552, 2 
3553, 4 
3554, 7 
3555, 1 
3556, 18 
3557, 18 
3558, 8 
3559, 8 
3560, 4 
3561, 3 
3562, 3 
3563, 4 
3564, 4 
3565, 7 
3566, 7 
3567, 0 
3568, 7 
3569, 2 
3570, 7 
3571, 7 
3572, 7 
3573, 3 
3574, 7 
3575, 11 
3576, 3 
3577, 11 
3578, 11 
3579, 11 
3580, 11 
3581, 9 
3582, 4 
3583, 3 
3584, 16 
3585, 0 
3586, 0 
3587, 0 
3588, 11 
3589, 10 
3590, 11 
3591, 11 
3592, 10 
3593, 20 
3594, 11 
3595, 11 
3596, 10 
3597, 10 
3598, 18 
3599, 9 
3600, 9 
3601, 7 
3602, 13 
3603, 4 
3604, 4 
3605, 10 
3606, 13 
3607, 11 
3608, 18 
3609, 11 
3610, 4 
3611, 4 
3612, 3 
3613, 11 
3614, 3 
3615, 7 
3616, 3 
3617, 4 
3618, 2 
3619, 2 
3620, 2 
3621, 4 
3622, 4 
3623, 7 
3624, 7 
3625, 7 
3626, 7 
3627, 2 
3628, 7 
3629, 7 
3630, 1 
3631, 13 
3632, 9 
3633, 11 
3634, 0 
3635, 0 
3636, 0 
3637, 0 
3638, 0 
3639, 0 
3640, 3 
3641, 3 
3642, 2 
3643, 20 
3644, 18 
3645, 18 
3646, 18 
3647, 8 
3648, 2 
3649, 4 
3650, 0 
3651, 0 
3652, 11 
3653, 11 
3654, 4 
3655, 4 
3656, 4 
3657, 3 
3658, 8 
3659, 3 
3660, 3 
3661, 3 
3662, 7 
3663, 3 
3664, 7 
3665, 10 
3666, 10 
3667, 10 
3668, 2 
3669, 9 
3670, 8 
3671, 4 
3672, 4 
3673, 3 
3674, 3 
3675, 4 
3676, 9 
3677, 11 
3678, 4 
3679, 3 
3680, 18 
3681, 18 
3682, 18 
3683, 11 
3684, 11 
3685, 11 
3686, 11 
3687, 11 
3688, 3 
3689, 3 
3690, 4 
3691, 4 
3692, 11 
3693, 11 
3694, 13 
3695, 11 
3696, 3 
3697, 4 
3698, 4 
3699, 4 
3700, 4 
3701, 4 
3702, 10 
3703, 10 
3704, 10 
3705, 11 
3706, 9 
3707, 7 
3708, 7 
3709, 7 
3710, 7 
3711, 4 
3712, 4 
3713, 4 
3714, 4 
3715, 4 
3716, 3 
3717, 11 
3718, 11 
3719, 10 
3720, 8 
3721, 18 
3722, 4 
3723, 7 
3724, 7 
3725, 7 
3726, 11 
3727, 11 
3728, 8 
3729, 10 
3730, 10 
3731, 10 
3732, 10 
3733, 10 
3734, 11 
3735, 13 
3736, 2 
3737, 4 
3738, 11 
3739, 11 
3740, 4 
3741, 9 
3742, 9 
3743, 9 
3744, 11 
3745, 3 
3746, 3 
3747, 18 
3748, 3 
3749, 8 
3750, 11 
3751, 7 
3752, 10 
3753, 0 
3754, 7 
3755, 7 
3756, 7 
3757, 7 
3758, 13 
3759, 4 
3760, 4 
3761, 4 
3762, 4 
3763, 9 
3764, 18 
3765, 18 
3766, 7 
3767, 7 
3768, 10 
3769, 4 
3770, 4 
3771, 7 
3772, 7 
3773, 2 
3774, 18 
3775, 18 
3776, 4 
3777, 7 
3778, 18 
3779, 2 
3780, 7 
3781, 4 
3782, 4 
3783, 4 
3784, 4 
3785, 4 
3786, 11 
3787, 11 
3788, 11 
3789, 0 
3790, 10 
3791, 10 
3792, 11 
3793, 3 
3794, 3 
3795, 7 
3796, 7 
3797, 7 
3798, 7 
3799, 7 
3800, 7 
3801, 4 
3802, 4 
3803, 9 
3804, 9 
3805, 9 
3806, 4 
3807, 4 
3808, 4 
3809, 18 
3810, 10 
3811, 10 
3812, 3 
3813, 3 
3814, 3 
3815, 3 
3816, 11 
3817, 11 
3818, 11 
3819, 11 
3820, 11 
3821, 3 
3822, 4 
3823, 7 
3824, 7 
3825, 20 
3826, 9 
3827, 10 
3828, 10 
3829, 2 
3830, 7 
3831, 10 
3832, 10 
3833, 10 
3834, 18 
3835, 18 
3836, 6 
3837, 4 
3838, 4 
3839, 11 
3840, 8 
3841, 8 
3842, 13 
3843, 4 
3844, 8 
3845, 2 
3846, 3 
3847, 3 
3848, 11 
3849, 8 
3850, 4 
3851, 2 
3852, 11 
3853, 7 
3854, 11 
3855, 11 
3856, 7 
3857, 7 
3858, 18 
3859, 18 
3860, 11 
3861, 11 
3862, 12 
3863, 3 
3864, 2 
3865, 9 
3866, 3 
3867, 9 
3868, 9 
3869, 9 
3870, 10 
3871, 18 
3872, 18 
3873, 4 
3874, 4 
3875, 4 
3876, 7 
3877, 10 
3878, 0 
3879, 0 
3880, 18 
3881, 18 
3882, 3 
3883, 3 
3884, 3 
3885, 3 
3886, 2 
3887, 7 
3888, 11 
3889, 11 
3890, 11 
3891, 11 
3892, 11 
3893, 11 
3894, 9 
3895, 4 
3896, 10 
3897, 10 
3898, 7 
3899, 7 
3900, 7 
3901, 7 
3902, 7 
3903, 7 
3904, 0 
3905, 4 
3906, 1 
3907, 18 
3908, 2 
3909, 4 
3910, 2 
3911, 7 
3912, 11 
3913, 3 
3914, 3 
3915, 4 
3916, 11 
3917, 11 
3918, 11 
3919, 4 
3920, 4 
3921, 4 
3922, 4 
3923, 7 
3924, 9 
3925, 4 
3926, 7 
3927, 10 
3928, 10 
3929, 18 
3930, 18 
3931, 9 
3932, 2 
3933, 8 
3934, 11 
3935, 3 
3936, 10 
3937, 10 
3938, 4 
3939, 4 
3940, 18 
3941, 3 
3942, 4 
3943, 4 
3944, 11 
3945, 9 
3946, 11 
3947, 11 
3948, 11 
3949, 4 
3950, 3 
3951, 11 
3952, 18 
3953, 4 
3954, 18 
3955, 4 
3956, 11 
3957, 11 
3958, 11 
3959, 8 
3960, 18 
3961, 2 
3962, 4 
3963, 13 
3964, 13 
3965, 3 
3966, 4 
3967, 3 
3968, 7 
3969, 18 
3970, 3 
3971, 3 
3972, 3 
3973, 3 
3974, 3 
3975, 3 
3976, 3 
3977, 3 
3978, 11 
3979, 4 
3980, 18 
3981, 4 
3982, 4 
3983, 9 
3984, 11 
3985, 4 
3986, 3 
3987, 0 
3988, 0 
3989, 0 
3990, 11 
3991, 8 
3992, 10 
3993, 10 
3994, 4 
3995, 4 
3996, 18 
3997, 10 
3998, 10 
3999, 10 
4000, 10 
4001, 10 
4002, 10 
4003, 10 
4004, 7 
4005, 10 
4006, 11 
4007, 10 
4008, 11 
4009, 10 
4010, 2 
4011, 2 
4012, 9 
4013, 7 
4014, 7 
4015, 7 
4016, 7 
4017, 10 
4018, 7 
4019, 7 
4020, 7 
4021, 3 
4022, 8 
4023, 8 
4024, 3 
4025, 16 
4026, 3 
4027, 3 
4028, 9 
4029, 9 
4030, 9 
4031, 11 
4032, 8 
4033, 9 
4034, 9 
4035, 8 
4036, 9 
4037, 2 
4038, 10 
4039, 10 
4040, 10 
4041, 7 
4042, 4 
4043, 10 
4044, 10 
4045, 10 
4046, 10 
4047, 10 
4048, 10 
4049, 10 
4050, 10 
4051, 2 
4052, 4 
4053, 3 
4054, 3 
4055, 9 
4056, 9 
4057, 11 
4058, 11 
4059, 11 
4060, 11 
4061, 11 
4062, 11 
4063, 11 
4064, 11 
4065, 18 
4066, 18 
4067, 9 
4068, 11 
4069, 11 
4070, 18 
4071, 7 
4072, 7 
4073, 2 
4074, 2 
4075, 10 
4076, 0 
4077, 11 
4078, 7 
4079, 7 
4080, 4 
4081, 3 
4082, 0 
4083, 0 
4084, 0 
4085, 9 
4086, 9 
4087, 3 
4088, 3 
4089, 9 
4090, 2 
4091, 4 
4092, 4 
4093, 9 
4094, 3 
4095, 9 
4096, 9 
4097, 11 
4098, 11 
4099, 11 
4100, 11 
4101, 2 
4102, 11 
4103, 11 
4104, 11 
4105, 11 
4106, 4 
4107, 11 
4108, 0 
4109, 4 
4110, 7 
4111, 7 
4112, 18 
4113, 13 
4114, 3 
4116, 4 
4117, 7 
4118, 7 
4119, 7 
4120, 11 
4121, 11 
4122, 11 
4123, 9 
4124, 9 
4125, 9 
4126, 10 
4127, 7 
4128, 7 
4129, 4 
4130, 18 
4131, 18 
4132, 3 
4133, 4 
4134, 3 
4135, 7 
4136, 11 
4137, 2 
4138, 11 
4139, 7 
4140, 9 
4141, 11 
4142, 11 
4143, 11 
4144, 3 
4145, 3 
4146, 4 
4147, 8 
4148, 18 
4149, 10 
4150, 9 
4151, 4 
4152, 10 
4153, 10 
4154, 11 
4155, 11 
4156, 11 
4157, 11 
4158, 7 
4159, 11 
4160, 11 
4161, 3 
4162, 3 
4163, 20 
4164, 11 
4165, 3 
4166, 3 
4167, 11 
4168, 11 
4169, 3 
4170, 3 
4171, 3 
4172, 3 
4173, 3 
4174, 2 
4175, 3 
4176, 3 
4177, 3 
4178, 3 
4179, 18 
4180, 7 
4181, 9 
4182, 9 
4183, 3 
4184, 3 
4185, 18 
4186, 10 
4187, 10 
4188, 11 
4189, 11 
4190, 3 
4191, 3 
4192, 11 
4193, 0 
4194, 0 
4195, 0 
4196, 0 
4197, 0 
4198, 0 
4199, 0 
4200, 0 
4201, 8 
4202, 3 
4203, 18 
4204, 0 
4205, 0 
4206, 2 
4207, 8 
4208, 18 
4209, 11 
4210, 11 
4211, 7 
4212, 7 
4213, 7 
4214, 7 
4215, 0 
4216, 0 
4217, 7 
4218, 7 
4219, 2 
4220, 4 
4221, 4 
4222, 18 
4223, 18 
4224, 11 
4225, 3 
4226, 9 
4227, 2 
4228, 4 
4229, 18 
4230, 11 
4231, 11 
4232, 9 
4233, 0 
4234, 3 
4235, 4 
4236, 9 
4237, 7 
4238, 10 
4239, 3 
4240, 3 
4241, 3 
4242, 3 
4243, 4 
4244, 11 
4245, 9 
4246, 11 
4247, 3 
4248, 3 
4249, 0 
4250, 0 
4251, 0 
4252, 0 
4253, 4 
4254, 4 
4255, 4 
4256, 4 
4257, 4 
4258, 3 
4259, 3 
4260, 0 
4261, 3 
4262, 2 
4263, 4 
4264, 4 
4265, 18 
4266, 18 
4267, 7 
4268, 9 
4269, 11 
4270, 9 
4271, 3 
4272, 11 
4273, 3 
4274, 20 
4275, 9 
4276, 11 
4277, 11 
4278, 11 
4279, 2 
4280, 2 
4281, 0 
4282, 4 
4283, 9 
4284, 18 
4285, 2 
4286, 2 
4287, 9 
4288, 10 
4289, 11 
4290, 11 
4291, 4 
4292, 3 
4293, 4 
4294, 4 
4295, 8 
4296, 11 
4297, 8 
4298, 3 
4299, 10 
4300, 10 
4301, 11 
4302, 18 
4303, 11 
4304, 11 
4305, 11 
4306, 11 
4307, 9 
4308, 3 
4309, 9 
4310, 7 
4311, 11 
4312, 11 
4313, 18 
4314, 18 
4315, 9 
4316, 11 
4317, 11 
4318, 11 
4319, 7 
4320, 11 
4321, 11 
4322, 8 
4323, 11 
4324, 9 
4325, 2 
4326, 18 
4327, 4 
4328, 9 
4329, 3 
4330, 3 
4331, 4 
4332, 4 
4333, 3 
4334, 11 
4335, 18 
4336, 9 
4337, 7 
4338, 7 
4339, 3 
4340, 3 
4341, 4 
4342, 4 
4343, 4 
4344, 9 
4345, 2 
4346, 18 
4347, 7 
4348, 4 
4349, 10 
4350, 10 
4351, 7 
4352, 10 
4353, 10 
4354, 4 
4355, 13 
4356, 13 
4357, 18 
4358, 9 
4359, 9 
4360, 4 
4361, 3 
4362, 11 
4363, 3 
4364, 3 
4365, 4 
4366, 11 
4367, 18 
4368, 0 
4369, 0 
4370, 0 
4371, 3 
4372, 9 
4373, 9 
4374, 9 
4375, 11 
4376, 9 
4377, 7 
4378, 3 
4379, 20 
4380, 3 
4381, 3 
4382, 4 
4383, 2 
4384, 11 
4385, 7 
4386, 7 
4387, 18 
4388, 7 
4389, 2 
4390, 11 
4391, 11 
4392, 11 
4393, 11 
4394, 9 
4395, 0 
4396, 9 
4397, 9 
4398, 20 
4399, 3 
4400, 20 
4401, 2 
4402, 4 
4403, 18 
4404, 7 
4405, 4 
4406, 9 
4407, 3 
4408, 4 
4409, 4 
4410, 2 
4411, 9 
4412, 3 
4413, 3 
4414, 4 
4415, 4 
4416, 4 
4417, 9 
4418, 4 
4419, 7 
4420, 9 
4421, 3 
4422, 9 
4423, 11 
4424, 11 
4425, 11 
4426, 7 
4427, 7 
4428, 7 
4429, 7 
4430, 11 
4431, 11 
4432, 4 
4433, 11 
4434, 4 
4435, 8 
4436, 3 
4437, 3 
4438, 11 
4439, 9 
4440, 11 
4441, 18 
4442, 18 
4443, 18 
4444, 4 
4445, 4 
4446, 9 
4447, 9 
4448, 9 
4449, 3 
4450, 3 
4451, 9 
4452, 8 
4453, 3 
4454, 0 
4455, 3 
4456, 0 
4457, 11 
4458, 11 
4459, 4 
4460, 11 
4461, 11 
4462, 11 
4463, 4 
4464, 4 
4465, 4 
4466, 7 
4467, 7 
4468, 7 
4469, 7 
4470, 7 
4471, 0 
4472, 0 
4473, 0 
4474, 0 
4475, 4 
4476, 3 
4477, 3 
4478, 11 
4479, 3 
4480, 3 
4481, 3 
4482, 3 
4483, 13 
4484, 4 
4485, 4 
4486, 9 
4487, 11 
4488, 11 
4489, 11 
4490, 4 
4491, 4 
4492, 4 
4493, 4 
4494, 9 
4495, 10 
4496, 10 
4497, 10 
4498, 18 
4499, 11 
4500, 7 
4501, 7 
4502, 11 
4503, 0 
4504, 9 
4505, 9 
4506, 2 
4507, 9 
4508, 18 
4509, 20 
4510, 7 
4511, 7 
4512, 7 
4513, 7 
4514, 11 
4515, 10 
4516, 2 
4517, 0 
4518, 3 
4519, 2 
4520, 4 
4521, 18 
4522, 11 
4523, 4 
4524, 2 
4526, 3 
4527, 7 
4528, 7 
4529, 7 
4530, 11 
4531, 0 
4532, 4 
4533, 2 
4534, 10 
4535, 11 
4536, 7 
4537, 7 
4538, 3 
4539, 4 
4540, 4 
4541, 11 
4542, 9 
4543, 9 
4544, 11 
4545, 11 
4546, 11 
4547, 11 
4548, 4 
4549, 11 
4550, 11 
4551, 11 
4552, 11 
4553, 0 
4554, 0 
4555, 11 
4556, 3 
4557, 3 
4558, 7 
4559, 7 
4560, 3 
4561, 3 
4562, 7 
4563, 3 
4564, 9 
4565, 9 
4566, 4 
4567, 4 
4568, 2 
4569, 4 
4570, 9 
4571, 4 
4572, 9 
4573, 4 
4574, 9 
4575, 9 
4576, 11 
4577, 10 
4578, 10 
4579, 10 
4580, 4 
4581, 4 
4582, 4 
4583, 4 
4584, 4 
4585, 4 
4586, 4 
4587, 11 
4588, 11 
4589, 4 
4590, 9 
4591, 9 
4592, 9 
4593, 9 
4594, 18 
4595, 11 
4596, 8 
4597, 3 
4598, 0 
4599, 7 
4600, 7 
4601, 18 
4602, 4 
4603, 4 
4604, 4 
4605, 4 
4606, 4 
4607, 4 
4608, 3 
4609, 7 
4610, 7 
4611, 11 
4612, 11 
4613, 3 
4614, 10 
4615, 10 
4616, 10 
4617, 7 
4618, 4 
4619, 4 
4620, 7 
4621, 7 
4622, 3 
4623, 3 
4624, 3 
4625, 4 
4626, 4 
4627, 18 
4628, 3 
4629, 3 
4630, 3 
4631, 18 
4632, 4 
4633, 9 
4634, 9 
4635, 9 
4636, 3 
4637, 3 
4638, 2 
4639, 2 
4640, 3 
4641, 3 
4642, 3 
4643, 3 
4644, 3 
4645, 3 
4646, 3 
4647, 3 
4648, 3 
4649, 3 
4650, 3 
4651, 3 
4652, 2 
4653, 4 
4654, 10 
4655, 18 
4656, 18 
4657, 4 
4658, 4 
4659, 4 
4660, 4 
4661, 4 
4662, 11 
4663, 2 
4664, 4 
4665, 7 
4666, 7 
4667, 9 
4668, 4 
4669, 11 
4670, 18 
4671, 2 
4672, 7 
4673, 7 
4674, 7 
4675, 3 
4676, 9 
4677, 9 
4678, 18 
4679, 2 
4680, 9 
4681, 7 
4682, 2 
4683, 4 
4684, 2 
4685, 11 
4686, 11 
4687, 11 
4688, 0 
4689, 0 
4690, 8 
4691, 11 
4692, 4 
4693, 4 
4694, 4 
4695, 10 
4696, 10 
4697, 10 
4698, 0 
4699, 9 
4700, 9 
4701, 9 
4702, 9 
4703, 9 
4704, 9 
4705, 9 
4706, 9 
4707, 9 
4708, 0 
4709, 0 
4710, 7 
4711, 3 
4712, 11 
4713, 3 
4714, 3 
4715, 3 
4716, 10 
4717, 10 
4718, 18 
4719, 9 
4720, 3 
4721, 3 
4722, 9 
4723, 10 
4724, 10 
4725, 7 
4726, 18 
4727, 18 
4728, 9 
4729, 0 
4730, 4 
4731, 7 
4732, 7 
4733, 7 
4734, 4 
4735, 4 
4736, 3 
4737, 3 
4738, 3 
4739, 4 
4740, 4 
4741, 2 
4742, 9 
4743, 4 
4744, 18 
4745, 3 
4746, 3 
4747, 3 
4748, 11 
4749, 4 
4750, 3 
4751, 3 
4752, 7 
4753, 7 
4754, 4 
4755, 4 
4756, 11 
4757, 11 
4758, 18 
4759, 9 
4760, 9 
4761, 18 
4762, 2 
4763, 18 
4764, 4 
4765, 4 
4766, 9 
4767, 9 
4768, 11 
4769, 18 
4770, 3 
4771, 3 
4772, 18 
4773, 18 
4774, 3 
4775, 3 
4776, 3 
4777, 3 
4778, 3 
4779, 3 
4780, 3 
4781, 7 
4782, 2 
4783, 2 
4784, 9 
4785, 11 
4786, 7 
4787, 7 
4788, 7 
4789, 7 
4790, 7 
4791, 7 
4792, 10 
4793, 10 
4794, 3 
4795, 4 
4796, 11 
4797, 10 
4798, 7 
4799, 7 
4800, 11 
4801, 8 
4802, 8 
4803, 11 
4804, 3 
4805, 3 
4806, 3 
4807, 11 
4808, 11 
4809, 3 
4810, 0 
4811, 0 
4812, 0 
4813, 4 
4814, 0 
4815, 9 
4816, 11 
4817, 4 
4818, 4 
4819, 4 
4820, 3 
4821, 3 
4822, 4 
4823, 3 
4824, 3 
4825, 3 
4826, 3 
4827, 4 
4828, 4 
4829, 3 
4830, 4 
4831, 8 
4832, 18 
4833, 18 
4834, 11 
4835, 11 
4836, 18 
4837, 10 
4838, 4 
4839, 9 
4840, 7 
4841, 4 
4842, 11 
4843, 7 
4844, 7 
4845, 9 
4846, 4 
4847, 4 
4848, 4 
4849, 11 
4850, 11 
4851, 2 
4852, 9 
4853, 9 
4854, 9 
4855, 10 
4856, 8 
4857, 11 
4858, 3 
4859, 7 
4860, 18 
4861, 18 
4862, 18 
4863, 18 
4864, 7 
4865, 4 
4866, 7 
4867, 7 
4868, 9 
4869, 3 
4870, 3 
4871, 3 
4872, 9 
4873, 9 
4874, 3 
4875, 3 
4876, 13 
4877, 18 
4878, 18 
4879, 2 
4880, 9 
4881, 9 
4882, 9 
4883, 7 
4884, 7 
4885, 7 
4886, 11 
4887, 11 
4888, 11 
4889, 13 
4890, 7 
4891, 7 
4892, 7 
4893, 11 
4894, 9 
4895, 9 
4896, 10 
4897, 18 
4898, 9 
4899, 9 
4900, 11 
4901, 11 
4902, 11 
4903, 18 
4904, 18 
4905, 3 
4906, 9 
4907, 3 
4908, 3 
4909, 10 
4910, 10 
4911, 0 
4912, 7 
4913, 18 
4914, 18 
4915, 11 
4916, 11 
4917, 7 
4918, 4 
4919, 4 
4920, 4 
4921, 3 
4922, 3 
4923, 2 
4924, 3 
4925, 3 
4926, 3 
4927, 3 
4928, 18 
4929, 18 
4930, 11 
4931, 2 
4932, 4 
4933, 3 
4934, 4 
4935, 4 
4936, 4 
4937, 4 
4938, 4 
4939, 4 
4940, 18 
4941, 18 
4942, 11 
4943, 4 
4944, 4 
4945, 4 
4946, 4 
4947, 7 
4948, 7 
4949, 7 
4950, 4 
4951, 18 
4952, 4 
4953, 2 
4954, 18 
4955, 3 
4956, 4 
4957, 4 
4958, 4 
4959, 3 
4960, 4 
4961, 18 
4962, 7 
4963, 7 
4964, 3 
4965, 3 
4966, 10 
4967, 11 
4968, 7 
4969, 9 
4970, 4 
4971, 2 
4972, 18 
4973, 4 
4974, 11 
4975, 3 
4976, 4 
4977, 4 
4978, 4 
4979, 3 
4980, 9 
4981, 11 
4982, 11 
4983, 4 
4984, 4 
4985, 10 
4986, 10 
4987, 10 
4988, 10 
4989, 10 
4990, 4 
4991, 11 
4992, 11 
4993, 9 
4994, 9 
4995, 9 
4996, 9 
4997, 11 
4998, 9 
4999, 9 
5000, 10 
5001, 7 
5002, 9 
5003, 4 
5004, 3 
5005, 3 
5006, 11 
5007, 3 
5008, 9 
5009, 9 
5010, 11 
5011, 11 
5012, 4 
5013, 7 
5014, 13 
5015, 3 
5016, 9 
5017, 4 
5018, 4 
5019, 3 
5020, 7 
5021, 11 
5022, 10 
5023, 10 
5024, 10 
5025, 10 
5026, 3 
5027, 3 
5028, 3 
5029, 10 
5030, 8 
5031, 10 
5032, 3 
5033, 7 
5034, 7 
5035, 7 
5036, 10 
5037, 10 
5038, 10 
5039, 10 
5040, 11 
5041, 11 
5042, 11 
5043, 11 
5044, 11 
5045, 11 
5046, 10 
5047, 10 
5048, 10 
5049, 11 
5050, 3 
5051, 3 
5052, 7 
5053, 7 
5054, 4 
5055, 3 
5056, 4 
5057, 11 
5058, 18 
5059, 2 
5060, 4 
5061, 4 
5062, 3 
5063, 11 
5064, 3 
5065, 9 
5066, 2 
5067, 0 
5068, 11 
5069, 11 
5070, 0 
5071, 4 
5072, 4 
5073, 3 
5074, 10 
5075, 10 
5076, 9 
5077, 13 
5078, 18 
5079, 18 
5080, 18 
5081, 18 
5082, 18 
5083, 18 
5084, 18 
5085, 10 
5086, 9 
5087, 9 
5088, 11 
5089, 11 
5090, 11 
5091, 9 
5092, 10 
5093, 9 
5094, 9 
5095, 9 
5096, 18 
5097, 4 
5098, 4 
5099, 9 
5100, 9 
5101, 0 
5102, 11 
5103, 11 
5104, 3 
5105, 3 
5106, 3 
5107, 3 
5108, 4 
5109, 10 
5110, 10 
5111, 4 
5112, 4 
5113, 4 
5114, 4 
5115, 4 
5116, 4 
5117, 10 
5118, 0 
5119, 4 
5120, 4 
5121, 4 
5122, 4 
5123, 2 
5124, 4 
5125, 2 
5126, 4 
5127, 9 
5128, 11 
5129, 11 
5130, 9 
5131, 9 
5132, 0 
5133, 9 
5134, 11 
5135, 11 
5136, 9 
5137, 11 
5138, 11 
5139, 11 
5140, 11 
5141, 7 
5142, 4 
5143, 7 
5144, 7 
5145, 7 
5146, 7 
5147, 3 
5148, 18 
5149, 4 
5150, 4 
5151, 4 
5152, 7 
5153, 7 
5154, 18 
5155, 11 
5156, 18 
5157, 3 
5158, 3 
5159, 3 
5160, 0 
5161, 0 
5162, 0 
5163, 8 
5165, 18 
5166, 18 
5167, 4 
5168, 3 
5169, 3 
5170, 3 
5171, 11 
5172, 11 
5173, 11 
5174, 2 
5175, 11 
5176, 11 
5177, 9 
5178, 4 
5179, 7 
5180, 4 
5181, 4 
5182, 11 
5183, 11 
5184, 4 
5185, 10 
5186, 4 
5187, 4 
5188, 11 
5189, 11 
5190, 3 
5191, 3 
5192, 7 
5193, 4 
5194, 3 
5195, 3 
5196, 2 
5197, 2 
5198, 3 
5199, 3 
5200, 20 
5201, 4 
5202, 9 
5203, 11 
5204, 3 
5205, 3 
5206, 3 
5207, 3 
5208, 4 
5209, 11 
5210, 7 
5211, 3 
5212, 3 
5213, 3 
5214, 3 
5215, 3 
5216, 10 
5217, 9 
5218, 9 
5219, 9 
5220, 2 
5221, 18 
5222, 4 
5223, 11 
5224, 11 
5225, 4 
5226, 3 
5227, 3 
5228, 3 
5229, 3 
5230, 9 
5231, 9 
5232, 9 
5233, 9 
5234, 3 
5235, 3 
5236, 18 
5237, 10 
5238, 11 
5239, 7 
5240, 7 
5241, 18 
5242, 18 
5243, 3 
5244, 4 
5245, 4 
5246, 9 
5247, 9 
5248, 9 
5249, 9 
5250, 9 
5251, 2 
5252, 3 
5253, 3 
5254, 3 
5255, 3 
5256, 3 
5257, 18 
5258, 11 
5259, 11 
5260, 11 
5261, 4 
5262, 18 
5263, 18 
5264, 11 
5265, 10 
5266, 10 
5267, 10 
5268, 4 
5269, 7 
5270, 4 
5271, 18 
5272, 9 
5273, 11 
5274, 4 
5275, 2 
5276, 2 
5277, 4 
5278, 0 
5279, 0 
5280, 4 
5281, 4 
5282, 2 
5283, 9 
5284, 9 
5285, 7 
5286, 7 
5287, 7 
5288, 7 
5289, 7 
5290, 4 
5291, 18 
5292, 7 
5293, 4 
5294, 11 
5295, 11 
5296, 4 
5297, 4 
5298, 2 
5299, 4 
5300, 9 
5301, 4 
5302, 4 
5303, 13 
5304, 4 
5305, 2 
5306, 4 
5307, 3 
5308, 20 
5309, 2 
5310, 4 
5311, 4 
5312, 4 
5313, 4 
5314, 7 
5315, 7 
5316, 11 
5317, 11 
5318, 10 
5319, 4 
5320, 11 
5322, 7 
5323, 9 
5324, 7 
5325, 3 
5326, 4 
5327, 4 
5328, 0 
5329, 0 
5330, 4 
5331, 9 
5332, 9 
5333, 11 
5334, 9 
5335, 3 
5336, 3 
5337, 4 
5338, 2 
5339, 4 
5340, 11 
5341, 9 
5342, 9 
5343, 4 
5344, 4 
5345, 4 
5346, 4 
5347, 4 
5348, 2 
5349, 4 
5350, 4 
5351, 4 
5352, 4 
5353, 4 
5354, 18 
5355, 9 
5356, 7 
5357, 9 
5358, 11 
5359, 11 
5360, 10 
5361, 10 
5362, 10 
5363, 10 
5364, 9 
5365, 7 
5366, 7 
5367, 7 
5368, 11 
5369, 18 
5370, 7 
5371, 7 
5372, 10 
5373, 10 
5374, 3 
5375, 10 
5376, 10 
5377, 10 
5378, 10 
5379, 10 
5380, 10 
5381, 10 
5382, 4 
5383, 3 
5384, 4 
5385, 9 
5386, 11 
5387, 9 
5388, 9 
5389, 9 
5390, 9 
5391, 11 
5392, 9 
5393, 9 
5394, 9 
5395, 9 
5396, 4 
5397, 4 
5398, 4 
5399, 0 
5400, 11 
5401, 11 
5402, 3 
5403, 3 
5404, 8 
5405, 11 
5406, 11 
5407, 3 
5408, 3 
5409, 3 
5410, 11 
5411, 11 
5412, 18 
5413, 4 
5414, 4 
5415, 4 
5416, 4 
5417, 8 
5418, 9 
5419, 11 
5420, 11 
5421, 9 
5422, 3 
5423, 3 
5424, 11 
5425, 4 
5426, 11 
5427, 11 
5428, 4 
5429, 7 
5430, 7 
5431, 7 
5432, 11 
5433, 11 
5434, 11 
5435, 4 
5436, 11 
5437, 9 
5438, 9 
5439, 9 
5440, 4 
5441, 4 
5442, 9 
5443, 11 
5444, 4 
5445, 7 
5446, 7 
5447, 7 
5448, 7 
5449, 11 
5450, 11 
5451, 11 
5452, 11 
5453, 11 
5454, 11 
5455, 11 
5456, 11 
5457, 11 
5458, 4 
5459, 4 
5460, 4 
5461, 4 
5462, 7 
5463, 0 
5464, 11 
5465, 11 
5466, 3 
5467, 0 
5468, 11 
5469, 11 
5470, 18 
5471, 18 
5472, 18 
5473, 4 
5474, 4 
5475, 3 
5476, 3 
5477, 3 
5478, 3 
5479, 11 
5480, 11 
5481, 11 
5482, 11 
5483, 11 
5484, 11 
5485, 11 
5486, 11 
5487, 18 
5488, 18 
5489, 2 
5490, 4 
5491, 4 
5492, 10 
5493, 3 
5494, 3 
5495, 4 
5496, 4 
5497, 10 
5498, 4 
5499, 4 
5500, 4 
5501, 4 
5502, 4 
5503, 7 
5504, 7 
5505, 3 
5506, 3 
5507, 3 
5508, 3 
5509, 3 
5510, 11 
5511, 3 
5512, 3 
5513, 7 
5514, 7 
5515, 7 
5516, 7 
5517, 7 
5518, 3 
5519, 4 
5520, 4 
5521, 9 
5522, 9 
5523, 20 
5524, 0 
5525, 0 
5526, 0 
5527, 0 
5528, 0 
5529, 4 
5530, 11 
5531, 11 
5532, 11 
5533, 11 
5534, 9 
5535, 18 
5536, 18 
5537, 18 
5538, 4 
5539, 7 
5540, 7 
5541, 2 
5542, 4 
5543, 3 
5544, 18 
5545, 9 
5546, 9 
5547, 11 
5548, 11 
5549, 11 
5550, 11 
5551, 18 
5552, 18 
5553, 0 
5554, 18 
5555, 10 
5556, 10 
5557, 18 
5558, 2 
5559, 4 
5560, 3 
5561, 3 
5562, 3 
5563, 11 
5564, 11 
5565, 11 
5567, 11 
5568, 11 
5569, 11 
5570, 4 
5571, 16 
5572, 7 
5573, 7 
5574, 18 
5575, 10 
5576, 10 
5577, 4 
5578, 4 
5579, 4 
5580, 4 
5581, 4 
5582, 4 
5583, 7 
5584, 4 
5585, 4 
5586, 7 
5587, 9 
5588, 4 
5589, 9 
5590, 3 
5591, 3 
5592, 3 
5593, 3 
5594, 9 
5595, 9 
5596, 9 
5597, 9 
5598, 9 
5599, 4 
5600, 3 
5601, 3 
5602, 3 
5603, 11 
5604, 11 
5605, 11 
5606, 7 
5607, 18 
5608, 11 
5609, 4 
5610, 11 
5611, 3 
5612, 4 
5613, 7 
5614, 3 
5615, 3 
5616, 3 
5617, 18 
5618, 18 
5619, 9 
5620, 3 
5621, 9 
5622, 9 
5623, 2 
5624, 3 
5625, 3 
5626, 4 
5627, 18 
5628, 7 
5629, 4 
5630, 10 
5631, 11 
5632, 11 
5633, 4 
5634, 4 
5635, 7 
5636, 9 
5637, 2 
5638, 2 
5639, 11 
5640, 11 
5641, 11 
5642, 0 
5643, 3 
5644, 11 
5645, 4 
5646, 4 
5647, 11 
5648, 9 
5649, 9 
5650, 9 
5651, 4 
5652, 4 
5653, 3 
5654, 7 
5655, 7 
5656, 11 
5657, 8 
5658, 11 
5659, 3 
5660, 7 
5661, 7 
5662, 7 
5663, 7 
5664, 7 
5665, 3 
5666, 3 
5667, 3 
5668, 11 
5669, 18 
5670, 0 
5671, 7 
5672, 7 
5673, 4 
5674, 4 
5675, 4 
5676, 0 
5677, 4 
5678, 7 
5679, 7 
5680, 7 
5681, 11 
5682, 9 
5683, 9 
5684, 11 
5685, 11 
5686, 4 
5687, 11 
5688, 4 
5689, 11 
5713, 12 
5837, 7 
5838, 7 
6268, 9 
6269, 7 
6270, 9 
6271, 4 
6272, 4 
6273, 4 
6274, 8 
6275, 4 
6276, 2 
6277, 3 
6278, 0 
6279, 18 
6280, 4 
6281, 4 
6282, 7 
6283, 7 
6284, 4 
6285, 4 
6286, 14 
6287, 0 
6288, 10 
6289, 10 
6290, 3 
6291, 3 
6292, 3 
6293, 3 
6294, 10 
6295, 4 
6296, 10 
6297, 10 
6298, 10 
6299, 10 
6300, 0 
6301, 11 
6302, 4 
6303, 18 
6304, 18 
6305, 3 
6306, 3 
6307, 3 
6308, 20 
6309, 0 
6310, 7 
6311, 4 
6312, 9 
6313, 11 
6314, 8 
6315, 9 
6316, 3 
6317, 10 
6318, 10 
6319, 10 
6320, 2 
6321, 4 
6322, 2 
6323, 2 
6324, 7 
6325, 11 
6326, 11 
6327, 11 
6328, 11 
6329, 11 
6330, 11 
6331, 7 
6332, 9 
6333, 9 
6334, 9 
6335, 13 
6336, 9 
6337, 2 
6338, 13 
6339, 7 
6340, 9 
6341, 4 
6342, 2 
6343, 4 
6344, 9 
6345, 2 
6346, 2 
6347, 2 
6348, 2 
6349, 2 
6350, 11 
6351, 18 
6352, 18 
6353, 18 
6354, 7 
6356, 4 
6357, 4 
6358, 4 
6359, 4 
6360, 2 
6361, 4 
6362, 4 
6363, 7 
6364, 4 
6365, 4 
6366, 2 
6367, 18 
6368, 13 
6369, 1 
6370, 11 
6371, 7 
6372, 4 
6373, 7 
6374, 3 
6375, 9 
6376, 0 
6377, 9 
6378, 9 
6379, 9 
6380, 9 
6381, 11 
6382, 11 
6383, 7 
6384, 7 
6385, 7 
6386, 4 
6387, 4 
6388, 4 
6389, 4 
6390, 4 
6391, 2 
6392, 0 
6393, 2 
6394, 4 
6395, 4 
6396, 4 
6397, 4 
6398, 10 
6399, 8 
6400, 7 
6401, 7 
6402, 7 
6403, 7 
6404, 4 
6405, 4 
6406, 2 
6407, 4 
6408, 2 
6409, 9 
6410, 9 
6411, 9 
6412, 9 
6413, 18 
6414, 9 
6415, 7 
6416, 4 
6417, 0 
6418, 2 
6419, 4 
6420, 4 
6421, 4 
6422, 2 
6423, 4 
6424, 4 
6425, 4 
6426, 9 
6427, 9 
6428, 9 
6429, 9 
6430, 9 
6431, 9 
6432, 11 
6433, 4 
6434, 0 
6435, 9 
6436, 9 
6437, 7 
6438, 11 
6439, 9 
6440, 4 
6441, 4 
6442, 4 
6443, 4 
6444, 9 
6445, 4 
6446, 13 
6447, 4 
6448, 9 
6449, 13 
6450, 0 
6451, 0 
6452, 8 
6453, 11 
6454, 11 
6455, 3 
6456, 11 
6457, 18 
6458, 4 
6459, 4 
6460, 11 
6461, 8 
6462, 11 
6463, 11 
6464, 13 
6465, 9 
6466, 18 
6467, 18 
6468, 4 
6469, 4 
6470, 4 
6471, 4 
6472, 3 
6473, 3 
6474, 3 
6475, 11 
6476, 10 
6477, 10 
6478, 0 
6479, 10 
6480, 11 
6481, 4 
6482, 11 
6483, 11 
6484, 18 
6485, 4 
6486, 2 
6487, 4 
6488, 9 
6489, 3 
6490, 3 
6491, 3 
6492, 4 
6493, 3 
6494, 0 
6495, 4 
6496, 4 
6497, 4 
6498, 4 
6499, 18 
6500, 9 
6501, 9 
6502, 2 
6503, 4 
6504, 2 
6505, 4 
6506, 4 
6507, 9 
6508, 4 
6509, 11 
6510, 11 
6511, 3 
6512, 4 
6513, 4 
6514, 0 
6515, 3 
6516, 3 
6517, 4 
6518, 4 
6519, 10 
6520, 10 
6521, 10 
6522, 10 
6523, 0 
6524, 3 
6525, 3 
6526, 0 
6527, 11 
6528, 11 
6529, 0 
6530, 0 
6531, 0 
6532, 0 
6533, 0 
6534, 0 
6535, 3 
6536, 3 
6537, 3 
6538, 11 
6539, 3 
6540, 3 
6541, 0 
6542, 0 
6543, 0 
6544, 0 
6545, 0 
6546, 0 
6547, 4 
6548, 2 
6549, 4 
6550, 4 
6551, 18 
6552, 18 
6553, 4 
6554, 18 
6555, 3 
6556, 3 
6557, 3 
6558, 2 
6559, 8 
6560, 11 
6561, 9 
6562, 11 
6563, 9 
6564, 9 
6565, 9 
6566, 9 
6567, 11 
6568, 10 
6569, 10 
6570, 10 
6571, 10 
6572, 10 
6573, 0 
6574, 0 
6575, 0 
6576, 0 
6577, 0 
6578, 0 
6579, 10 
6580, 3 
6581, 11 
6582, 18 
6583, 9 
6584, 9 
6585, 9 
6586, 11 
6587, 0 
6588, 0 
6589, 4 
6590, 9 
6591, 4 
6592, 18 
6593, 18 
6594, 11 
6595, 11 
6596, 9 
6597, 2 
6598, 18 
6599, 7 
6600, 3 
6601, 3 
6602, 4 
6603, 18 
6604, 7 
6605, 18 
6606, 9 
6607, 9 
6608, 9 
6609, 9 
6610, 18 
6611, 18 
6612, 8 
6613, 11 
6614, 11 
6615, 11 
6616, 9 
6617, 11 
6618, 7 
6619, 7 
6620, 7 
6621, 8 
6622, 7 
6623, 11 
6624, 7 
6625, 10 
6626, 11 
6627, 11 
6628, 0 
6629, 18 
6630, 18 
6631, 18 
6632, 18 
6633, 18 
6634, 18 
6635, 2 
6636, 18 
6637, 7 
6638, 18 
6639, 18 
6640, 9 
6641, 9 
6642, 18 
6643, 2 
6644, 2 
6645, 7 
6646, 4 
6647, 7 
6648, 11 
6649, 4 
6650, 4 
6651, 4 
6652, 4 
6653, 2 
6654, 4 
6655, 4 
6656, 9 
6657, 9 
6658, 9 
6659, 9 
6660, 7 
6661, 18 
6662, 11 
6663, 11 
6664, 7 
6665, 7 
6666, 11 
6667, 11 
6668, 4 
6669, 4 
6670, 4 
6671, 7 
6672, 7 
6673, 11 
6674, 9 
6675, 4 
6676, 4 
6677, 4 
6678, 4 
6679, 4 
6680, 11 
6681, 9 
6682, 9 
6683, 9 
6684, 18 
6685, 4 
6686, 2 
6687, 2 
6688, 11 
6689, 11 
6690, 4 
6691, 4 
6692, 4 
6693, 4 
6694, 7 
6695, 11 
6696, 11 
6697, 11 
6698, 4 
6699, 4 
6700, 4 
6701, 4 
6702, 4 
6703, 4 
6704, 4 
6705, 4 
6706, 4 
6707, 4 
6708, 9 
6709, 9 
6710, 9 
6711, 9 
6712, 9 
6713, 9 
6714, 9 
6715, 9 
6716, 9 
6717, 9 
6718, 9 
6719, 9 
6720, 9 
6721, 9 
6722, 9 
6723, 9 
6724, 9 
6725, 9 
6726, 9 
6727, 9 
6728, 18 
6729, 9 
6730, 9 
6731, 7 
6732, 0 
6733, 3 
6734, 4 
6735, 4 
6736, 4 
6737, 11 
6738, 9 
6739, 9 
6740, 11 
6741, 11 
6742, 11 
6743, 11 
6744, 11 
6745, 11 
6746, 3 
6747, 3 
6748, 11 
6749, 4 
6750, 4 
6751, 0 
6752, 4 
6753, 18 
6754, 4 
6755, 4 
6756, 2 
6757, 4 
6758, 4 
6759, 4 
6760, 4 
6761, 4 
6762, 4 
6763, 9 
6764, 0 
6765, 0 
6766, 3 
6767, 3 
6768, 3 
6769, 10 
6770, 10 
6771, 3 
6772, 3 
6773, 3 
6774, 11 
6775, 3 
6776, 9 
6777, 9 
6778, 7 
6779, 7 
6780, 7 
6781, 3 
6782, 3 
6783, 3 
6784, 18 
6785, 18 
6786, 11 
6787, 3 
6788, 3 
6789, 3 
6790, 3 
6791, 0 
6792, 3 
6793, 3 
6794, 3 
6795, 3 
6796, 3 
6797, 3 
6798, 3 
6799, 0 
6800, 4 
6801, 4 
6802, 4 
6803, 4 
6804, 4 
6805, 4 
6806, 3 
6808, 11 
6809, 11 
6810, 0 
6811, 0 
6812, 0 
6813, 7 
6814, 7 
6815, 7 
6816, 7 
6817, 4 
6818, 3 
6819, 3 
6820, 3 
6829, 3 
6830, 10 
6832, 11 
6833, 11 
6834, 7 
6835, 11 
6836, 11 
6837, 10 
6838, 10 
6839, 10 
6840, 10 
6841, 10 
6842, 10 
6843, 10 
6844, 10 
6845, 10 
6846, 10 
6847, 10 
6848, 10 
6849, 10 
6850, 10 
6851, 10 
6852, 10 
6853, 10 
6854, 10 
6856, 7 
6857, 10 
6858, 9 
6859, 10 
6860, 9 
6861, 10 
6862, 9 
6863, 7 
6864, 4 
6866, 4 
6868, 9 
6869, 10 
6870, 0 
6871, 3 
6872, 3 
6873, 3 
6874, 9 
6875, 4 
6876, 3 
6877, 11 
6878, 9 
6879, 9 
6880, 7 
6881, 7 
6882, 7 
6883, 10 
6884, 9 
6885, 7 
6886, 7 
6887, 7 
6888, 18 
6889, 3 
6890, 3 
6891, 3 
6892, 9 
6893, 9 
6894, 10 
6895, 4 
6896, 4 
6897, 4 
6898, 10 
6899, 0 
6900, 11 
6901, 4 
6902, 4 
6903, 4 
6904, 4 
6905, 7 
6906, 10 
6907, 0 
6909, 7 
6910, 7 
6911, 10 
6912, 7 
6913, 7 
6914, 7 
6916, 9 
6917, 10 
6918, 10 
6919, 0 
6920, 10 
6921, 10 
6922, 7 
6923, 7 
6924, 3 
6925, 3 
6926, 3 
6927, 7 
6928, 7 
6929, 11 
6930, 7 
6931, 7 
6932, 7 
6933, 0 
6934, 3 
6935, 0 
6936, 9 
6937, 7 
6938, 3 
6939, 3 
6940, 3 
6941, 3 
6942, 3 
6943, 3 
6944, 3 
6945, 3 
6946, 9 
6947, 3 
6948, 9 
6949, 3 
6950, 11 
6951, 11 
6952, 3 
6953, 3 
6954, 9 
6955, 0 
6956, 4 
6957, 4 
6958, 7 
6959, 7 
6960, 7 
6961, 7 
6962, 11 
6963, 4 
6964, 11 
6965, 11 
6966, 4 
6967, 4 
6968, 4 
6969, 4 
6970, 4 
6971, 0 
6972, 11 
6973, 3 
6974, 3 
6975, 3 
6976, 9 
6977, 3 
6978, 3 
6979, 3 
6980, 7 
6981, 9 
6982, 4 
6983, 7 
6984, 7 
6985, 0 
6987, 0 
6988, 4 
6991, 4 
6992, 0 
6993, 4 
6994, 4 
6995, 4 
6997, 10 
6998, 10 
6999, 10 
7000, 11 
7003, 3 
7004, 3 
7005, 10 
7006, 0 
7007, 10 
7008, 10 
7009, 10 
7010, 10 
7011, 0 
7012, 0 
7013, 0 
7014, 4 
7015, 4 
7016, 10 
7017, 10 
7018, 10 
7019, 11 
7020, 11 
7021, 11 
7022, 10 
7023, 0 
7024, 0 
7025, 10 
7026, 10 
7027, 7 
7028, 0 
7029, 0 
7030, 0 
7032, 0 
7033, 0 
7035, 0 
7036, 9 
7037, 0 
7038, 0 
7039, 0 
7040, 0 
7041, 0 
7042, 0 
7043, 0 
7044, 7 
7045, 7 
7047, 7 
7048, 7 
7049, 0 
7050, 0 
7053, 0 
7054, 0 
7055, 10 
7056, 10 
7057, 0 
7058, 3 
7059, 3 
7060, 3 
7061, 4 
7062, 0 
7064, 10 
7065, 0 
7066, 0 
7067, 0 
7068, 4 
7069, 4 
7070, 18 
7071, 3 
7072, 3 
7073, 4 
7074, 10 
7075, 10 
7076, 10 
7077, 10 
7078, 0 
7079, 10 
7080, 10 
7081, 0 
7082, 0 
7083, 0 
7084, 0 
7085, 0 
7086, 0 
7087, 10 
7088, 10 
7090, 10 
7091, 10 
7092, 10 
7093, 10 
7094, 9 
7095, 0 
7096, 0 
7097, 0 
7098, 9 
7099, 3 
7100, 3 
7102, 0 
7103, 0 
7104, 9 
7105, 9 
7106, 0 
7107, 11 
7108, 0 
7109, 0 
7110, 0 
7111, 3 
7112, 0 
7113, 3 
7114, 11 
7115, 10 
7116, 9 
7117, 10 
7118, 10 
7119, 10 
7120, 0 
7124, 4 
7125, 18 
7126, 4 
7127, 4 
7128, 4 
7129, 7 
7130, 11 
7131, 9 
7132, 7 
7133, 2 
7134, 9 
7135, 18 
7136, 18 
7137, 7 
7138, 7 
7139, 7 
7140, 7 
7141, 7 
7142, 2 
7143, 4 
7144, 4 
7145, 2 
7146, 4 
7147, 4 
7148, 4 
7149, 4 
7150, 0 
7151, 4 
7152, 18 
7153, 18 
7154, 13 
7155, 4 
7156, 4 
7157, 4 
7158, 2 
7159, 4 
7160, 2 
7161, 2 
7162, 4 
7163, 4 
7164, 4 
7165, 2 
7166, 7 
7167, 11 
7168, 10 
7169, 10 
7170, 10 
7171, 10 
7172, 11 
7173, 11 
7174, 0 
7175, 3 
7176, 3 
7177, 3 
7178, 0 
7179, 0 
7180, 0 
7181, 0 
7182, 0 
7183, 7 
7184, 7 
7185, 7 
7186, 10 
7187, 10 
7188, 9 
7189, 3 
7190, 0 
7191, 11 
7192, 0 
7193, 0 
7194, 0 
7195, 0 
7196, 0 
7197, 11 
7198, 3 
7199, 3 
7200, 3 
7201, 3 
7202, 3 
7203, 3 
7204, 3 
7205, 3 
7206, 3 
7207, 3 
7208, 3 
7209, 3 
7210, 3 
7211, 3 
7212, 3 
7213, 3 
7214, 3 
7215, 3 
7216, 3 
7217, 4 
7218, 2 
7219, 7 
7220, 7 
7221, 7 
7222, 2 
7223, 3 
7224, 18 
7225, 18 
7226, 18 
7227, 18 
7228, 11 
7229, 11 
7230, 11 
7231, 18 
7232, 18 
7233, 18 
7234, 18 
7235, 2 
7236, 18 
7237, 18 
7238, 18 
7239, 18 
7240, 18 
7241, 18 
7242, 18 
7243, 18 
7244, 3 
7245, 3 
7246, 18 
7247, 18 
7248, 18 
7249, 18 
7250, 9 
7251, 9 
7252, 18 
7253, 18 
7254, 18 
7255, 18 
7256, 9 
7257, 9 
7258, 9 
7259, 9 
7260, 9 
7261, 4 
7262, 4 
7263, 4 
7264, 4 
7265, 3 
7266, 0 
7267, 9 
7268, 4 
7269, 2 
7270, 11 
7271, 9 
7272, 4 
7273, 4 
7274, 4 
7275, 11 
7276, 18 
7277, 18 
7278, 10 
7279, 11 
7280, 11 
7281, 11 
7282, 18 
7283, 9 
7284, 7 
7285, 11 
7286, 11 
7287, 0 
7288, 0 
7289, 0 
7290, 0 
7291, 7 
7292, 2 
7293, 3 
7294, 3 
7295, 3 
7296, 0 
7297, 0 
7298, 3 
7299, 18 
7300, 4 
7301, 4 
7302, 3 
7303, 3 
7304, 3 
7305, 4 
7306, 4 
7307, 2 
7308, 4 
7309, 11 
7310, 11 
7311, 4 
7312, 4 
7313, 4 
7314, 4 
7315, 4 
7316, 9 
7317, 9 
7318, 0 
7319, 4 
7320, 4 
7321, 4 
7322, 4 
7323, 11 
7324, 11 
7325, 11 
7326, 7 
7327, 7 
7328, 7 
7329, 11 
7330, 11 
7331, 2 
7332, 4 
7333, 4 
7334, 4 
7335, 2 
7336, 4 
7337, 11 
7338, 9 
7339, 9 
7340, 9 
7341, 9 
7342, 4 
7343, 4 
7344, 2 
7345, 4 
7346, 4 
7347, 0 
7348, 9 
7349, 4 
7350, 4 
7351, 4 
7352, 9 
7353, 9 
7354, 11 
7355, 11 
7356, 11 
7357, 4 
7358, 9 
7359, 9 
7360, 9 
7361, 4 
7362, 4 
7363, 10 
7364, 4 
7365, 4 
7366, 4 
7367, 3 
7368, 3 
7369, 18 
7370, 18 
7371, 10 
7372, 10 
7373, 10 
7374, 4 
7375, 4 
7376, 4 
7377, 3 
7378, 3 
7379, 7 
7380, 7 
7381, 7 
7382, 11 
7383, 18 
7384, 18 
7385, 18 
7386, 11 
7387, 3 
7388, 3 
7389, 3 
7390, 3 
7391, 3 
7392, 3 
7393, 3 
7394, 3 
7395, 3 
7396, 3 
7397, 3 
7398, 3 
7399, 3 
7400, 3 
7401, 3 
7402, 3 
7403, 3 
7404, 0 
7405, 0 
7406, 11 
7407, 11 
7408, 11 
7409, 11 
7410, 7 
7411, 9 
7412, 9 
7413, 2 
7414, 9 
7415, 4 
7416, 18 
7417, 4 
7418, 4 
7419, 4 
7420, 11 
7421, 11 
7422, 4 
7423, 4 
7424, 2 
7425, 11 
7426, 11 
7427, 4 
7428, 4 
7429, 4 
7430, 4 
7431, 4 
7432, 2 
7433, 11 
7434, 4 
7435, 11 
7436, 11 
7437, 7 
7438, 7 
7439, 4 
7440, 4 
7441, 4 
7442, 11 
7443, 11 
7444, 7 
7445, 7 
7446, 7 
7447, 4 
7448, 7 
7449, 7 
7450, 4 
7451, 2 
7452, 9 
7453, 11 
7454, 4 
7455, 4 
7456, 4 
7457, 4 
7458, 4 
7459, 2 
7460, 4 
7461, 9 
7462, 4 
7463, 11 
7464, 11 
7465, 4 
7466, 4 
7467, 4 
7468, 4 
7469, 4 
7470, 4 
7471, 4 
7472, 4 
7473, 4 
7474, 2 
7475, 7 
7476, 7 
7477, 7 
7478, 7 
7479, 18 
7480, 9 
7481, 9 
7482, 11 
7483, 4 
7484, 3 
7485, 3 
7486, 3 
7487, 4 
7488, 11 
7489, 0 
7490, 9 
7491, 3 
7492, 4 
7493, 4 
7494, 0 
7495, 4 
7496, 9 
7497, 4 
7498, 4 
7499, 9 
7500, 4 
7501, 2 
7502, 4 
7503, 4 
7504, 4 
7505, 4 
7506, 0 
7507, 4 
7508, 7 
7509, 2 
7510, 7 
7511, 7 
7512, 7 
7513, 3 
7514, 4 
7515, 4 
7516, 7 
7517, 7 
7518, 4 
7519, 4 
7520, 4 
7521, 4 
7522, 4 
7523, 3 
7524, 4 
7525, 4 
7526, 2 
7527, 18 
7528, 18 
7529, 18 
7530, 18 
7531, 18 
7532, 3 
7533, 11 
7534, 11 
7535, 11 
7536, 11 
7537, 4 
7538, 4 
7539, 4 
7540, 9 
7541, 11 
7542, 8 
7543, 4 
7544, 4 
7545, 9 
7546, 9 
7547, 11 
7548, 11 
7549, 11 
7550, 11 
7551, 11 
7552, 9 
7553, 9 
7554, 9 
7555, 9 
7556, 9 
7557, 11 
7558, 3 
7559, 3 
7560, 4 
7561, 4 
7562, 0 
7563, 0 
7564, 16 
7565, 0 
7566, 3 
7567, 18 
7568, 9 
7569, 9 
7570, 9 
7571, 3 
7572, 3 
7573, 3 
7574, 3 
7575, 3 
7576, 3 
7577, 0 
7578, 3 
7579, 11 
7580, 11 
7581, 11 
7582, 11 
7583, 0 
7584, 0 
7585, 4 
7586, 4 
7587, 4 
7588, 11 
7589, 11 
7590, 11 
7591, 10 
7592, 11 
7593, 4 
7594, 4 
7595, 3 
7596, 3 
7597, 3 
7598, 0 
7599, 3 
7600, 9 
7601, 18 
7602, 18 
7603, 18 
7604, 18 
7605, 3 
7606, 18 
7607, 18 
7608, 18 
7609, 18 
7610, 3 
7611, 18 
7612, 9 
7613, 4 
7614, 3 
7615, 3 
7616, 18 
7617, 4 
7618, 4 
7619, 4 
7620, 9 
7621, 9 
7622, 9 
7623, 3 
7624, 18 
7625, 18 
7626, 18 
7627, 18 
7628, 18 
7629, 18 
7630, 4 
7631, 9 
7632, 4 
7633, 11 
7634, 11 
7635, 11 
7636, 11 
7637, 11 
7638, 4 
7639, 4 
7640, 4 
7641, 4 
7642, 4 
7643, 4 
7644, 4 
7645, 9 
7646, 7 
7647, 11 
7648, 3 
7649, 4 
7650, 4 
7651, 4 
7652, 4 
7653, 9 
7654, 4 
7655, 4 
7656, 3 
7657, 3 
7658, 3 
7659, 9 
7660, 4 
7661, 18 
7662, 18 
7663, 4 
7664, 4 
7665, 4 
7666, 11 
7667, 4 
7668, 4 
7669, 2 
7670, 4 
7671, 4 
7672, 4 
7673, 4 
7674, 4 
7675, 4 
7676, 4 
7677, 18 
7678, 3 
7679, 3 
7680, 3 
7681, 7 
7682, 10 
7683, 10 
7684, 10 
7685, 18 
7686, 18 
7687, 18 
7688, 10 
7689, 10 
7690, 10 
7691, 10 
7692, 4 
7693, 4 
7694, 4 
7695, 4 
7696, 3 
7697, 7 
7698, 11 
7699, 10 
7700, 10 
7701, 0 
7702, 0 
7703, 0 
7704, 0 
7705, 0 
7706, 3 
7707, 3 
7708, 3 
7709, 3 
7710, 10 
7711, 0 
7712, 0 
7713, 0 
7714, 11 
7715, 11 
7716, 11 
7717, 0 
7718, 0 
7719, 0 
7720, 0 
7721, 0 
7722, 0 
7723, 0 
7724, 0 
7725, 0 
7726, 0 
7727, 4 
7728, 4 
7729, 4 
7730, 10 
7731, 18 
7732, 18 
7733, 18 
7734, 10 
7735, 0 
7736, 10 
7737, 10 
7738, 10 
7739, 10 
7740, 10 
7741, 0 
7742, 10 
7743, 10 
7744, 10 
7745, 10 
7746, 0 
7747, 0 
7748, 10 
7749, 10 
7750, 10 
7751, 10 
7752, 10 
7753, 10 
7754, 3 
7755, 0 
7756, 7 
7757, 0 
7758, 0 
7759, 0 
7760, 0 
7761, 9 
7762, 11 
7763, 0 
7764, 10 
7765, 11 
7766, 0 
7767, 0 
7768, 0 
7769, 0 
7770, 0 
7771, 0 
7772, 3 
7773, 0 
7774, 4 
7775, 0 
7776, 0 
7777, 0 
7778, 0 
7779, 0 
7780, 4 
7781, 0 
7782, 4 
7783, 0 
7784, 11 
7785, 0 
7786, 0 
7787, 0 
7788, 0 
7789, 0 
7790, 10 
7791, 0 
7792, 0 
7793, 0 
7795, 10 
7797, 0 
7798, 0 
7799, 0 
7800, 0 
7801, 0 
7802, 0 
7803, 0 
7804, 0 
7805, 0 
7806, 0 
7807, 0 
7808, 0 
7809, 0 
7810, 0 
7811, 0 
7813, 0 
7814, 0 
7815, 10 
7816, 10 
7817, 10 
7818, 10 
7819, 10 
7820, 18 
7821, 0 
7822, 10 
7823, 10 
7824, 0 
7825, 0 
7826, 0 
7827, 0 
7828, 0 
7829, 0 
7830, 0 
7831, 0 
7832, 4 
7833, 4 
7834, 4 
7835, 0 
7836, 0 
7837, 0 
7838, 0 
7839, 0 
7840, 3 
7841, 3 
7842, 3 
7843, 3 
7844, 0 
7845, 0 
7846, 0 
7847, 0 
7848, 0 
7849, 10 
7850, 10 
7851, 10 
7852, 0 
7853, 0 
7854, 7 
7855, 10 
7856, 4 
7857, 0 
7858, 0 
7860, 4 
7861, 0 
7862, 0 
7863, 0 
7864, 7 
7865, 3 
7866, 3 
7867, 3 
7868, 3 
7869, 11 
7870, 11 
7871, 11 
7872, 3 
7873, 3 
7874, 3 
7875, 3 
7876, 3 
7877, 3 
7878, 3 
7879, 3 
7880, 3 
7881, 3 
7882, 3 
7883, 3 
7884, 3 
7885, 3 
7886, 3 
7887, 3 
7888, 3 
7889, 3 
7890, 3 
7891, 0 
7892, 0 
7893, 0 
7894, 0 
7895, 0 
7896, 0 
7897, 0 
7898, 0 
7899, 0 
7900, 0 
7901, 11 
7902, 11 
7903, 0 
7904, 0 
7905, 0 
7906, 0 
7907, 0 
7908, 18 
7909, 0 
7910, 11 
7911, 11 
7912, 11 
7913, 11 
7914, 11 
7915, 0 
7916, 11 
7917, 3 
7918, 11 
7919, 11 
7920, 11 
7921, 11 
7922, 11 
7923, 11 
7924, 11 
7925, 11 
7926, 11 
7927, 3 
7928, 11 
7929, 11 
7930, 3 
7931, 3 
7932, 3 
7933, 3 
7934, 3 
7935, 11 
7936, 11 
7937, 11 
7938, 0 
7939, 0 
7940, 0 
7941, 11 
7942, 11 
7943, 11 
7944, 4 
7945, 4 
7946, 11 
7947, 4 
7948, 4 
7949, 4 
7950, 4 
7951, 4 
7952, 11 
7953, 9 
7954, 3 
7955, 11 
7956, 4 
7957, 4 
7958, 4 
7959, 7 
7960, 3 
7961, 11 
7962, 11 
7963, 9 
7964, 9 
7965, 9 
7966, 4 
7967, 7 
7968, 7 
7969, 7 
7970, 7 
7971, 4 
7972, 4 
7973, 7 
7974, 3 
7975, 3 
7976, 9 
7977, 9 
7978, 0 
7979, 9 
7980, 9 
7981, 4 
7982, 4 
7983, 4 
7984, 4 
7985, 9 
7986, 9 
7987, 4 
7988, 4 
7989, 4 
7990, 4 
7991, 0 
7992, 9 
7993, 11 
7994, 4 
7995, 11 
7996, 11 
7997, 4 
7998, 4 
7999, 4 
8000, 18 
8001, 18 
8002, 4 
8003, 2 
8004, 4 
8005, 4 
8006, 4 
8007, 4 
8008, 4 
8009, 9 
8010, 9 
8011, 2 
8012, 4 
8013, 4 
8014, 0 
8015, 7 
8016, 9 
8017, 4 
8018, 2 
8019, 9 
8020, 4 
8021, 4 
8022, 4 
8023, 4 
8024, 4 
8025, 4 
8026, 4 
8027, 4 
8028, 4 
8029, 4 
8030, 9 
8031, 9 
8032, 4 
8033, 4 
8035, 9 
8036, 9 
8037, 9 
8038, 4 
8039, 4 
8040, 4 
8041, 7 
8042, 18 
8043, 18 
8044, 7 
8045, 4 
8046, 11 
8047, 11 
8048, 2 
8049, 9 
8050, 9 
8051, 9 
8052, 4 
8053, 4 
8054, 4 
8055, 7 
8056, 9 
8057, 4 
8058, 4 
8059, 4 
8060, 7 
8062, 11 
8063, 11 
8064, 11 
8065, 11 
8066, 4 
8067, 4 
8068, 9 
8069, 2 
8070, 0 
8071, 0 
8072, 0 
8073, 7 
8074, 7 
8075, 4 
8076, 10 
8077, 10 
8078, 9 
8079, 9 
8080, 11 
8081, 11 
8082, 11 
8083, 11 
8084, 7 
8085, 3 
8086, 0 
8087, 3 
8088, 3 
8089, 0 
8090, 3 
8091, 3 
8092, 3 
8093, 3 
8094, 3 
8095, 3 
8096, 3 
8097, 3 
8098, 0 
8099, 0 
8100, 0 
8101, 0 
8102, 0 
8103, 0 
8104, 0 
8105, 3 
8106, 3 
8107, 11 
8108, 0 
8109, 0 
8110, 0 
8111, 0 
8112, 0 
8113, 11 
8114, 11 
8115, 10 
8116, 9 
8117, 9 
8118, 11 
8119, 11 
8120, 11 
8121, 4 
8122, 4 
8123, 0 
8124, 0 
8125, 7 
8126, 18 
8127, 18 
8128, 11 
8129, 4 
8130, 18 
8131, 18 
8132, 9 
8133, 9 
8134, 9 
8135, 4 
8136, 4 
8137, 4 
8138, 4 
8139, 9 
8140, 9 
8141, 4 
8142, 4 
8143, 9 
8144, 9 
8145, 4 
8146, 4 
8147, 11 
8148, 9 
8149, 4 
8150, 4 
8151, 4 
8152, 4 
8153, 4 
8154, 4 
8155, 4 
8156, 9 
8157, 9 
8158, 4 
8159, 4 
8160, 4 
8161, 4 
8162, 4 
8163, 4 
8164, 4 
8165, 11 
8166, 4 
8167, 4 
8168, 4 
8169, 2 
8170, 4 
8171, 4 
8172, 2 
8173, 2 
8174, 4 
8175, 3 
8176, 0 
8177, 0 
8178, 0 
8179, 0 
8180, 3 
8181, 0 
8182, 3 
8183, 3 
8184, 0 
8185, 3 
8186, 3 
8187, 3 
8188, 10 
8189, 0 
8190, 0 
8191, 3 
8192, 11 
8193, 10 
8194, 10 
8195, 10 
8196, 10 
8197, 3 
8198, 0 
8199, 0 
8200, 0 
8201, 0 
8202, 11 
8203, 11 
8204, 4 
8205, 4 
8206, 4 
8207, 18 
8208, 0 
8209, 11 
8210, 18 
8211, 11 
8212, 7 
8213, 0 
8214, 7 
8215, 3 
8216, 7 
8217, 0 
8218, 11 
8219, 11 
8220, 11 
8221, 11 
8222, 11 
8223, 18 
8224, 9 
8225, 9 
8226, 9 
8227, 9 
8228, 9 
8229, 7 
8230, 7 
8231, 4 
8232, 4 
8233, 4 
8235, 10 
8236, 10 
8237, 9 
8238, 9 
8239, 7 
8240, 7 
8241, 7 
8242, 7 
8243, 7 
8244, 4 
8245, 4 
8246, 4 
8247, 7 
8248, 4 
8249, 4 
8250, 4 
8251, 4 
8252, 4 
8253, 4 
8254, 4 
8255, 4 
8256, 4 
8257, 9 
8258, 18 
8259, 18 
8260, 7 
8261, 9 
8262, 3 
8263, 9 
8264, 4 
8265, 4 
8266, 9 
8267, 9 
8268, 4 
8269, 4 
8270, 4 
8271, 9 
8272, 9 
8273, 4 
8274, 9 
8275, 9 
8276, 2 
8277, 4 
8278, 4 
8279, 4 
8280, 4 
8281, 9 
8282, 9 
8283, 4 
8284, 4 
8285, 4 
8286, 4 
8287, 4 
8288, 4 
8289, 4 
8290, 4 
8291, 4 
8292, 4 
8293, 4 
8294, 4 
8295, 4 
8296, 7 
8297, 9 
8298, 18 
8299, 4 
8300, 18 
8301, 7 
8302, 7 
8303, 11 
8304, 3 
8305, 11 
8306, 3 
8307, 0 
8308, 0 
8309, 0 
8310, 0 
8311, 10 
8312, 10 
8313, 9 
8314, 9 
8315, 9 
8316, 9 
8317, 9 
8318, 0 
8319, 0 
8320, 0 
8321, 0 
8322, 11 
8323, 18 
8324, 11 
8325, 11 
8326, 11 
8327, 11 
8328, 11 
8329, 11 
8330, 11 
8331, 11 
8332, 11 
8333, 8 
8334, 0 
8335, 0 
8336, 0 
8337, 3 
8338, 3 
8339, 0 
8340, 0 
8341, 11 
8342, 11 
8343, 11 
8344, 11 
8345, 11 
8346, 11 
8347, 11 
8348, 11 
8349, 18 
8350, 18 
8351, 11 
8352, 18 
8353, 11 
8354, 7 
8355, 7 
8356, 4 
8357, 4 
8358, 7 
8359, 11 
8360, 9 
8361, 0 
8362, 0 
8363, 11 
8364, 9 
8365, 9 
8366, 4 
8367, 4 
8368, 4 
8369, 11 
8370, 9 
8371, 9 
8372, 9 
8373, 9 
8374, 9 
8375, 4 
8376, 4 
8377, 4 
8378, 4 
8379, 4 
8380, 18 
8381, 18 
8382, 4 
8383, 4 
8384, 2 
8385, 4 
8386, 7 
8387, 18 
8388, 7 
8389, 18 
8390, 18 
8391, 18 
8392, 11 
8393, 4 
8394, 4 
8395, 4 
8396, 9 
8397, 9 
8398, 4 
8399, 9 
8400, 9 
8401, 4 
8402, 4 
8403, 4 
8404, 4 
8405, 4 
8406, 9 
8407, 4 
8408, 4 
8409, 4 
8410, 4 
8411, 4 
8412, 4 
8413, 4 
8414, 4 
8415, 4 
8416, 18 
8417, 18 
8418, 18 
8419, 4 
8420, 4 
8421, 4 
8422, 4 
8423, 4 
8424, 0 
8425, 4 
8426, 4 
8427, 4 
8428, 2 
8429, 4 
8430, 4 
8431, 4 
8432, 4 
8433, 4 
8434, 9 
8435, 4 
8436, 4 
8437, 18 
8438, 18 
8439, 4 
8440, 4 
8442, 4 
8443, 11 
8444, 7 
8445, 0 
8447, 0 
8450, 4 
8451, 4 
8452, 4 
8453, 4 
8454, 11 
8455, 11 
8456, 4 
8457, 4 
8458, 0 
8459, 0 
8460, 4 
8461, 0 
8462, 0 
8463, 0 
8464, 0 
8465, 0 
8466, 11 
8467, 11 
8468, 11 
8469, 4 
8470, 4 
8471, 3 
8472, 3 
8473, 0 
8474, 0 
8475, 4 
8476, 11 
8477, 11 
8478, 11 
8479, 18 
8480, 18 
8481, 0 
8482, 4 
8483, 11 
8484, 11 
8485, 4 
8486, 4 
8487, 11 
8488, 4 
8489, 9 
8490, 4 
8491, 0 
8492, 0 
8493, 0 
8494, 7 
8495, 3 
8496, 3 
8497, 3 
8498, 3 
8499, 3 
8500, 4 
8501, 4 
8502, 4 
8503, 4 
8505, 0 
8506, 11 
8507, 4 
8508, 4 
8509, 4 
8510, 4 
8511, 4 
8512, 9 
8513, 9 
8514, 11 
8515, 11 
8516, 11 
8517, 4 
8518, 4 
8519, 4 
8520, 7 
8521, 18 
8522, 11 
8523, 11 
8524, 4 
8525, 11 
8526, 11 
8527, 4 
8528, 7 
8529, 11 
8530, 4 
8531, 3 
8532, 3 
8533, 18 
8534, 18 
8535, 11 
8536, 0 
8537, 0 
8538, 0 
8539, 0 
8540, 7 
8541, 7 
8542, 7 
8543, 0 
8544, 0 
8545, 4 
8546, 4 
8547, 4 
8548, 4 
8549, 4 
8550, 4 
8551, 4 
8552, 11 
8553, 4 
8554, 4 
8555, 4 
8556, 4 
8557, 4 
8558, 0 
8559, 0 
8560, 0 
8561, 3 
8562, 3 
8563, 3 
8564, 0 
8565, 7 
8566, 7 
8567, 9 
8568, 4 
8569, 7 
8570, 4 
8571, 10 
8572, 4 
8573, 3 
8574, 3 
8575, 18 
8576, 4 
8577, 9 
8578, 9 
8579, 9 
8580, 7 
8581, 7 
8582, 11 
8583, 11 
8584, 9 
8585, 9 
8586, 9 
8587, 4 
8588, 4 
8589, 4 
8590, 4 
8591, 4 
8592, 7 
8593, 4 
8594, 4 
8595, 4 
8596, 10 
8597, 10 
8598, 10 
8599, 10 
8600, 10 
8601, 10 
8602, 4 
8603, 4 
8604, 4 
8605, 11 
8606, 4 
8607, 7 
8608, 7 
8609, 7 
8610, 9 
8611, 0 
8612, 4 
8613, 7 
8614, 4 
8615, 4 
8616, 4 
8617, 4 
8618, 0 
8619, 0 
8620, 0 
8621, 4 
8622, 4 
8623, 7 
8624, 7 
8625, 7 
8626, 9 
8627, 3 
8628, 4 
8629, 4 
8630, 18 
8631, 18 
8632, 0 
8633, 0 
8634, 0 
8635, 7 
8636, 7 
8637, 7 
8638, 7 
8639, 7 
8640, 7 
8641, 7 
8642, 7 
8643, 2 
8644, 4 
8645, 4 
8646, 4 
8647, 3 
8648, 3 
8649, 18 
8650, 18 
8651, 18 
8652, 18 
8653, 7 
8654, 4 
8655, 4 
8656, 4 
8657, 18 
8658, 4 
8659, 7 
8660, 9 
8661, 9 
8662, 9 
8663, 4 
8664, 3 
8665, 4 
8666, 4 
8667, 7 
8668, 7 
8669, 7 
8670, 11 
8671, 11 
8672, 11 
8673, 11 
8674, 3 
8675, 3 
8676, 3 
8677, 3 
8678, 11 
8679, 11 
8680, 9 
8681, 4 
8682, 4 
8683, 4 
8684, 4 
8685, 3 
8686, 3 
8687, 0 
8688, 0 
8689, 0 
8690, 3 
8691, 3 
8692, 7 
8693, 7 
8694, 9 
8695, 9 
8696, 9 
8697, 0 
8698, 0 
8699, 9 
8700, 4 
8701, 0 
8702, 4 
8703, 4 
8704, 18 
8705, 18 
8706, 18 
8707, 3 
8708, 3 
8709, 9 
8710, 7 
8711, 7 
8712, 0 
8713, 0 
8714, 11 
8715, 11 
8716, 11 
8717, 11 
8718, 9 
8719, 11 
8720, 11 
8721, 11 
8722, 4 
8723, 4 
8724, 4 
8725, 4 
8726, 9 
8727, 9 
8728, 3 
8729, 3 
8730, 3 
8731, 4 
8732, 18 
8733, 0 
8734, 4 
8735, 11 
8736, 0 
8737, 0 
8738, 7 
8739, 7 
8740, 9 
8741, 9 
8742, 11 
8743, 11 
8744, 11 
8745, 11 
8746, 18 
8747, 18 
8748, 18 
8749, 7 
8750, 7 
8751, 11 
8752, 9 
8753, 3 
8754, 3 
8755, 0 
8756, 0 
8757, 0 
8758, 3 
8759, 3 
8760, 3 
8761, 3 
8762, 11 
8763, 10 
8764, 10 
8765, 10 
8766, 10 
8767, 10 
8768, 3 
8769, 4 
8770, 4 
8771, 4 
8772, 0 
8773, 4 
8774, 4 
8775, 9 
8776, 4 
8777, 9 
8778, 9 
8779, 9 
8780, 9 
8781, 9 
8782, 3 
8783, 3 
8784, 3 
8785, 3 
8786, 3 
8787, 18 
8788, 11 
8789, 11 
8790, 11 
8791, 11 
8792, 11 
8793, 4 
8794, 9 
8795, 9 
8796, 9 
8797, 0 
8798, 0 
8799, 0 
8800, 0 
8801, 7 
8802, 0 
8803, 18 
8804, 18 
8805, 0 
8806, 0 
8807, 0 
8808, 4 
8809, 4 
8810, 4 
8811, 11 
8812, 4 
8813, 4 
8814, 4 
8815, 4 
8816, 11 
8817, 18 
8818, 18 
8819, 18 
8820, 4 
8821, 4 
8822, 4 
8823, 7 
8824, 0 
8825, 0 
8826, 0 
8827, 7 
8828, 4 
8829, 7 
8830, 9 
8831, 9 
8832, 0 
8833, 0 
8834, 3 
8835, 3 
8836, 4 
8837, 18 
8838, 18 
8839, 18 
8840, 18 
8841, 0 
8842, 0 
8843, 3 
8844, 3 
8845, 11 
8846, 11 
8847, 11 
8848, 11 
8849, 11 
8850, 4 
8851, 4 
8852, 4 
8853, 10 
8854, 11 
8855, 0 
8856, 0 
8857, 0 
8858, 0 
8859, 18 
8860, 18 
8861, 18 
8862, 18 
8863, 18 
8864, 0 
8865, 0 
8866, 0 
8867, 0 
8868, 0 
8869, 11 
8870, 4 
8871, 4 
8872, 4 
8873, 10 
8874, 3 
8875, 3 
8876, 3 
8877, 18 
8878, 0 
8879, 0 
8880, 0 
8881, 18 
8882, 18 
8883, 18 
8884, 18 
8885, 0 
8886, 0 
8887, 0 
8888, 0 
8889, 0 
8890, 4 
8891, 4 
8892, 7 
8893, 0 
8894, 0 
8895, 0 
8896, 0 
8897, 0 
8898, 0 
8899, 0 
8900, 0 
8901, 3 
8902, 11 
8903, 11 
8904, 11 
8905, 3 
8906, 3 
8907, 3 
8908, 0 
8909, 0 
8910, 9 
8911, 9 
8912, 11 
8913, 4 
8914, 4 
8915, 11 
8916, 11 
8917, 3 
8918, 3 
8919, 3 
8920, 4 
8921, 4 
8922, 4 
8923, 4 
8924, 4 
8925, 4 
8926, 4 
8927, 4 
8928, 3 
8929, 3 
8930, 4 
8931, 11 
8932, 9 
8933, 18 
8934, 9 
8935, 9 
8936, 9 
8937, 9 
8938, 9 
8939, 9 
8940, 3 
8941, 3 
8942, 3 
8943, 3 
8944, 3 
8945, 7 
8946, 4 
8947, 4 
8948, 4 
8949, 4 
8950, 10 
8951, 9 
8952, 9 
8953, 18 
8954, 3 
8955, 3 
8956, 3 
8957, 3 
8958, 3 
8959, 3 
8960, 3 
8961, 11 
8962, 11 
8963, 4 
8964, 4 
8965, 4 
8966, 4 
8967, 4 
8968, 4 
8969, 4 
8970, 4 
8971, 4 
8972, 11 
8973, 4 
8974, 11 
8975, 11 
8976, 0 
8977, 11 
8978, 4 
8979, 4 
8980, 9 
8981, 3 
8982, 3 
8983, 3 
8984, 11 
8985, 11 
8986, 11 
8987, 11 
8988, 18 
8989, 18 
8990, 18 
8991, 18 
8992, 18 
8993, 4 
8994, 7 
8995, 3 
8996, 0 
8997, 0 
8998, 4 
8999, 3 
9000, 3 
9001, 4 
9002, 4 
9003, 4 
9004, 18 
9005, 3 
9006, 3 
9007, 3 
9008, 3 
9009, 3 
9010, 4 
9011, 4 
9012, 3 
9013, 11 
9014, 4 
9015, 4 
9016, 4 
9017, 4 
9018, 11 
9019, 11 
9020, 11 
9021, 11 
9022, 11 
9023, 0 
9024, 0 
9025, 4 
9026, 4 
9027, 3 
9028, 3 
9029, 3 
9030, 3 
9031, 3 
9032, 7 
9033, 7 
9034, 7 
9035, 7 
9036, 4 
9037, 4 
9038, 4 
9039, 4 
9040, 4 
9041, 4 
9042, 4 
9043, 9 
9044, 4 
9045, 4 
9046, 7 
9047, 4 
9048, 4 
9049, 4 
9050, 4 
9051, 4 
9052, 4 
9053, 0 
9054, 0 
9055, 0 
9056, 4 
9057, 4 
9058, 4 
9059, 4 
9060, 4 
9061, 4 
9062, 4 
9063, 4 
9064, 11 
9065, 4 
9066, 4 
9067, 4 
9068, 4 
9069, 18 
9070, 0 
9071, 7 
9072, 7 
9073, 3 
9074, 3 
9075, 3 
9076, 3 
9077, 3 
9078, 3 
9079, 3 
9080, 3 
9081, 4 
9082, 4 
9083, 3 
9084, 3 
9085, 3 
9086, 3 
9087, 18 
9088, 18 
9089, 3 
9090, 3 
9091, 3 
9092, 7 
9093, 7 
9094, 11 
9095, 11 
9096, 11 
9097, 11 
9098, 4 
9099, 4 
9100, 4 
9101, 4 
9102, 7 
9103, 7 
9104, 4 
9105, 4 
9106, 4 
9107, 0 
9108, 0 
9109, 4 
9110, 0 
9111, 0 
9112, 3 
9113, 3 
9114, 7 
9115, 11 
9116, 11 
9117, 11 
9118, 10 
9119, 4 
9120, 7 
9121, 7 
9122, 9 
9123, 7 
9124, 18 
9125, 4 
9126, 7 
9127, 18 
9128, 4 
9129, 18 
9130, 3 
9131, 3 
9132, 3 
9133, 0 
9134, 0 
9135, 0 
9136, 0 
9137, 0 
9138, 3 
9139, 3 
9140, 3 
9141, 4 
9142, 4 
9143, 4 
9144, 18 
9145, 18 
9146, 4 
9147, 4 
9148, 4 
9149, 4 
9150, 4 
9151, 9 
9152, 3 
9153, 3 
9154, 3 
9155, 3 
9156, 18 
9157, 18 
9158, 0 
9159, 3 
9160, 3 
9161, 3 
9162, 3 
9163, 18 
9164, 0 
9165, 0 
9166, 0 
9167, 0 
9168, 0 
9169, 3 
9170, 18 
9171, 9 
9172, 11 
9173, 0 
9174, 0 
9175, 0 
9176, 0 
9177, 4 
9178, 7 
9179, 0 
9180, 4 
9181, 4 
9182, 4 
9183, 4 
9184, 11 
9185, 11 
9186, 4 
9187, 4 
9188, 4 
9189, 4 
9190, 4 
9191, 0 
9192, 0 
9193, 0 
9194, 4 
9195, 4 
9196, 3 
9197, 0 
9198, 0 
9199, 0 
9200, 0 
9201, 3 
9202, 3 
9203, 3 
9204, 4 
9205, 4 
9206, 4 
9207, 3 
9208, 3 
9209, 3 
9210, 9 
9211, 11 
9212, 11 
9213, 11 
9214, 11 
9215, 11 
9216, 3 
9217, 3 
9218, 3 
9219, 3 
9220, 0 
9221, 0 
9222, 4 
9223, 4 
9224, 4 
9225, 4 
9226, 4 
9227, 11 
9228, 11 
9229, 4 
9230, 4 
9231, 3 
9232, 3 
9233, 3 
9234, 7 
9235, 7 
9236, 3 
9237, 11 
9238, 7 
9239, 7 
9240, 4 
9241, 4 
9242, 0 
9243, 0 
9244, 11 
9245, 11 
9246, 3 
9247, 3 
9248, 3 
9249, 3 
9250, 3 
9251, 3 
9252, 18 
9253, 3 
9254, 4 
9255, 4 
9256, 0 
9257, 0 
9258, 7 
9259, 10 
9260, 10 
9261, 10 
9262, 4 
9263, 4 
9264, 7 
9265, 7 
9266, 7 
9267, 0 
9268, 18 
9269, 18 
9270, 18 
9272, 3 
9273, 3 
9274, 3 
9275, 4 
9276, 4 
9277, 4 
9278, 3 
9279, 4 
9280, 4 
9281, 4 
9282, 4 
9283, 4 
9284, 0 
9285, 3 
9286, 3 
9287, 11 
9288, 4 
9289, 4 
9290, 10 
9291, 4 
9292, 9 
9293, 9 
9294, 9 
9295, 4 
9296, 0 
9297, 0 
9298, 0 
9299, 4 
9300, 4 
9301, 11 
9302, 10 
9303, 3 
9304, 3 
9305, 3 
9306, 3 
9307, 3 
9308, 3 
9309, 11 
9310, 11 
9311, 9 
9312, 11 
9313, 9 
9314, 0 
9315, 4 
9316, 3 
9317, 3 
9318, 4 
9319, 11 
9320, 11 
9321, 11 
9322, 11 
9323, 3 
9324, 3 
9325, 3 
9326, 11 
9327, 11 
9328, 11 
9329, 4 
9330, 18 
9331, 18 
9332, 4 
9333, 18 
9334, 18 
9335, 4 
9336, 7 
9337, 7 
9338, 7 
9339, 11 
9340, 11 
9341, 4 
