author_id,institution_id
10, 149 
1004, 121 
1010, 661 
1020, 777 
1030, 91 
1031, 465 
1032, 548 
1036, 486 
104, 792 
1042, 1008 
1047, 440 
1056, 398 
1057, 772 
1058, 323 
106, 80 
1060, 756 
1064, 958 
1066, 246 
107, 585 
1073, 20 
1074, 664 
1076, 519 
1079, 409 
1080, 694 
1088, 635 
1095, 314 
1096, 199 
1098, 894 
11, 166 
1101, 845 
1103, 227 
1104, 336 
1137, 749 
1141, 333 
1143, 23 
1151, 626 
1152, 777 
1153, 570 
1163, 952 
1164, 261 
1167, 851 
1168, 980 
1173, 585 
1175, 107 
1177, 493 
1183, 77 
1188, 419 
1195, 1038 
1198, 192 
120, 997 
1201, 669 
1202, 48 
1205, 153 
121, 940 
122, 585 
1220, 894 
1221, 607 
1222, 434 
1228, 223 
1235, 929 
1237, 74 
1238, 198 
1243, 227 
1246, 241 
1247, 917 
1251, 429 
1252, 723 
1254, 777 
1259, 334 
1261, 874 
1262, 874 
1265, 585 
1266, 419 
1269, 773 
1271, 419 
1273, 64 
1275, 161 
1276, 845 
1278, 618 
1280, 227 
1281, 364 
1286, 909 
1288, 664 
1291, 847 
1293, 933 
1297, 152 
1298, 958 
13, 76 
1302, 109 
1303, 526 
1308, 207 
1309, 996 
1310, 676 
1311, 692 
1312, 929 
1313, 89 
1321, 814 
1323, 252 
1326, 239 
1332, 941 
1335, 537 
1337, 607 
1343, 755 
1345, 89 
135, 177 
1351, 932 
1355, 585 
1361, 312 
1366, 624 
1370, 940 
1376, 330 
1379, 18 
1383, 1003 
1386, 777 
1387, 227 
1388, 89 
1389, 196 
1390, 126 
1397, 474 
1399, 805 
140, 89 
1400, 805 
1403, 532 
1404, 604 
1408, 128 
1413, 473 
1427, 771 
1428, 519 
1429, 775 
143, 743 
1431, 612 
1432, 612 
1438, 898 
1440, 1 
1441, 389 
1448, 1028 
1449, 664 
1451, 846 
1453, 13 
1454, 322 
1458, 218 
1459, 1039 
1464, 697 
1466, 289 
1471, 749 
1474, 607 
1477, 31 
1483, 763 
1484, 89 
1487, 216 
1490, 417 
1491, 851 
1498, 497 
15, 807 
150, 637 
1500, 536 
1501, 698 
1504, 227 
1505, 419 
1507, 966 
1508, 875 
1509, 37 
1521, 474 
1522, 966 
1523, 241 
1524, 462 
1526, 334 
1528, 925 
1531, 1 
1538, 227 
1544, 223 
1547, 66 
1548, 560 
1550, 770 
1557, 926 
1559, 462 
1560, 15 
1561, 400 
1562, 749 
1565, 42 
1567, 326 
1573, 398 
1574, 874 
1575, 482 
1578, 674 
1582, 748 
1583, 518 
1584, 252 
1586, 16 
1589, 683 
159, 794 
1590, 845 
1591, 612 
1593, 664 
1597, 796 
16, 465 
1602, 149 
1603, 766 
1605, 338 
1606, 796 
1612, 15 
1617, 30 
1618, 405 
1626, 837 
1627, 352 
1628, 352 
1630, 241 
1631, 172 
1632, 532 
1636, 522 
1643, 403 
1648, 89 
1652, 684 
1660, 772 
1666, 673 
1667, 502 
1670, 673 
1673, 75 
1674, 934 
1677, 130 
1689, 1 
1692, 693 
1694, 896 
1696, 816 
1697, 915 
17, 786 
1701, 821 
1702, 762 
1706, 1002 
1707, 958 
1710, 529 
1713, 190 
172, 761 
1721, 170 
1729, 966 
1731, 448 
1734, 821 
1736, 1009 
1741, 991 
1742, 681 
1743, 991 
1744, 958 
1747, 202 
1751, 482 
1753, 768 
1756, 68 
1759, 874 
1761, 491 
1762, 858 
1766, 121 
1768, 807 
177, 658 
1770, 419 
1772, 1023 
1779, 1056 
178, 660 
1785, 41 
1786, 896 
1787, 886 
1791, 674 
1795, 631 
1796, 15 
180, 398 
1800, 762 
1806, 847 
1808, 535 
1809, 213 
1814, 585 
1815, 845 
1818, 241 
1819, 227 
1820, 821 
1821, 892 
1828, 354 
183, 289 
1831, 286 
1832, 915 
1833, 450 
1845, 723 
1847, 312 
1856, 723 
186, 472 
1861, 201 
1863, 664 
1866, 149 
1867, 334 
1869, 1031 
1870, 241 
1872, 634 
1878, 879 
1883, 664 
1884, 910 
1885, 938 
1888, 955 
1889, 536 
1890, 811 
1891, 572 
1892, 24 
1894, 722 
1895, 24 
1896, 539 
1898, 422 
190, 1031 
1902, 222 
1904, 732 
1905, 608 
1909, 259 
191, 786 
1912, 192 
1913, 941 
1914, 923 
1916, 102 
1922, 612 
1925, 502 
1926, 227 
1930, 166 
1931, 739 
1932, 334 
1933, 227 
1936, 197 
1937, 922 
1939, 922 
1940, 738 
1941, 65 
1943, 748 
1944, 1008 
1946, 757 
1947, 821 
1949, 502 
1950, 121 
1952, 664 
1955, 915 
1962, 419 
1963, 319 
1964, 119 
1965, 389 
1966, 768 
1967, 1016 
1971, 116 
1972, 898 
1975, 952 
1976, 227 
1978, 532 
1984, 215 
1985, 749 
199, 554 
1993, 262 
1995, 227 
1996, 389 
1997, 799 
20, 109 
200, 473 
2000, 459 
2001, 845 
2003, 176 
2005, 526 
2009, 856 
2010, 699 
2012, 952 
2019, 502 
202, 121 
2021, 712 
2025, 906 
2026, 896 
2027, 771 
2028, 22 
203, 389 
2033, 223 
2037, 986 
2039, 955 
204, 677 
2040, 940 
2044, 766 
2045, 622 
2047, 322 
205, 634 
2054, 192 
2056, 666 
2057, 419 
2059, 192 
2060, 50 
2062, 227 
2063, 951 
2064, 82 
2066, 216 
2067, 430 
2068, 443 
2075, 915 
2077, 221 
2078, 143 
208, 624 
2081, 71 
2082, 29 
2086, 71 
2091, 462 
2092, 701 
2093, 612 
2097, 232 
2105, 126 
2114, 777 
212, 497 
2120, 439 
2121, 892 
2123, 69 
2125, 394 
2126, 819 
2127, 241 
213, 464 
2131, 945 
2133, 585 
2138, 938 
214, 929 
2143, 777 
2146, 3 
2147, 227 
2150, 929 
216, 334 
2163, 364 
2169, 389 
2172, 851 
2175, 935 
2177, 361 
2180, 66 
2181, 889 
2183, 612 
2184, 952 
2186, 502 
2187, 734 
2188, 899 
2189, 138 
2191, 966 
2192, 938 
2193, 8 
2198, 66 
2199, 618 
2202, 241 
2205, 986 
2206, 604 
2208, 50 
2213, 879 
2214, 676 
2215, 664 
2217, 66 
2221, 227 
2222, 15 
2225, 82 
2227, 604 
2229, 821 
2230, 126 
2231, 952 
2232, 410 
2233, 1031 
2234, 502 
2236, 541 
2237, 294 
2238, 121 
2239, 36 
2240, 670 
2244, 873 
2245, 121 
2248, 847 
2249, 958 
2252, 604 
2253, 216 
2254, 216 
2257, 244 
2258, 892 
2261, 652 
2262, 121 
2263, 972 
2266, 762 
2272, 71 
2273, 845 
2274, 910 
2276, 401 
2279, 938 
2281, 135 
2285, 777 
2293, 585 
2303, 182 
2304, 434 
2307, 50 
2312, 766 
2315, 768 
2316, 1031 
2318, 89 
232, 874 
2324, 749 
2326, 140 
2327, 140 
2335, 208 
2336, 89 
2339, 192 
2344, 650 
2347, 145 
2349, 427 
2357, 769 
2358, 952 
2359, 405 
2364, 940 
2367, 777 
2368, 676 
2369, 746 
2377, 955 
2378, 955 
238, 417 
2381, 363 
2382, 859 
2383, 1013 
2384, 952 
2386, 747 
2387, 42 
2389, 262 
2390, 1031 
2398, 585 
24, 952 
2400, 79 
2401, 768 
2404, 522 
2409, 807 
2410, 674 
2413, 227 
2418, 19 
243, 431 
2431, 911 
2432, 712 
2434, 761 
2435, 885 
2436, 810 
2438, 548 
2444, 10 
2445, 734 
2449, 896 
2450, 428 
2458, 419 
2459, 796 
2462, 354 
2465, 1022 
2468, 662 
2469, 1050 
247, 833 
2471, 913 
2476, 1027 
2477, 671 
2478, 419 
248, 761 
2483, 32 
2486, 723 
2487, 1018 
2488, 775 
2489, 503 
2490, 618 
2492, 89 
2494, 182 
2496, 409 
2498, 187 
2502, 192 
2506, 329 
251, 695 
2513, 548 
2514, 522 
2515, 556 
2516, 790 
2520, 386 
2522, 888 
2529, 845 
253, 775 
2535, 759 
2537, 227 
2539, 227 
2543, 940 
2553, 1055 
2557, 69 
2559, 126 
2561, 664 
2563, 89 
2565, 958 
2566, 585 
2567, 255 
2570, 684 
2571, 89 
2572, 952 
2577, 537 
2579, 929 
2581, 892 
2585, 772 
2587, 522 
2590, 585 
2591, 952 
2592, 952 
2593, 955 
260, 938 
2602, 42 
2603, 524 
2608, 859 
2610, 494 
2614, 603 
2624, 712 
2625, 884 
2627, 898 
2629, 638 
2630, 237 
2631, 585 
2635, 488 
2636, 398 
2640, 418 
2641, 668 
2644, 469 
2647, 252 
2648, 930 
2651, 121 
2652, 919 
2657, 444 
2658, 562 
2659, 753 
2660, 497 
2664, 1051 
2666, 902 
2671, 802 
2673, 677 
2676, 227 
2683, 89 
2686, 664 
2692, 262 
2693, 796 
2694, 851 
2696, 388 
2698, 80 
2699, 919 
270, 726 
2700, 786 
2701, 863 
2703, 912 
2705, 524 
2706, 156 
2707, 77 
271, 896 
2710, 878 
2711, 877 
2714, 110 
2716, 952 
2720, 664 
2723, 126 
2726, 144 
2728, 517 
2729, 154 
2730, 895 
2731, 135 
2732, 551 
2734, 225 
2736, 138 
2737, 7 
2738, 239 
2742, 796 
2743, 11 
2744, 279 
2746, 227 
2755, 821 
2757, 669 
2758, 71 
2759, 126 
2760, 44 
2761, 772 
2772, 149 
2779, 968 
2780, 723 
2784, 859 
2788, 847 
2789, 847 
2794, 473 
2796, 752 
2797, 488 
2798, 421 
2803, 187 
2804, 1055 
2806, 1016 
2808, 544 
281, 801 
2812, 814 
2814, 898 
2815, 42 
2816, 115 
2817, 525 
2820, 371 
2822, 347 
2823, 885 
2824, 859 
2828, 894 
283, 580 
2830, 900 
2834, 1028 
2836, 863 
284, 27 
2841, 132 
2844, 337 
2848, 482 
2850, 419 
2851, 80 
2852, 1005 
2858, 493 
2859, 863 
2860, 732 
2864, 866 
2866, 768 
2867, 465 
2873, 298 
2875, 607 
2876, 83 
2877, 777 
2878, 664 
2879, 863 
2885, 126 
2886, 4 
2893, 126 
2894, 289 
2896, 810 
2898, 617 
2899, 89 
2900, 451 
2901, 334 
2902, 334 
2903, 562 
2906, 347 
2907, 283 
2908, 845 
2909, 324 
2910, 368 
2915, 383 
2916, 227 
2926, 227 
2929, 187 
2934, 227 
2940, 732 
2942, 187 
2946, 940 
2954, 943 
2955, 482 
2958, 1045 
296, 252 
2961, 247 
2962, 43 
2965, 227 
2966, 126 
2967, 945 
2970, 524 
2971, 952 
2972, 585 
2976, 618 
2977, 612 
2978, 958 
2986, 634 
2991, 688 
2992, 180 
2993, 465 
2995, 607 
2999, 965 
3001, 149 
3002, 149 
3003, 891 
3006, 891 
3007, 706 
3011, 419 
3013, 973 
3014, 973 
3015, 396 
3016, 50 
3020, 914 
3024, 422 
3028, 543 
3029, 355 
3031, 441 
3032, 734 
3034, 790 
3045, 986 
305, 929 
3050, 796 
3052, 259 
3055, 585 
3056, 227 
3058, 66 
3061, 413 
3062, 892 
3063, 605 
3068, 859 
3073, 680 
3074, 604 
3077, 721 
3082, 495 
3086, 482 
3092, 974 
3096, 43 
3099, 227 
310, 216 
3101, 807 
3102, 922 
3105, 782 
3106, 388 
3107, 821 
3108, 591 
3109, 769 
3110, 89 
3116, 419 
3117, 814 
3123, 585 
3124, 89 
3125, 585 
3126, 46 
3129, 585 
313, 536 
3131, 419 
3132, 532 
3134, 73 
3136, 846 
3137, 1054 
3138, 1013 
3139, 171 
3144, 262 
3149, 217 
315, 892 
3150, 632 
3153, 77 
3154, 1046 
3161, 221 
3166, 1037 
3167, 251 
3170, 263 
3171, 98 
3177, 1050 
3178, 768 
3179, 149 
3180, 846 
3185, 504 
3187, 748 
3188, 80 
3191, 833 
3193, 89 
3196, 558 
3197, 314 
3202, 879 
3206, 1055 
3208, 1027 
3209, 564 
3210, 909 
3212, 903 
3213, 989 
3217, 138 
3218, 126 
3221, 126 
3224, 851 
3228, 834 
323, 585 
3236, 419 
3237, 633 
324, 777 
3241, 796 
3242, 1031 
3244, 522 
3245, 1051 
3246, 821 
3247, 821 
3252, 935 
3253, 929 
3256, 605 
3257, 710 
3260, 514 
3261, 182 
3264, 227 
3271, 874 
3273, 66 
328, 585 
3284, 187 
3288, 89 
3291, 187 
3292, 659 
3293, 334 
3294, 511 
3295, 262 
3298, 856 
33, 952 
330, 766 
3302, 742 
3304, 859 
3307, 89 
331, 903 
3314, 115 
3317, 642 
3320, 245 
3321, 925 
3322, 252 
3323, 121 
3325, 324 
3332, 227 
3335, 126 
3339, 712 
3340, 702 
3341, 149 
3344, 762 
3347, 769 
3351, 1000 
3354, 227 
3355, 227 
3357, 889 
3362, 793 
3364, 929 
3365, 449 
3366, 354 
3367, 734 
3368, 447 
3373, 0 
3378, 821 
338, 480 
3382, 986 
3383, 1035 
3387, 221 
3388, 617 
3390, 398 
3394, 227 
3396, 743 
3398, 585 
3399, 227 
3400, 674 
3401, 791 
3402, 838 
3406, 622 
3407, 427 
3408, 892 
3409, 940 
341, 89 
3410, 419 
3411, 809 
3412, 998 
3413, 134 
3415, 751 
3416, 6 
3417, 896 
342, 89 
3428, 221 
343, 71 
3430, 77 
3436, 784 
3440, 254 
3444, 192 
3448, 192 
3449, 761 
3451, 896 
3453, 585 
3454, 784 
3455, 796 
3456, 294 
3457, 328 
3459, 1018 
3461, 227 
3463, 1031 
3465, 419 
3466, 554 
3467, 409 
347, 522 
3470, 56 
3473, 296 
3481, 296 
3482, 227 
3492, 410 
3493, 802 
3496, 89 
3498, 794 
3499, 542 
350, 227 
3501, 606 
3502, 759 
3503, 227 
3506, 981 
3507, 121 
3508, 807 
3509, 121 
3510, 859 
3511, 835 
3514, 585 
3516, 227 
3519, 227 
3521, 103 
3522, 760 
3524, 768 
3526, 585 
3528, 952 
3530, 558 
3531, 69 
3533, 910 
3534, 956 
3535, 740 
3537, 766 
3539, 585 
354, 344 
3541, 392 
3542, 562 
3543, 389 
3546, 875 
3548, 793 
3550, 319 
3551, 118 
3552, 536 
3554, 612 
3555, 522 
3556, 247 
3559, 585 
3563, 1034 
3565, 15 
3569, 801 
3577, 154 
3578, 674 
3581, 1 
3583, 821 
3584, 940 
3586, 741 
3588, 951 
3589, 513 
3593, 796 
3595, 279 
3598, 354 
3601, 383 
3602, 1031 
3605, 121 
3607, 43 
3608, 524 
3609, 66 
3614, 821 
3615, 581 
3617, 522 
3620, 936 
3621, 736 
3622, 69 
3624, 352 
3626, 77 
3627, 604 
3630, 522 
3633, 347 
3637, 1028 
3639, 262 
3641, 91 
3643, 7 
3645, 89 
3646, 653 
3647, 85 
3648, 280 
3652, 602 
3653, 146 
3655, 930 
3662, 925 
3665, 585 
3668, 389 
3670, 723 
3671, 366 
3673, 105 
3674, 419 
3675, 859 
3679, 958 
3680, 958 
3684, 734 
3685, 845 
3686, 38 
3687, 121 
3688, 769 
3691, 126 
3693, 410 
3694, 227 
3696, 227 
3698, 497 
37, 222 
3700, 187 
3701, 777 
3702, 612 
3703, 612 
3704, 492 
3705, 522 
3708, 282 
3710, 771 
3712, 1041 
3714, 227 
3720, 777 
3722, 121 
3727, 126 
3728, 851 
3730, 921 
3736, 516 
3737, 516 
3738, 786 
3739, 1019 
374, 965 
3741, 439 
3746, 734 
375, 334 
3752, 945 
3758, 187 
376, 622 
3760, 89 
3762, 462 
3763, 29 
3764, 89 
3768, 232 
377, 882 
3773, 419 
3774, 657 
3776, 126 
3777, 797 
3778, 1055 
3779, 105 
3780, 105 
3782, 223 
3783, 227 
3784, 1050 
3785, 621 
3786, 457 
3788, 532 
379, 66 
3790, 666 
3792, 580 
3793, 629 
3796, 938 
3797, 227 
3800, 512 
3802, 696 
3805, 892 
3808, 844 
3812, 419 
3813, 486 
3814, 952 
3815, 308 
3816, 767 
3818, 940 
3819, 940 
3821, 496 
3825, 66 
3828, 538 
3829, 419 
383, 585 
3834, 462 
3836, 511 
3840, 637 
3841, 585 
3849, 605 
385, 241 
3853, 139 
3854, 580 
3855, 139 
3856, 796 
3857, 227 
3858, 422 
386, 126 
3860, 24 
3861, 524 
3862, 522 
3866, 105 
3871, 847 
3872, 273 
3878, 16 
388, 940 
3880, 896 
3881, 644 
3885, 259 
3886, 159 
3887, 493 
3889, 461 
3893, 763 
3897, 413 
39, 851 
3907, 66 
3909, 66 
391, 618 
3910, 674 
3911, 294 
3912, 160 
3914, 815 
3917, 856 
3918, 61 
3919, 585 
3923, 739 
3925, 952 
3927, 903 
3935, 865 
3936, 863 
3938, 604 
3939, 821 
394, 898 
3941, 36 
3944, 806 
395, 486 
3950, 159 
3951, 157 
3955, 493 
3956, 402 
3963, 772 
3964, 182 
3965, 851 
3971, 39 
3976, 89 
3978, 279 
3979, 942 
3983, 15 
3984, 203 
3985, 227 
3988, 648 
3989, 56 
3990, 762 
3991, 522 
3992, 149 
3993, 398 
3995, 419 
3999, 592 
4, 227 
4001, 390 
4002, 761 
4003, 419 
4005, 1050 
4010, 873 
4013, 465 
4019, 926 
4024, 89 
4025, 225 
4027, 39 
4028, 874 
4029, 859 
403, 364 
4030, 874 
4032, 952 
4037, 89 
4038, 796 
4042, 334 
4046, 921 
4047, 772 
4048, 676 
4050, 676 
4051, 168 
4052, 548 
4056, 638 
4057, 952 
4059, 192 
406, 952 
4062, 410 
4063, 555 
4067, 334 
4069, 718 
4070, 573 
4072, 89 
4074, 227 
4075, 847 
4076, 504 
4077, 704 
4078, 1026 
4079, 749 
4082, 890 
4083, 768 
4087, 796 
4088, 1000 
4089, 1005 
4090, 227 
4091, 227 
4092, 71 
4095, 482 
4102, 334 
4105, 319 
4106, 80 
4110, 352 
4112, 797 
4113, 1005 
4116, 1028 
4122, 896 
4126, 673 
4128, 921 
4129, 952 
413, 33 
4132, 729 
4137, 749 
4138, 601 
4141, 951 
4142, 171 
4144, 566 
4145, 958 
4146, 585 
4147, 149 
4150, 89 
4151, 732 
4153, 687 
4154, 1015 
4156, 316 
4158, 995 
4160, 585 
4161, 940 
4162, 821 
4165, 1040 
4168, 226 
4172, 952 
4173, 91 
4174, 479 
4177, 450 
4179, 784 
4181, 851 
4183, 427 
4185, 149 
4191, 729 
4192, 540 
4194, 294 
42, 377 
4202, 790 
4204, 735 
4208, 585 
4209, 732 
4211, 204 
4212, 205 
4214, 151 
4217, 260 
4218, 367 
422, 473 
4220, 181 
4222, 918 
4224, 909 
4225, 562 
4226, 651 
4227, 70 
4229, 922 
4231, 234 
4233, 453 
4235, 723 
424, 522 
4240, 522 
4241, 522 
4245, 192 
425, 952 
4254, 221 
4255, 227 
4256, 256 
4261, 227 
4262, 796 
4265, 105 
4268, 239 
427, 665 
4270, 227 
4273, 160 
4275, 585 
4276, 950 
4277, 522 
4278, 121 
4279, 227 
4280, 227 
4281, 875 
4282, 227 
4283, 66 
4285, 524 
4286, 664 
4290, 548 
4293, 334 
4294, 141 
4295, 772 
4298, 389 
4299, 604 
430, 1051 
4300, 777 
4302, 1045 
4303, 729 
4305, 493 
4306, 121 
4308, 871 
4309, 582 
4312, 89 
4314, 515 
4315, 432 
4316, 419 
4318, 892 
4320, 604 
4321, 532 
4326, 427 
4328, 307 
4330, 354 
4331, 410 
4333, 904 
4339, 138 
4340, 585 
4344, 674 
4346, 1 
4347, 946 
4348, 958 
4349, 96 
4350, 247 
4351, 36 
4354, 585 
4355, 585 
4362, 607 
4366, 731 
4368, 685 
4369, 227 
4370, 239 
4372, 873 
4374, 551 
4376, 221 
4377, 929 
4379, 940 
4382, 477 
4383, 389 
4389, 847 
439, 528 
4390, 1 
4391, 814 
4393, 1 
4395, 664 
4398, 393 
4399, 54 
4406, 530 
4407, 334 
4409, 569 
4410, 679 
4412, 813 
4413, 735 
4421, 239 
4422, 42 
4423, 410 
4424, 975 
4425, 948 
4426, 578 
4429, 993 
4432, 1043 
4435, 929 
4437, 121 
4439, 126 
4441, 596 
4442, 851 
4443, 674 
4444, 821 
4445, 780 
4447, 217 
4448, 857 
4449, 896 
4450, 896 
4451, 1050 
4452, 149 
4454, 821 
4458, 952 
4460, 766 
4474, 61 
4477, 579 
4481, 391 
4483, 121 
4484, 126 
4485, 306 
4490, 187 
4491, 452 
4492, 612 
4495, 1011 
4498, 940 
4499, 239 
4501, 879 
4503, 192 
4505, 497 
4506, 585 
4507, 375 
4509, 940 
4515, 980 
4516, 664 
4517, 952 
4518, 316 
4519, 227 
4520, 637 
4522, 410 
4523, 497 
4524, 227 
4526, 875 
4529, 901 
4530, 952 
4533, 732 
4534, 524 
4536, 585 
454, 664 
4540, 775 
4541, 375 
4545, 717 
4557, 182 
4561, 958 
4563, 958 
4569, 410 
4570, 532 
4571, 678 
4573, 227 
4575, 89 
4577, 715 
4578, 340 
4580, 1010 
4588, 892 
459, 58 
4590, 92 
4592, 948 
4595, 155 
460, 821 
4603, 1050 
4605, 630 
4609, 898 
461, 721 
4612, 486 
4613, 674 
4618, 775 
4619, 900 
4622, 766 
4624, 439 
463, 890 
4630, 676 
4632, 946 
4633, 930 
4635, 888 
4636, 1031 
4637, 1031 
4638, 903 
4639, 29 
4641, 66 
4643, 915 
4644, 806 
4646, 806 
4648, 806 
465, 334 
4650, 114 
4651, 806 
4653, 796 
4656, 669 
4663, 50 
4664, 469 
4666, 506 
4667, 105 
4671, 285 
4675, 577 
4676, 903 
4682, 712 
4685, 739 
4686, 801 
4687, 89 
4688, 522 
4690, 497 
4691, 885 
4694, 585 
47, 758 
4702, 548 
4703, 548 
4704, 403 
4711, 138 
4714, 851 
4715, 952 
4716, 121 
472, 560 
4721, 80 
4722, 665 
4730, 294 
4733, 126 
4734, 410 
4735, 497 
4736, 737 
4737, 875 
4738, 729 
4742, 952 
4743, 289 
4748, 410 
4749, 585 
4751, 227 
4753, 522 
4754, 665 
4755, 121 
4761, 938 
4764, 276 
4766, 585 
4767, 585 
4769, 585 
4774, 952 
4778, 1028 
4780, 1027 
4781, 915 
4782, 859 
4786, 796 
4788, 839 
4789, 121 
4791, 816 
4794, 637 
4795, 585 
4797, 491 
4798, 281 
4799, 192 
48, 1051 
4804, 227 
4806, 473 
4807, 511 
4808, 227 
4817, 940 
4820, 875 
4822, 371 
4823, 508 
4826, 896 
4828, 859 
4829, 266 
4830, 173 
4831, 105 
4833, 422 
4837, 409 
4841, 89 
4842, 239 
4843, 196 
4846, 892 
4853, 636 
4856, 175 
4857, 89 
4858, 894 
4859, 894 
4860, 227 
4864, 24 
4865, 422 
4867, 320 
4873, 529 
4875, 84 
4876, 97 
4877, 634 
4879, 15 
4880, 56 
4881, 174 
4882, 187 
4883, 956 
4885, 29 
4887, 1026 
4889, 612 
4891, 864 
4892, 631 
4893, 626 
4894, 585 
4896, 206 
4900, 796 
4905, 859 
4906, 585 
4907, 435 
4913, 89 
4917, 940 
492, 470 
4920, 585 
4921, 162 
4922, 294 
4923, 709 
4925, 126 
4926, 1017 
4929, 29 
4930, 929 
4934, 805 
4935, 805 
4936, 184 
4937, 805 
4938, 688 
4943, 929 
4944, 419 
4945, 227 
4946, 735 
4951, 482 
4953, 36 
4955, 691 
4956, 227 
4958, 493 
4959, 197 
4960, 915 
4963, 558 
4965, 573 
4967, 344 
4969, 551 
4970, 197 
4971, 451 
498, 812 
4981, 814 
4983, 1 
4984, 114 
4985, 682 
4987, 955 
4988, 955 
4992, 1021 
4994, 720 
4996, 733 
500, 947 
5001, 507 
5003, 409 
5004, 118 
5008, 605 
5009, 1 
501, 482 
5017, 227 
5031, 952 
5033, 422 
5034, 187 
5036, 382 
5037, 279 
5038, 777 
5041, 122 
5042, 279 
5045, 16 
5050, 915 
5052, 89 
5053, 239 
5058, 89 
5062, 952 
5063, 1051 
5064, 89 
5065, 227 
5067, 986 
5068, 744 
5069, 744 
5070, 352 
5073, 952 
5075, 890 
5077, 227 
5078, 71 
5084, 80 
5085, 491 
5087, 732 
5088, 473 
5091, 462 
5093, 674 
5094, 493 
5096, 493 
5097, 89 
5098, 521 
51, 791 
5101, 395 
5102, 365 
5106, 664 
5107, 863 
5109, 182 
5110, 979 
5112, 140 
5113, 314 
5114, 1036 
5115, 334 
5117, 227 
5119, 227 
5121, 225 
5122, 16 
5125, 958 
5126, 958 
5127, 536 
5128, 888 
5131, 1018 
5132, 227 
5133, 227 
5135, 410 
5136, 419 
5142, 419 
5143, 723 
5144, 805 
5147, 872 
5148, 591 
5149, 522 
5151, 536 
5152, 126 
5156, 335 
5157, 452 
516, 903 
5160, 986 
5168, 89 
5169, 314 
517, 102 
5170, 314 
5171, 550 
5172, 550 
5174, 664 
5176, 585 
5179, 227 
518, 129 
5180, 136 
5183, 195 
5184, 673 
5186, 536 
5187, 89 
5189, 149 
5193, 77 
5194, 750 
5197, 851 
5199, 1018 
520, 674 
5200, 419 
5203, 729 
5206, 259 
5208, 389 
5209, 169 
5210, 796 
5211, 407 
5212, 958 
5214, 950 
5215, 860 
5216, 57 
5217, 15 
5218, 462 
522, 404 
5224, 64 
5225, 655 
5228, 800 
5229, 711 
5230, 192 
5232, 524 
5235, 813 
5238, 940 
5239, 241 
5242, 227 
5243, 585 
5244, 1028 
5245, 166 
5246, 952 
5249, 952 
5250, 952 
5252, 292 
5255, 289 
5256, 289 
5257, 585 
5258, 89 
5259, 289 
5260, 958 
5266, 902 
5267, 93 
5273, 121 
5274, 239 
5275, 786 
5285, 227 
5288, 227 
5289, 971 
5292, 50 
5293, 863 
5296, 126 
5298, 833 
530, 772 
5300, 69 
5301, 847 
5302, 334 
5303, 865 
5306, 80 
5308, 221 
5309, 664 
531, 121 
5311, 598 
5313, 727 
5318, 149 
5325, 940 
5326, 117 
5330, 548 
5331, 398 
5333, 410 
5334, 732 
5340, 126 
5342, 522 
5344, 585 
5345, 793 
5346, 71 
5347, 121 
5348, 950 
5350, 896 
5352, 210 
5354, 892 
5355, 637 
5356, 589 
5357, 958 
5368, 263 
5369, 573 
5370, 958 
5373, 243 
5375, 617 
5377, 617 
5381, 615 
5382, 951 
5383, 548 
5388, 585 
539, 585 
5393, 369 
5394, 227 
5397, 939 
5398, 863 
54, 552 
5401, 637 
5403, 294 
5405, 536 
5407, 374 
5408, 664 
5409, 753 
541, 985 
5410, 346 
5411, 801 
5412, 357 
5413, 236 
5417, 138 
5418, 768 
5421, 627 
5422, 782 
5423, 928 
5426, 192 
5427, 221 
5430, 938 
5431, 462 
5432, 314 
5435, 97 
5437, 29 
5438, 859 
5439, 535 
5441, 573 
5442, 930 
5445, 11 
5446, 984 
5448, 182 
5450, 892 
5451, 1028 
5456, 511 
5457, 89 
5459, 712 
5460, 304 
5464, 442 
5465, 772 
5468, 1000 
5471, 504 
5472, 504 
5474, 915 
5476, 940 
5477, 952 
5481, 227 
5482, 252 
5483, 227 
5485, 227 
5488, 24 
5489, 833 
5491, 274 
5493, 585 
5494, 585 
5495, 410 
5496, 262 
5501, 419 
5502, 863 
5503, 227 
5508, 762 
5509, 772 
551, 910 
5510, 279 
5511, 938 
5512, 938 
5516, 347 
5517, 748 
552, 914 
5521, 703 
5524, 991 
5527, 991 
5528, 991 
5534, 719 
5535, 489 
5536, 381 
5537, 908 
5539, 892 
5541, 585 
5542, 860 
5544, 378 
5546, 471 
5547, 562 
5550, 535 
5551, 940 
5552, 956 
5553, 457 
5554, 956 
5556, 845 
5557, 126 
5558, 859 
5559, 585 
556, 753 
5563, 473 
557, 664 
5570, 664 
5571, 227 
5576, 817 
5579, 71 
558, 89 
5581, 71 
5582, 36 
5583, 605 
5584, 732 
5588, 357 
5589, 227 
5590, 851 
5591, 851 
5592, 89 
5596, 191 
5597, 239 
5598, 553 
5607, 772 
5608, 111 
5610, 786 
5613, 585 
5615, 192 
5616, 439 
5618, 832 
562, 572 
5629, 1053 
5630, 227 
5633, 265 
5636, 227 
5637, 952 
5638, 223 
564, 607 
5640, 593 
5641, 29 
5643, 673 
5646, 89 
5647, 465 
5648, 851 
565, 607 
5650, 723 
5653, 227 
5654, 387 
5655, 16 
5656, 781 
5657, 777 
5658, 779 
5661, 211 
5663, 843 
5666, 821 
5667, 654 
5672, 929 
5674, 490 
5677, 585 
5680, 931 
5682, 768 
5684, 786 
5685, 834 
5688, 473 
569, 526 
570, 248 
5713, 522 
575, 36 
578, 958 
579, 817 
58, 239 
582, 126 
5838, 971 
585, 777 
587, 289 
588, 462 
598, 721 
603, 847 
606, 385 
61, 771 
614, 289 
618, 232 
62, 884 
621, 674 
6268, 433 
6270, 121 
6271, 410 
6272, 105 
6273, 224 
6274, 674 
6278, 417 
6279, 89 
6280, 462 
6283, 767 
6287, 585 
6288, 121 
6290, 673 
6295, 1051 
6296, 166 
6297, 182 
6300, 761 
6301, 940 
6302, 892 
6303, 238 
6304, 71 
6305, 419 
6306, 389 
631, 68 
6310, 585 
6312, 929 
6319, 121 
6320, 15 
6321, 89 
6323, 1055 
6324, 376 
6328, 89 
6329, 89 
6331, 493 
6333, 769 
6334, 319 
6335, 294 
6336, 717 
6337, 585 
6338, 766 
6341, 241 
6342, 241 
6346, 859 
6347, 410 
6348, 664 
6356, 276 
6357, 419 
636, 902 
6362, 1050 
6364, 204 
6366, 767 
6367, 929 
6368, 1005 
6369, 929 
637, 902 
6371, 958 
6374, 227 
6377, 98 
6378, 840 
6379, 840 
638, 233 
6380, 840 
6381, 664 
6382, 71 
6383, 585 
6384, 182 
6385, 585 
6387, 1006 
639, 856 
6390, 105 
6391, 863 
6394, 311 
6398, 334 
6399, 149 
6400, 294 
6402, 43 
6406, 162 
6408, 585 
6409, 335 
641, 241 
6412, 766 
6413, 389 
6414, 89 
6415, 89 
6416, 671 
6421, 548 
6422, 89 
6425, 147 
6426, 585 
6428, 1 
6429, 1 
6432, 364 
6433, 851 
6439, 666 
6441, 575 
6442, 242 
6443, 419 
6445, 840 
6447, 320 
6449, 732 
6450, 239 
6451, 419 
6452, 121 
6454, 301 
6457, 389 
6459, 664 
646, 664 
6461, 637 
6462, 380 
6464, 121 
6465, 768 
647, 796 
6471, 187 
6473, 419 
6474, 389 
6475, 929 
6477, 697 
6478, 227 
6481, 774 
6484, 912 
6485, 436 
6487, 187 
6489, 618 
649, 419 
6490, 419 
6494, 227 
6497, 745 
6498, 585 
650, 892 
6500, 389 
6501, 419 
6503, 483 
6506, 765 
6507, 66 
6509, 915 
6510, 940 
6513, 140 
6514, 634 
6515, 634 
6516, 638 
6517, 89 
6522, 940 
6523, 192 
6525, 227 
6527, 867 
6528, 867 
6530, 986 
6531, 227 
6533, 986 
6538, 585 
6539, 754 
6540, 818 
6545, 940 
6546, 940 
655, 476 
6551, 664 
6552, 664 
6553, 187 
6554, 796 
6557, 585 
6559, 389 
6560, 427 
6561, 419 
6562, 410 
6565, 524 
6567, 952 
6573, 302 
6574, 676 
6576, 279 
6578, 269 
6582, 591 
6583, 524 
6584, 511 
6585, 511 
6586, 791 
6590, 716 
6591, 149 
6596, 71 
6602, 227 
6604, 221 
6613, 126 
6617, 777 
6618, 940 
6619, 1054 
6620, 940 
6624, 187 
6626, 723 
6631, 419 
6632, 361 
6635, 89 
6637, 522 
6641, 1013 
6644, 50 
6645, 389 
6646, 896 
6647, 896 
6649, 585 
6651, 446 
6652, 620 
6653, 347 
6656, 410 
6659, 945 
666, 910 
6660, 618 
6661, 89 
6662, 63 
6664, 89 
6665, 419 
6666, 722 
6669, 66 
6670, 66 
6672, 916 
6673, 831 
6674, 622 
6676, 1005 
6681, 566 
6684, 449 
6685, 491 
6686, 462 
6687, 585 
6688, 364 
669, 115 
6691, 665 
6693, 548 
6697, 78 
6699, 223 
6707, 187 
6708, 536 
6709, 791 
6710, 791 
6711, 791 
6712, 791 
6713, 665 
6715, 121 
6716, 807 
6719, 320 
672, 814 
6721, 352 
6722, 352 
6723, 352 
6724, 847 
6725, 847 
6726, 847 
6730, 847 
6731, 736 
6732, 991 
6736, 585 
6738, 863 
6739, 108 
6741, 121 
6742, 664 
6743, 613 
6745, 605 
6746, 126 
6747, 868 
6749, 772 
675, 93 
6750, 1026 
6751, 227 
6752, 454 
6755, 851 
6758, 516 
6759, 223 
6760, 16 
6763, 462 
6764, 860 
6765, 859 
6767, 241 
6770, 1051 
6771, 16 
6773, 940 
6774, 573 
678, 663 
6780, 182 
6785, 664 
6788, 958 
6789, 766 
679, 419 
6791, 227 
6792, 227 
6793, 227 
6794, 821 
6795, 821 
6796, 664 
6797, 393 
6798, 393 
6799, 782 
680, 548 
6806, 664 
681, 585 
6811, 334 
6816, 548 
6817, 821 
6818, 1024 
6830, 341 
6835, 859 
6836, 89 
6858, 187 
6859, 29 
6860, 101 
6862, 99 
6866, 664 
6870, 697 
6873, 821 
6876, 140 
6879, 502 
688, 728 
6890, 618 
6893, 915 
6894, 762 
6895, 585 
6901, 24 
6902, 479 
6903, 536 
6904, 118 
6907, 187 
6912, 952 
6913, 166 
6914, 15 
692, 334 
6920, 361 
6922, 252 
6923, 922 
6924, 197 
6925, 197 
6926, 197 
6928, 917 
6931, 928 
6935, 930 
6945, 497 
6946, 664 
6947, 896 
6948, 722 
6951, 43 
6953, 408 
6963, 606 
6965, 669 
6972, 64 
6975, 419 
6977, 419 
698, 212 
6988, 679 
6993, 149 
6994, 419 
6997, 552 
6998, 872 
7003, 664 
7004, 89 
7008, 126 
7010, 782 
7013, 89 
7020, 221 
7021, 940 
704, 1031 
7042, 628 
7045, 524 
7054, 149 
7064, 580 
7070, 940 
7071, 952 
708, 896 
7080, 218 
7081, 138 
7099, 952 
71, 568 
7105, 950 
7115, 249 
7119, 599 
7127, 915 
7128, 121 
7134, 227 
7137, 192 
7138, 821 
7140, 511 
7142, 366 
7143, 664 
7147, 221 
7148, 221 
7149, 732 
7150, 227 
7151, 929 
7152, 227 
7153, 227 
7159, 664 
716, 47 
7160, 89 
7161, 867 
7163, 80 
7164, 777 
7166, 585 
7167, 952 
7169, 929 
7172, 664 
7174, 522 
7175, 912 
7176, 482 
7177, 774 
7179, 867 
7181, 268 
7182, 322 
7184, 218 
7185, 956 
7186, 121 
7187, 585 
7189, 269 
719, 918 
7190, 1 
7191, 729 
7192, 473 
7194, 232 
7195, 465 
7200, 24 
7202, 71 
7206, 729 
7207, 729 
7209, 419 
7210, 419 
7212, 674 
7213, 929 
7214, 691 
7215, 664 
7216, 192 
7218, 914 
7220, 717 
7223, 589 
7227, 524 
7228, 936 
7229, 851 
7230, 149 
7231, 851 
7234, 624 
7236, 922 
7238, 922 
7241, 929 
7242, 77 
7245, 539 
7247, 946 
7248, 227 
7250, 105 
7253, 419 
7254, 945 
7258, 419 
7259, 419 
726, 958 
7260, 89 
7261, 138 
7262, 522 
7264, 585 
7265, 946 
7266, 777 
7267, 89 
7268, 929 
7270, 896 
7271, 121 
7276, 126 
7277, 524 
7282, 121 
7284, 239 
7288, 126 
7289, 965 
7290, 121 
7292, 952 
7293, 294 
7294, 419 
7298, 227 
7299, 892 
7300, 112 
7301, 929 
7303, 77 
7307, 655 
7308, 419 
7309, 821 
7310, 524 
7311, 318 
7313, 15 
7314, 524 
7316, 178 
7318, 221 
7321, 187 
7324, 419 
7325, 419 
7327, 1028 
7328, 320 
7329, 475 
7330, 319 
7331, 187 
7334, 121 
7336, 59 
7337, 674 
7338, 1 
7339, 905 
734, 718 
7340, 1 
7341, 673 
7344, 259 
7347, 638 
7350, 821 
7351, 821 
7352, 473 
7355, 227 
7357, 524 
736, 673 
7360, 436 
7361, 89 
7362, 89 
7364, 524 
7366, 585 
7375, 415 
7378, 227 
738, 596 
7382, 915 
7383, 755 
7384, 705 
7385, 704 
7395, 664 
7396, 664 
7401, 520 
7405, 227 
7406, 239 
7407, 68 
7408, 986 
7409, 284 
741, 1031 
7410, 952 
7411, 929 
7415, 187 
7420, 89 
7421, 664 
7422, 637 
7423, 97 
7424, 762 
7425, 732 
7426, 486 
7430, 227 
7431, 567 
7439, 734 
7443, 743 
7444, 322 
7445, 271 
7446, 821 
7447, 821 
7449, 777 
7451, 227 
7453, 874 
7459, 915 
7461, 529 
7462, 269 
7469, 105 
7471, 105 
7472, 952 
7473, 41 
7474, 930 
7476, 458 
7478, 488 
748, 618 
7482, 892 
7483, 892 
7486, 131 
7489, 227 
749, 618 
7490, 929 
7491, 847 
7493, 859 
7495, 688 
7496, 334 
7497, 50 
75, 335 
7501, 284 
7505, 585 
7509, 89 
7511, 289 
7512, 952 
7513, 49 
7515, 938 
7516, 252 
7517, 1015 
7518, 664 
7520, 759 
7523, 469 
7526, 89 
7529, 796 
7534, 847 
7535, 847 
7538, 778 
7539, 955 
754, 859 
7540, 113 
7541, 796 
7542, 796 
7543, 28 
7545, 777 
7546, 192 
7548, 764 
7549, 89 
7552, 106 
7556, 398 
7557, 67 
7559, 491 
7561, 970 
7562, 419 
7566, 473 
757, 399 
7570, 1057 
7571, 105 
7575, 235 
7577, 13 
7578, 802 
7579, 986 
758, 676 
7581, 851 
7582, 235 
7584, 126 
7585, 239 
7586, 766 
7588, 473 
7589, 473 
7590, 786 
7591, 121 
7596, 142 
7597, 520 
7598, 520 
7599, 940 
76, 335 
7601, 896 
7607, 1043 
7608, 89 
7609, 89 
7610, 304 
7612, 374 
7614, 491 
7615, 272 
7616, 952 
7617, 279 
7618, 585 
762, 89 
7621, 814 
7623, 915 
7624, 419 
7625, 1001 
7626, 419 
7628, 784 
7631, 111 
7632, 89 
7633, 89 
7634, 636 
7635, 357 
7636, 239 
7640, 732 
7642, 227 
7644, 227 
7645, 777 
7648, 227 
7649, 89 
7650, 89 
7651, 182 
7652, 766 
7655, 759 
7659, 115 
7660, 892 
7662, 585 
7663, 9 
7664, 180 
7665, 180 
7668, 915 
7669, 863 
7679, 304 
7680, 304 
7681, 929 
7682, 419 
7689, 71 
769, 497 
7691, 328 
7692, 790 
7695, 1055 
7696, 1050 
7697, 89 
7705, 794 
7712, 758 
7725, 126 
7731, 464 
7733, 929 
7741, 902 
7746, 398 
7754, 618 
7763, 585 
7764, 884 
7776, 873 
7783, 497 
7785, 674 
7795, 556 
7802, 484 
7820, 187 
7832, 1026 
7838, 89 
7840, 663 
7841, 419 
7848, 772 
7864, 1028 
7867, 637 
7868, 637 
7871, 940 
7872, 389 
7873, 419 
7879, 227 
7880, 940 
7882, 68 
7886, 637 
7887, 940 
7891, 1046 
7892, 550 
7895, 986 
7898, 227 
7900, 419 
7902, 409 
7907, 2 
7909, 986 
7910, 714 
7911, 585 
7912, 585 
7914, 585 
7915, 227 
7916, 149 
7917, 149 
7918, 227 
7919, 783 
7920, 227 
7924, 1007 
7933, 93 
7935, 166 
7942, 101 
7943, 187 
7944, 121 
7945, 252 
7946, 419 
7948, 605 
7949, 708 
795, 922 
7950, 862 
7951, 89 
7956, 115 
796, 902 
7961, 182 
7962, 182 
7965, 187 
7966, 585 
7967, 585 
7968, 221 
7969, 221 
7970, 766 
7971, 479 
7972, 1042 
7973, 821 
7975, 725 
7976, 414 
7978, 414 
7981, 769 
7984, 398 
7986, 664 
7987, 585 
7988, 585 
7990, 620 
7993, 585 
7996, 784 
7997, 952 
80, 35 
8000, 462 
8002, 938 
8003, 449 
8005, 749 
8008, 749 
801, 257 
8012, 334 
8013, 334 
8015, 707 
8017, 149 
8018, 227 
8021, 847 
8022, 593 
8023, 95 
8025, 624 
8027, 765 
8028, 883 
8030, 300 
8031, 806 
8032, 389 
8033, 389 
8037, 378 
8038, 419 
8040, 36 
8041, 1058 
8042, 952 
8045, 522 
8046, 187 
8047, 896 
8048, 522 
8049, 655 
8055, 903 
8057, 903 
8060, 221 
8063, 121 
8064, 522 
8065, 121 
8068, 473 
8070, 664 
8071, 952 
8073, 126 
8074, 89 
8076, 121 
8082, 11 
8084, 700 
8087, 105 
8088, 252 
8089, 859 
8091, 952 
8093, 1012 
8094, 835 
8096, 419 
8097, 419 
8098, 766 
8099, 1018 
810, 618 
8100, 940 
8101, 585 
8103, 214 
8104, 585 
8106, 419 
811, 686 
8112, 1057 
8113, 617 
8114, 617 
8115, 673 
8117, 729 
8118, 221 
8119, 845 
8120, 422 
8122, 445 
8125, 419 
8126, 777 
8131, 768 
8132, 270 
8133, 269 
8134, 269 
8135, 777 
8138, 664 
8140, 664 
8143, 126 
8144, 585 
8150, 436 
8151, 672 
8153, 952 
8154, 182 
8158, 598 
8161, 821 
8164, 223 
8166, 419 
8167, 419 
8168, 1028 
8171, 1031 
8172, 664 
8173, 664 
8174, 126 
8175, 859 
8176, 473 
8177, 964 
8178, 986 
8179, 867 
818, 77 
8181, 976 
8183, 1059 
8185, 522 
8186, 334 
8189, 520 
8190, 520 
8191, 859 
8194, 262 
8195, 262 
8197, 1028 
8199, 986 
8200, 227 
8202, 748 
8203, 924 
8207, 227 
8208, 986 
8209, 126 
8210, 1028 
8212, 724 
8213, 802 
8215, 13 
8216, 802 
8218, 334 
8221, 777 
8222, 190 
8223, 389 
8224, 958 
8233, 462 
8237, 227 
8238, 389 
8239, 907 
8241, 688 
8242, 879 
8244, 664 
8245, 389 
8248, 952 
8249, 952 
8250, 389 
8252, 419 
8260, 16 
8264, 929 
8265, 1005 
8266, 419 
8273, 896 
8274, 936 
8275, 89 
8276, 89 
8280, 816 
8282, 419 
8284, 860 
8285, 187 
8286, 879 
8287, 504 
8289, 664 
8291, 389 
8292, 796 
8293, 938 
8295, 994 
8296, 271 
8297, 929 
8298, 929 
8300, 475 
8302, 227 
8304, 227 
8305, 227 
8306, 36 
8308, 227 
8309, 227 
831, 785 
8310, 473 
8312, 232 
8313, 239 
8317, 239 
8325, 585 
8329, 766 
8331, 361 
8332, 777 
8333, 591 
8335, 209 
8336, 333 
8338, 802 
8342, 952 
8343, 338 
8347, 664 
8348, 82 
8350, 264 
8352, 126 
8353, 126 
8354, 81 
8355, 805 
8356, 770 
8357, 227 
8358, 723 
836, 409 
8360, 909 
8362, 149 
8364, 314 
8366, 187 
8367, 508 
8368, 796 
8369, 221 
8373, 870 
8374, 66 
8377, 580 
8378, 914 
8380, 764 
8381, 774 
8383, 585 
8384, 896 
8385, 521 
8386, 999 
8387, 952 
8388, 439 
839, 45 
8390, 192 
8391, 1028 
8393, 625 
8394, 925 
8395, 585 
8396, 1 
8397, 1 
8398, 462 
8401, 320 
8402, 654 
8408, 111 
8409, 410 
8410, 576 
8411, 585 
8412, 486 
8413, 126 
8414, 958 
8415, 118 
8416, 601 
8417, 957 
8418, 601 
8420, 221 
8422, 638 
8424, 892 
8425, 734 
8428, 612 
8429, 675 
843, 1025 
8430, 105 
8432, 679 
8435, 585 
8436, 89 
8439, 182 
8442, 875 
8443, 289 
8447, 462 
8456, 585 
8457, 241 
8458, 502 
8459, 892 
8460, 952 
8461, 842 
8463, 842 
8466, 674 
8467, 121 
8471, 473 
8473, 179 
8474, 766 
8477, 279 
8479, 946 
8480, 946 
8483, 784 
8486, 863 
8487, 1018 
8489, 473 
8491, 892 
8493, 892 
8500, 664 
8501, 952 
8502, 352 
8503, 638 
8505, 227 
8507, 949 
8508, 227 
8510, 183 
8511, 1059 
8513, 600 
8514, 915 
8517, 847 
8518, 227 
8519, 89 
8520, 821 
8521, 493 
8522, 766 
8523, 664 
8524, 522 
8525, 89 
8527, 89 
8528, 389 
8529, 89 
8531, 419 
8532, 389 
8534, 952 
8536, 15 
8538, 925 
8539, 867 
8541, 297 
8542, 310 
8543, 222 
8544, 176 
8545, 929 
8547, 135 
8548, 535 
8549, 958 
855, 902 
8552, 438 
8555, 612 
8557, 490 
8558, 637 
8560, 637 
8564, 802 
8565, 536 
8566, 89 
8567, 731 
857, 929 
8571, 299 
8572, 679 
8576, 182 
8577, 929 
8578, 1005 
8579, 378 
858, 940 
8581, 723 
8582, 522 
8583, 522 
8584, 777 
8585, 777 
8588, 126 
8589, 243 
859, 89 
8590, 813 
8597, 522 
860, 786 
8600, 585 
8601, 522 
8602, 126 
8603, 126 
8604, 940 
8605, 892 
8609, 250 
8610, 486 
8611, 419 
8612, 149 
8615, 896 
8616, 896 
8618, 712 
862, 676 
8620, 712 
8625, 331 
8626, 1050 
8627, 664 
8629, 676 
8635, 645 
8636, 892 
8637, 379 
8638, 1013 
8639, 259 
8641, 327 
8642, 289 
8644, 239 
8645, 482 
8649, 930 
8650, 557 
8656, 182 
8659, 585 
866, 486 
8661, 766 
8664, 389 
8666, 419 
8669, 821 
8670, 479 
8671, 239 
8672, 176 
8675, 436 
8677, 497 
8678, 275 
8679, 288 
8681, 890 
8682, 860 
8684, 634 
8685, 221 
8686, 223 
8689, 821 
869, 618 
8692, 136 
8697, 666 
8698, 486 
8699, 684 
8705, 798 
8707, 71 
8713, 227 
8716, 499 
8717, 532 
8718, 674 
8719, 121 
8720, 121 
8723, 66 
8726, 15 
8727, 1051 
8729, 536 
8731, 389 
8732, 585 
8733, 309 
8735, 1028 
8736, 738 
8737, 551 
8738, 969 
8740, 511 
8743, 95 
8744, 847 
8745, 101 
8747, 15 
8748, 952 
8749, 227 
8751, 227 
8752, 66 
8753, 227 
8754, 279 
8761, 912 
8767, 460 
8769, 664 
8771, 896 
8772, 192 
8773, 1028 
8775, 1019 
8776, 294 
8777, 1018 
8779, 440 
8780, 767 
8781, 1018 
8782, 1018 
8784, 1018 
8785, 1018 
8786, 289 
8787, 77 
8789, 929 
879, 802 
8794, 105 
8795, 922 
8798, 227 
8800, 133 
8801, 667 
8802, 766 
8804, 524 
8805, 664 
8808, 105 
8809, 104 
881, 241 
8810, 815 
8813, 508 
8815, 479 
8817, 585 
8827, 821 
8829, 398 
8831, 986 
8835, 149 
8837, 863 
8839, 863 
8843, 983 
8845, 166 
8847, 15 
8848, 821 
8849, 732 
8852, 749 
8853, 777 
8854, 221 
8855, 585 
8858, 577 
8861, 723 
8862, 279 
8863, 723 
8864, 952 
8866, 422 
8867, 422 
8868, 952 
8871, 511 
8872, 89 
8876, 166 
8878, 946 
888, 990 
8880, 946 
8885, 508 
8889, 508 
8890, 473 
8892, 138 
8893, 585 
8894, 777 
8895, 896 
8898, 24 
8899, 277 
89, 334 
890, 723 
8900, 60 
8901, 772 
8902, 345 
8903, 221 
8908, 508 
8909, 1028 
8911, 958 
8912, 252 
8913, 612 
8914, 89 
8916, 294 
8917, 585 
8918, 479 
8920, 938 
8923, 896 
8926, 187 
8927, 187 
8928, 585 
8929, 585 
8931, 126 
8940, 286 
8941, 821 
8942, 276 
8943, 197 
8944, 105 
8945, 89 
8947, 929 
895, 735 
8951, 378 
8953, 847 
8955, 217 
8956, 1046 
8959, 1036 
8962, 239 
8964, 166 
8967, 508 
897, 218 
8973, 347 
8974, 869 
8975, 227 
8977, 227 
8978, 664 
8979, 766 
8982, 243 
8984, 585 
8985, 585 
8989, 508 
8990, 922 
8991, 508 
8992, 821 
8995, 796 
8996, 814 
8998, 133 
8999, 664 
9004, 126 
9005, 675 
9006, 774 
901, 384 
9011, 859 
9013, 358 
9014, 879 
9015, 892 
9017, 892 
9019, 71 
9021, 239 
9023, 227 
9025, 618 
9026, 241 
9027, 563 
9028, 585 
9029, 585 
9037, 664 
9038, 892 
9041, 929 
9042, 929 
9043, 89 
9045, 469 
9046, 89 
9047, 126 
9049, 126 
9050, 493 
9053, 232 
9054, 232 
9055, 1054 
9056, 89 
9058, 419 
9059, 498 
906, 669 
9060, 335 
9061, 915 
9062, 223 
9063, 221 
9064, 585 
9065, 898 
9066, 293 
9067, 27 
9069, 522 
9073, 915 
9074, 562 
9075, 562 
9076, 562 
9077, 562 
9078, 221 
9080, 562 
9083, 884 
9084, 801 
9086, 884 
9087, 955 
9090, 591 
9094, 859 
9095, 596 
9096, 717 
9098, 732 
910, 50 
9101, 791 
9102, 772 
9104, 784 
9106, 221 
9116, 909 
9120, 221 
9123, 26 
9124, 187 
9125, 11 
9126, 221 
9127, 267 
9128, 522 
9129, 419 
913, 836 
9130, 585 
9131, 465 
9132, 585 
9137, 608 
9138, 73 
914, 735 
9140, 859 
9141, 612 
9143, 612 
9144, 313 
9145, 239 
9148, 748 
9151, 21 
9153, 562 
9154, 562 
9155, 562 
9156, 568 
9157, 182 
9159, 340 
916, 187 
9161, 920 
9164, 149 
9165, 149 
9166, 898 
9167, 149 
9168, 89 
9169, 121 
9171, 851 
9172, 532 
9176, 749 
9180, 1004 
9183, 565 
9185, 438 
9187, 620 
9188, 620 
9190, 419 
9191, 239 
9192, 239 
9193, 239 
9195, 491 
9196, 34 
9197, 80 
9200, 607 
9206, 370 
9207, 892 
9208, 149 
9210, 847 
9212, 504 
9213, 157 
9215, 352 
9219, 677 
922, 126 
9220, 723 
9222, 532 
9226, 5 
9228, 116 
923, 988 
9230, 1020 
9234, 922 
9237, 29 
9241, 655 
9244, 605 
9245, 605 
9249, 324 
9253, 389 
9255, 732 
9256, 126 
9257, 126 
9258, 885 
9259, 478 
9263, 982 
9264, 139 
9265, 356 
9266, 139 
9267, 1051 
9268, 291 
927, 631 
9270, 291 
9274, 462 
9276, 1030 
9277, 416 
9279, 982 
9281, 457 
9285, 259 
9286, 872 
9287, 522 
9288, 347 
9289, 89 
9290, 121 
9292, 590 
9294, 952 
9296, 352 
9297, 352 
9298, 352 
9299, 195 
9300, 89 
9302, 887 
9309, 524 
9310, 1050 
9311, 522 
9312, 684 
9315, 319 
9319, 1051 
9320, 200 
9321, 89 
9324, 227 
9329, 676 
933, 728 
9330, 319 
9331, 319 
9333, 585 
9334, 585 
9336, 730 
9338, 922 
9339, 749 
9340, 352 
936, 105 
937, 334 
941, 669 
950, 473 
962, 863 
966, 556 
967, 736 
968, 187 
969, 187 
972, 374 
975, 618 
977, 977 
979, 342 
99, 768 
990, 382 
998, 762 
