author_id,google_hindex,ms_hindex
1,0,21
2,0,44
3,0,45
4,69,52
5,0,33
6,0,23
7,0,8
8,0,7
9,0,16
10,51,53
11,84,61
12,0,15
13,36,30
14,0,16
15,4,4
16,45,32
17,50,34
18,0,31
19,0,7
20,18,16
21,0,59
22,0,8
23,0,41
24,63,50
25,28,27
26,0,107
27,0,20
28,0,7
29,0,3
30,0,18
31,0,59
32,0,1
33,41,29
34,0,1
35,50,2
36,0,20
37,34,9
38,12,19
39,72,65
40,0,53
41,127,104
42,17,52
43,0,60
44,0,39
45,25,18
46,47,36
47,55,44
48,22,4
49,0,3
50,0,0
51,85,47
52,0,43
53,0,40
54,144,118
55,0,5
56,0,11
57,96,51
58,16,56
59,0,2
60,0,48
61,45,40
62,46,48
63,44,36
64,0,8
65,0,17
66,0,39
67,0,24
68,0,7
69,0,7
70,27,18
71,29,26
72,0,48
74,0,17
75,28,55
76,30,30
77,0,14
78,0,0
79,0,11
80,27,30
81,0,4
82,0,9
83,0,8
84,0,0
85,0,12
86,0,12
87,0,0
88,0,19
89,51,32
90,0,25
91,0,10
92,0,12
93,0,5
94,0,23
95,0,9
96,0,25
97,36,25
98,69,12
99,87,75
100,0,18
101,21,18
102,0,44
103,0,14
104,27,20
105,0,3
106,64,52
107,60,46
108,0,33
109,0,9
110,0,11
111,0,7
112,0,18
113,0,9
114,0,10
115,0,17
116,0,7
117,0,40
118,89,70
119,0,14
120,32,26
121,132,106
122,95,88
123,0,1
124,0,20
125,28,50
126,0,12
127,0,7
128,51,40
129,0,3
130,0,10
131,0,22
132,0,0
133,0,0
134,51,41
135,39,29
136,0,0
137,0,0
138,0,0
139,0,30
140,44,36
141,0,30
142,0,19
143,45,88
144,47,41
145,0,6
146,0,30
147,0,30
148,0,50
149,23,21
150,11,90
152,19,16
153,0,19
154,0,14
155,0,39
156,37,53
157,0,5
158,0,17
159,0,32
160,0,18
161,7,5
162,0,13
163,0,1
164,0,49
165,0,1
166,0,40
167,0,15
168,0,79
169,0,18
170,0,36
171,0,32
172,34,31
173,0,24
174,0,44
175,0,9
176,0,40
177,28,42
178,101,85
179,0,0
180,42,19
181,24,16
182,0,52
183,42,35
184,0,32
186,27,22
188,0,6
189,0,12
190,72,52
191,51,39
192,0,5
195,0,2
196,0,9
197,0,4
198,0,7
199,47,44
200,96,65
201,0,4
202,39,42
203,4,66
204,78,72
205,65,62
206,89,69
207,0,63
208,34,23
209,0,15
210,0,21
211,0,12
212,16,43
213,33,26
214,36,7
216,45,37
217,17,21
218,0,96
219,0,6
220,5,84
221,0,34
222,0,16
224,0,1
225,0,18
226,0,9
227,0,3
228,0,0
229,0,43
230,0,64
231,33,30
232,21,16
233,0,2
234,0,30
235,0,2
236,0,10
237,0,3
238,31,57
239,0,9
240,0,17
241,0,13
242,0,8
243,3,13
244,0,7
245,0,3
246,0,25
247,1,39
248,71,61
249,0,12
250,0,13
251,54,70
252,0,23
253,146,126
254,0,10
255,0,8
256,0,8
257,0,8
258,0,2
259,0,48
260,15,11
261,0,27
262,0,4
263,0,6
264,0,56
265,0,40
267,0,7
268,0,20
269,0,1
270,30,56
271,40,18
272,2,11
273,0,7
274,0,21
275,0,2
276,0,6
277,0,2
278,0,9
279,0,14
280,0,16
281,36,30
282,0,96
283,19,15
284,51,25
285,0,16
286,0,12
287,0,18
288,0,9
289,0,4
290,0,45
291,34,29
292,0,17
293,0,28
294,0,5
295,0,6
296,26,138
297,0,20
298,0,25
299,0,6
300,0,3
301,0,9
302,0,48
303,38,39
304,0,2
305,61,51
306,0,30
307,0,1
308,30,22
309,0,62
310,7,5
313,52,43
314,0,13
315,59,38
316,0,27
317,0,39
318,0,15
319,0,43
320,0,12
321,0,2
322,0,32
323,107,86
324,67,53
325,0,58
326,62,56
327,0,28
328,3,8
329,0,28
330,138,113
331,34,41
332,3,44
333,0,6
334,0,36
335,0,5
336,0,33
337,0,12
338,35,27
339,0,2
340,0,15
341,24,19
342,34,25
343,70,58
344,0,17
345,0,10
346,0,13
347,124,138
348,0,6
349,0,1
350,59,48
351,16,13
352,0,0
353,0,10
354,8,5
355,0,4
356,0,0
357,0,21
358,0,19
359,0,17
360,0,32
361,0,6
362,0,49
363,0,20
364,62,54
365,0,12
366,0,9
367,0,36
368,0,22
369,5,6
370,0,7
371,0,59
372,0,1
373,0,22
374,0,14
375,88,90
376,52,46
377,24,19
378,0,13
379,41,24
380,0,6
381,0,11
382,0,44
383,8,60
384,0,74
385,45,35
386,49,39
387,0,1
388,45,35
389,3,48
390,5,100
391,34,28
392,0,66
393,37,30
394,5,65
395,33,26
396,0,4
397,0,11
398,0,45
399,0,30
400,0,0
401,0,0
402,0,2
403,28,25
404,0,13
405,0,24
406,48,44
407,0,16
408,0,11
409,0,16
410,0,28
411,0,15
412,0,7
413,85,73
414,0,24
415,0,8
416,0,5
417,0,2
418,46,39
419,0,20
420,0,26
421,0,4
422,31,24
423,47,39
424,61,51
425,46,37
426,0,16
427,17,18
428,26,21
429,0,46
430,32,31
431,0,29
432,0,1
433,0,35
434,0,4
435,0,8
436,36,64
437,0,64
438,0,24
439,7,46
440,1,1
441,0,1
442,0,6
443,0,60
444,0,5
445,0,10
446,112,96
447,0,2
448,0,51
449,0,6
450,0,0
451,0,18
452,0,4
453,0,17
454,51,37
455,0,10
457,0,19
458,0,36
459,54,47
460,144,114
461,31,10
462,0,3
463,28,19
464,0,16
465,35,31
466,0,16
467,0,20
468,0,0
469,0,8
471,76,67
472,9,5
473,60,53
474,0,25
475,0,0
476,35,28
477,0,14
478,0,4
479,0,6
480,0,10
481,5,6
482,0,29
483,0,1
484,0,7
485,0,18
486,3,14
487,0,5
488,0,30
489,0,67
490,0,17
491,43,38
492,10,11
493,0,16
494,0,12
496,0,22
497,0,21
498,36,28
499,0,11
500,15,12
501,36,33
502,0,14
503,0,23
504,0,1
505,0,43
506,54,44
507,39,65
508,0,5
509,0,11
510,0,16
511,0,9
512,0,11
513,0,50
514,0,19
516,29,45
517,39,34
518,41,35
519,0,20
520,50,39
521,0,27
522,38,28
523,16,55
524,0,0
525,0,14
526,0,6
527,33,22
528,0,12
529,0,53
530,49,39
531,54,43
532,0,2
533,37,28
534,0,18
535,0,25
537,0,26
539,134,107
540,0,0
541,3,16
542,0,8
543,0,5
544,11,8
545,0,5
546,0,44
547,16,13
548,0,1
549,0,54
550,0,19
551,29,23
552,28,22
554,0,27
555,0,29
556,77,74
557,18,21
558,64,102
559,0,22
560,16,11
561,0,34
562,46,37
563,0,4
564,31,22
565,36,20
566,0,0
567,0,14
568,37,24
569,41,34
570,63,37
571,0,3
572,0,13
573,0,1
574,0,1
575,45,37
576,0,8
577,0,18
578,54,43
579,11,12
580,0,10
581,0,10
582,21,16
583,77,28
584,14,11
585,27,73
586,0,47
587,74,53
588,27,23
589,0,17
590,0,9
591,0,12
592,0,42
593,0,25
594,0,40
595,0,0
596,0,3
597,0,2
598,3,2
599,0,31
601,30,14
602,0,5
603,49,39
604,0,4
605,0,56
606,36,31
607,0,51
608,0,20
609,0,12
610,0,11
611,0,1
612,0,6
614,37,30
615,0,18
616,0,5
617,22,56
618,60,47
619,0,5
620,46,35
621,77,74
622,0,1
624,0,5
625,0,127
626,0,4
627,0,60
628,0,56
629,0,44
630,0,68
631,85,68
632,0,76
633,0,1
634,18,16
635,0,8
636,29,23
637,36,29
638,33,25
639,26,24
640,0,77
641,56,45
642,0,50
643,0,33
644,0,1
645,0,7
646,57,49
647,50,39
648,0,24
649,73,147
650,7,26
651,0,5
652,0,20
653,0,39
654,0,33
655,44,42
656,0,0
657,0,0
658,0,10
659,0,16
660,35,23
661,38,31
662,0,17
663,0,41
664,0,7
666,35,30
667,0,37
668,0,2
669,55,37
670,0,9
671,3,18
672,9,7
673,0,0
674,0,51
675,40,31
676,0,11
677,0,8
678,96,74
679,122,99
680,44,88
681,40,36
682,0,1
683,0,9
684,0,7
685,0,1
686,0,25
687,0,1
688,10,17
689,0,12
690,0,81
692,52,44
693,0,11
694,0,2
695,0,76
696,0,8
697,0,13
698,30,26
699,0,7
700,10,5
701,0,7
703,0,12
704,45,40
705,0,8
706,0,17
707,0,29
708,63,57
709,0,29
710,72,65
711,0,19
714,0,41
715,0,25
716,12,65
717,0,11
719,56,68
721,0,11
722,0,27
723,0,8
724,0,2
725,0,7
726,47,27
727,0,2
728,21,19
729,0,31
730,20,53
731,0,8
732,0,62
733,0,13
734,26,22
735,42,34
736,63,50
737,0,1
738,25,22
739,0,44
740,3,8
741,41,37
742,0,8
743,0,25
744,0,4
745,0,10
746,0,16
747,0,2
748,40,73
749,37,31
750,0,18
751,0,4
752,0,1
753,0,25
754,62,75
755,16,42
756,0,7
757,27,24
758,46,43
759,0,44
760,0,19
761,0,21
762,72,60
763,0,0
764,52,48
765,0,14
766,0,28
767,30,24
768,0,14
769,66,53
770,0,27
771,14,10
772,20,49
773,0,22
774,0,4
775,0,3
776,0,0
778,0,3
779,0,8
780,0,43
781,23,13
782,0,12
783,0,9
784,20,15
785,0,8
786,0,7
787,0,56
788,0,10
789,0,6
790,0,71
791,0,28
792,0,56
793,0,6
795,1,25
796,32,29
797,0,12
798,0,9
799,0,10
800,0,1
801,53,58
802,0,8
803,0,15
804,0,4
805,0,18
806,0,14
807,0,12
808,0,0
809,28,24
810,41,31
811,100,81
812,0,20
813,0,19
814,0,4
815,0,5
816,0,7
817,0,45
818,56,95
819,26,18
820,0,6
821,0,40
823,10,9
824,0,139
825,0,7
826,0,9
827,0,33
828,0,16
829,0,10
830,0,6
831,26,20
832,0,36
833,0,17
834,0,5
835,0,19
836,37,40
837,0,13
838,62,54
839,56,42
841,0,11
842,0,23
843,27,21
844,0,71
845,0,3
846,18,11
847,0,0
848,0,3
849,0,38
850,2,10
851,0,25
852,0,11
853,0,0
854,0,12
855,10,76
856,0,5
857,78,65
858,42,34
859,75,64
860,82,75
861,0,6
862,44,34
863,0,46
864,0,16
865,0,38
866,94,73
867,60,47
868,46,39
869,34,27
870,0,23
871,0,13
875,0,9
876,0,8
877,0,0
878,0,45
879,65,54
880,53,46
881,37,28
882,0,5
883,0,13
884,0,9
886,0,12
887,0,9
888,22,17
889,0,17
890,71,86
891,0,11
892,0,22
893,0,56
894,0,3
895,21,16
896,0,38
897,61,48
898,0,8
899,0,19
900,0,44
901,85,75
902,0,12
904,0,1
905,0,35
906,19,14
907,0,4
908,0,8
909,0,2
910,39,31
911,70,55
912,0,20
913,104,89
914,19,17
915,0,0
916,29,27
917,0,4
918,0,14
919,0,15
920,0,13
921,0,11
922,40,39
923,32,26
924,0,26
925,0,15
926,0,29
927,24,19
928,0,13
929,0,34
930,0,11
931,25,72
932,0,5
933,17,50
934,0,12
935,0,6
936,13,98
937,84,68
938,0,14
939,47,48
940,0,2
941,45,39
942,0,9
943,0,37
944,0,19
945,0,8
946,20,16
947,27,25
948,0,20
949,79,82
950,35,101
951,0,10
952,0,11
953,0,0
954,0,13
956,0,13
957,0,30
960,0,92
961,0,4
962,47,39
963,0,22
964,8,8
966,42,35
967,9,3
968,64,48
969,52,86
970,30,21
971,0,0
972,23,18
973,0,4
974,0,23
975,40,40
976,0,54
977,39,30
978,0,56
979,9,20
980,0,11
981,0,66
982,0,26
983,0,44
984,16,14
985,5,10
986,0,5
987,0,20
988,0,9
989,31,25
990,19,19
991,0,14
992,0,39
993,0,0
994,0,11
996,0,4
997,0,16
998,46,36
999,0,43
1000,0,39
1001,0,4
1002,0,28
1003,0,10
1004,38,33
1005,0,19
1006,0,12
1007,0,6
1008,0,10
1009,0,29
1010,13,10
1011,0,41
1012,0,27
1014,0,23
1015,15,13
1016,0,11
1017,0,15
1018,0,60
1019,0,59
1020,84,69
1021,0,6
1022,0,0
1023,0,17
1025,0,3
1026,0,18
1027,0,11
1028,0,55
1029,0,3
1030,28,27
1031,31,24
1032,36,21
1033,0,0
1034,0,7
1035,64,55
1036,54,38
1037,74,65
1038,0,27
1039,0,53
1040,0,4
1041,0,32
1042,22,13
1044,33,28
1045,0,3
1046,42,32
1047,61,0
1048,0,9
1049,0,10
1050,0,14
1051,0,15
1052,40,2
1053,0,16
1054,0,10
1055,0,15
1056,46,33
1057,60,42
1058,22,5
1059,0,31
1060,72,67
1061,0,8
1063,0,36
1064,81,62
1066,28,19
1067,0,19
1068,0,1
1069,0,8
1070,0,21
1071,0,13
1072,0,34
1073,0,17
1074,41,34
1075,0,27
1076,42,36
1077,4,41
1078,70,57
1079,27,39
1080,41,34
1081,0,8
1082,0,103
1083,0,27
1085,0,9
1086,33,30
1087,0,15
1088,23,42
1089,0,0
1090,0,8
1091,66,46
1094,0,18
1095,32,27
1096,24,12
1098,30,23
1099,0,12
1100,0,26
1101,34,23
1102,0,0
1103,47,39
1104,34,100
1105,0,4
1106,0,1
1107,0,2
1108,0,0
1109,0,0
1112,20,18
1113,5,11
1114,0,14
1115,0,46
1116,0,24
1117,0,15
1118,0,23
1119,0,1
1120,37,28
1122,64,51
1123,0,6
1124,0,4
1125,0,11
1126,0,28
1128,71,132
1129,0,8
1130,0,22
1131,0,16
1132,0,6
1133,0,32
1134,0,10
1135,0,6
1136,0,18
1137,37,30
1138,0,28
1139,0,8
1140,0,3
1141,26,19
1142,0,14
1143,1,43
1144,0,48
1145,0,17
1146,0,31
1147,32,25
1148,0,41
1149,0,27
1150,0,11
1151,18,23
1152,80,73
1153,53,99
1154,0,33
1155,0,0
1158,0,15
1159,0,9
1160,0,41
1161,76,60
1162,0,53
1163,53,45
1164,37,25
1165,0,5
1166,25,19
1167,91,81
1168,23,18
1169,0,9
1170,0,27
1171,53,48
1172,0,1
1173,113,94
1174,30,27
1175,29,36
1176,0,5
1177,60,50
1178,0,30
1179,0,28
1180,0,11
1181,0,46
1182,32,25
1183,89,75
1184,20,17
1185,31,27
1186,0,33
1187,63,59
1188,73,59
1189,0,30
1190,0,4
1191,0,59
1192,0,13
1193,0,16
1194,0,0
1195,16,11
1196,0,32
1197,0,12
1198,33,28
1199,0,12
1200,40,29
1201,47,41
1202,16,72
1203,0,35
1204,0,1
1205,1,30
1206,0,31
1207,0,8
1208,0,12
1209,0,5
1210,0,0
1211,0,0
1212,0,27
1213,0,42
1214,0,10
1215,50,40
1216,0,4
1217,0,3
1218,0,6
1219,0,13
1220,17,0
1221,54,52
1222,18,15
1223,0,27
1224,0,0
1225,0,0
1226,0,14
1227,32,28
1228,50,41
1229,0,0
1230,0,1
1231,0,65
1232,0,23
1233,0,47
1234,0,9
1235,56,44
1236,0,8
1237,31,24
1238,22,17
1239,0,7
1240,0,29
1241,0,2
1242,0,64
1243,63,58
1244,21,17
1245,0,2
1246,33,30
1247,21,42
1248,0,10
1249,0,2
1250,0,12
1251,29,44
1252,14,15
1253,0,53
1254,43,38
1255,0,4
1256,0,9
1257,0,1
1258,23,25
1259,35,29
1260,0,6
1261,36,29
1262,24,19
1263,0,14
1264,0,0
1265,42,24
1266,77,68
1267,0,6
1268,0,8
1269,19,16
1270,0,9
1271,43,33
1272,0,5
1273,32,26
1274,0,3
1275,28,23
1276,22,21
1277,0,0
1278,63,58
1279,0,6
1280,52,45
1281,6,69
1282,0,3
1283,0,27
1284,0,6
1285,0,20
1286,5,24
1287,0,12
1288,49,39
1289,37,33
1290,95,0
1291,58,0
1292,17,35
1293,28,14
1294,0,3
1295,0,19
1296,0,21
1297,17,16
1298,36,40
1299,0,6
1300,0,3
1301,0,33
1302,45,38
1303,15,16
1304,0,4
1305,0,3
1306,0,50
1307,0,6
1308,36,30
1309,1,9
1310,70,63
1311,55,47
1312,67,106
1313,74,55
1314,0,7
1315,0,10
1316,0,30
1317,0,0
1318,0,0
1319,0,0
1320,0,28
1321,21,22
1322,0,8
1323,51,46
1324,16,12
1325,0,1
1326,12,34
1327,0,12
1328,0,0
1329,0,13
1330,0,5
1331,24,29
1332,14,66
1333,0,17
1334,0,1
1335,77,61
1336,43,32
1337,33,74
1338,0,12
1339,116,83
1340,0,0
1341,0,28
1342,15,12
1343,23,20
1344,0,2
1345,37,29
1346,38,34
1347,0,0
1348,0,4
1349,0,0
1350,0,28
1351,42,36
1352,0,33
1353,0,3
1354,0,0
1355,140,113
1356,0,0
1357,0,39
1358,0,5
1359,0,31
1360,0,6
1361,35,28
1362,0,0
1363,0,5
1364,0,7
1365,0,11
1366,19,12
1367,0,23
1368,0,21
1369,0,0
1370,61,51
1371,0,2
1372,0,24
1373,117,106
1374,3,2
1375,0,0
1376,54,93
1377,15,14
1378,48,61
1379,36,4
1380,0,22
1381,0,12
1382,0,3
1383,22,1
1384,0,6
1385,0,14
1386,67,55
1387,26,21
1388,144,114
1389,12,26
1390,71,54
1391,36,47
1392,0,0
1393,0,0
1394,0,32
1395,0,11
1396,0,9
1397,18,16
1398,0,9
1399,14,15
1400,13,10
1401,0,12
1402,0,11
1403,37,29
1404,27,22
1405,0,29
1406,0,0
1407,0,9
1408,3,39
1409,0,11
1410,99,78
1411,0,34
1412,7,6
1413,62,48
1414,0,2
1415,0,37
1416,0,9
1417,0,15
1418,0,7
1419,0,17
1420,0,15
1421,44,33
1422,0,0
1423,0,1
1424,0,7
1425,14,13
1426,0,13
1427,64,50
1428,35,27
1429,6,9
1430,0,24
1431,33,21
1432,31,45
1433,0,1
1434,0,2
1435,0,6
1436,3,12
1437,0,35
1438,48,38
1439,0,9
1440,25,20
1441,88,75
1442,0,4
1443,0,39
1444,0,7
1445,0,7
1446,0,40
1447,0,31
1448,16,16
1449,108,91
1450,0,38
1451,43,66
1452,0,1
1453,38,29
1454,12,10
1455,0,16
1456,0,42
1457,10,7
1458,28,24
1459,24,20
1460,0,24
1461,0,26
1462,0,0
1463,0,4
1464,36,26
1465,0,9
1466,19,15
1467,44,29
1468,0,5
1469,0,34
1470,0,18
1471,75,92
1472,0,0
1473,0,0
1474,32,23
1475,0,9
1476,0,59
1477,17,14
1478,0,7
1479,0,2
1480,30,29
1481,0,23
1482,0,24
1483,73,63
1484,29,24
1485,0,6
1486,0,18
1487,36,28
1488,0,8
1489,0,0
1490,31,29
1491,47,36
1492,0,0
1493,0,45
1494,0,20
1495,0,24
1496,0,27
1497,0,13
1498,36,30
1499,0,38
1500,88,0
1501,60,52
1502,0,13
1503,86,73
1504,49,45
1505,89,80
1506,0,0
1507,51,41
1508,17,14
1509,24,17
1510,0,14
1511,0,86
1512,15,14
1513,0,9
1514,0,2
1515,0,20
1516,0,45
1517,0,2
1518,0,0
1519,55,45
1520,31,27
1521,15,11
1522,31,64
1523,65,56
1524,13,11
1525,0,17
1526,16,13
1527,0,9
1528,9,8
1529,0,0
1530,0,2
1531,70,55
1532,0,25
1533,29,28
1534,0,59
1535,0,4
1536,0,2
1537,0,1
1538,48,109
1539,0,26
1540,0,32
1541,0,2
1542,0,22
1543,0,29
1544,2,52
1545,23,13
1546,0,1
1547,121,97
1548,61,53
1549,0,14
1550,20,34
1551,0,11
1552,0,3
1553,0,2
1554,45,44
1555,0,52
1556,0,9
1557,14,12
1558,0,22
1559,37,29
1560,13,11
1561,18,18
1562,33,30
1563,0,25
1564,15,10
1565,43,49
1566,0,9
1567,13,9
1568,0,26
1569,0,7
1570,0,37
1571,0,27
1572,21,20
1573,35,27
1574,29,24
1575,51,46
1576,0,2
1577,0,11
1578,19,22
1579,0,5
1580,0,2
1581,24,25
1582,53,43
1583,15,43
1584,24,29
1585,0,4
1586,29,23
1587,0,30
1588,0,0
1589,29,22
1590,37,29
1591,32,27
1592,18,15
1593,27,21
1594,0,0
1595,0,0
1596,0,20
1597,93,61
1598,0,32
1599,0,3
1600,0,9
1601,0,0
1602,38,33
1603,69,54
1604,0,8
1605,44,52
1606,35,30
1607,0,35
1608,0,8
1609,0,17
1610,0,2
1611,0,14
1612,46,43
1613,0,7
1614,0,10
1615,0,18
1616,0,37
1617,25,20
1618,76,69
1619,0,6
1620,0,39
1621,0,0
1622,0,18
1623,3,13
1624,0,7
1625,0,9
1626,53,45
1627,75,62
1628,62,46
1629,38,58
1630,84,80
1631,16,13
1632,33,22
1633,0,0
1634,0,13
1635,0,6
1636,36,32
1637,0,6
1638,0,9
1639,0,19
1640,0,72
1641,0,10
1642,0,15
1643,32,26
1644,0,30
1645,0,29
1646,12,50
1647,0,12
1648,65,51
1649,0,4
1650,0,15
1651,0,9
1652,27,25
1653,0,35
1654,0,23
1655,0,68
1656,0,14
1657,0,12
1658,0,0
1659,0,12
1660,36,55
1661,0,0
1662,0,4
1663,0,35
1664,0,8
1665,0,33
1666,42,32
1667,22,20
1668,0,19
1669,0,4
1670,35,30
1671,0,10
1672,0,89
1673,10,9
1674,27,23
1675,4,26
1676,0,5
1677,28,22
1678,0,0
1679,0,0
1680,0,0
1681,0,44
1682,0,5
1683,0,0
1684,0,37
1685,0,3
1686,0,4
1687,0,0
1688,0,0
1689,111,95
1690,0,52
1691,0,11
1692,27,19
1693,0,1
1694,90,78
1695,0,4
1696,10,7
1697,58,52
1698,34,29
1699,0,4
1700,0,21
1701,64,58
1702,63,48
1703,0,33
1704,0,9
1705,0,6
1706,26,23
1707,66,48
1708,0,8
1709,0,4
1710,7,31
1711,35,151
1712,4,139
1713,22,17
1714,7,76
1715,0,3
1716,0,8
1717,0,31
1718,0,4
1719,0,4
1720,27,21
1721,19,45
1722,0,0
1723,15,13
1724,0,5
1725,0,17
1726,0,15
1727,0,24
1728,0,89
1729,26,44
1730,24,109
1731,13,10
1732,48,35
1733,0,28
1734,22,18
1735,0,1
1736,23,21
1737,0,0
1738,0,14
1739,0,18
1740,0,4
1741,40,33
1742,44,37
1743,36,29
1744,43,22
1745,0,6
1746,0,13
1747,36,28
1748,28,21
1749,0,12
1750,1,33
1751,41,35
1752,0,0
1753,0,30
1754,0,6
1755,0,9
1756,61,54
1757,0,17
1758,0,9
1759,21,23
1760,0,6
1761,69,61
1762,16,16
1763,0,1
1764,0,13
1765,0,37
1766,40,36
1767,0,20
1768,38,34
1769,0,3
1770,33,26
1771,0,13
1772,18,29
1773,0,13
1774,0,1
1775,0,0
1776,0,56
1777,0,0
1778,32,26
1779,20,18
1780,115,106
1781,0,11
1782,0,2
1783,0,29
1784,0,4
1785,22,24
1786,17,15
1787,16,14
1788,0,40
1789,0,15
1790,36,33
1791,79,67
1792,0,36
1793,0,8
1794,0,56
1795,23,15
1796,38,29
1797,0,9
1798,0,15
1799,21,17
1800,18,16
1801,0,33
1802,105,86
1803,0,1
1804,0,0
1805,0,7
1806,48,53
1807,0,11
1808,47,40
1809,14,11
1810,23,20
1811,0,9
1812,0,13
1813,0,35
1814,118,94
1815,37,69
1816,0,34
1817,8,25
1818,47,32
1819,22,19
1820,68,61
1821,66,55
1822,0,36
1823,0,9
1824,0,14
1825,0,27
1826,0,10
1827,0,11
1828,26,60
1829,0,7
1830,0,1
1831,22,17
1832,50,43
1833,54,31
1834,0,28
1835,31,27
1836,0,49
1837,0,40
1838,0,16
1839,13,15
1840,0,15
1841,34,27
1842,0,1
1843,0,1
1844,0,36
1845,30,27
1846,0,10
1847,18,14
1848,0,8
1849,0,0
1850,0,7
1851,0,5
1852,0,6
1853,0,90
1854,0,20
1855,0,49
1856,38,30
1857,0,29
1858,0,13
1859,0,29
1860,0,30
1861,19,16
1862,0,20
1863,63,18
1864,0,6
1865,22,18
1866,42,36
1867,53,38
1868,0,21
1869,26,23
1870,51,46
1871,45,39
1872,57,47
1873,0,0
1874,0,11
1875,0,5
1876,0,14
1877,0,0
1878,15,51
1879,0,9
1880,56,47
1881,0,21
1882,0,8
1883,7,4
1884,32,24
1885,44,38
1886,0,52
1887,18,17
1888,29,6
1889,59,56
1890,34,33
1891,24,17
1892,17,10
1893,0,9
1894,25,20
1895,14,14
1896,14,13
1897,19,21
1898,27,19
1899,0,12
1900,0,1
1901,76,108
1902,19,15
1903,0,55
1904,41,35
1905,11,0
1906,0,2
1907,0,2
1908,0,0
1909,17,91
1910,0,14
1911,0,18
1912,70,58
1913,8,7
1914,12,9
1915,0,2
1916,15,13
1917,145,126
1918,0,14
1919,0,0
1920,0,57
1921,0,4
1922,30,23
1923,31,26
1924,0,18
1925,45,37
1926,66,58
1927,31,25
1928,0,10
1929,0,12
1930,32,36
1931,48,65
1932,14,135
1933,36,29
1934,36,31
1935,0,32
1936,27,36
1937,23,18
1938,0,3
1939,31,24
1940,28,32
1941,14,10
1942,0,9
1943,38,32
1944,16,78
1945,0,7
1946,69,58
1947,72,59
1948,0,10
1949,9,13
1950,73,142
1951,0,5
1952,70,59
1953,0,35
1954,19,39
1955,22,18
1956,0,8
1957,0,7
1958,0,11
1959,0,16
1960,0,5
1961,0,11
1962,58,45
1963,9,7
1964,34,28
1965,37,0
1966,29,26
1967,21,18
1968,0,33
1969,0,39
1970,0,6
1971,20,9
1972,52,44
1973,0,46
1974,0,0
1975,50,42
1976,21,13
1977,39,21
1978,35,25
1979,23,16
1980,0,9
1981,0,4
1982,48,43
1983,26,22
1984,19,9
1985,13,42
1986,0,1
1987,0,66
1988,0,4
1989,0,31
1990,0,0
1991,0,6
1992,0,20
1993,30,26
1994,0,25
1995,21,12
1996,8,124
1997,17,47
1998,0,35
1999,0,11
2000,22,18
2001,8,33
2002,0,2
2003,26,20
2004,17,14
2005,17,12
2006,0,0
2007,0,28
2008,0,58
2009,10,10
2010,42,32
2011,0,21
2012,26,21
2013,0,6
2014,0,0
2015,0,9
2016,0,1
2017,0,3
2018,0,13
2019,46,32
2020,0,8
2021,11,48
2022,0,13
2023,0,24
2024,0,0
2025,14,12
2026,42,51
2027,27,26
2028,31,22
2029,0,0
2030,0,16
2031,0,6
2032,42,30
2033,55,42
2034,0,52
2035,0,45
2036,0,0
2037,32,74
2038,0,4
2039,30,24
2040,63,51
2041,0,26
2042,0,0
2043,0,7
2044,68,56
2045,19,28
2046,0,63
2047,55,45
2048,0,38
2049,40,38
2050,0,0
2051,0,0
2052,0,0
2053,0,0
2054,15,6
2055,0,30
2056,28,27
2057,92,73
2058,0,19
2059,18,17
2060,10,9
2061,0,8
2062,15,0
2063,10,9
2064,50,36
2065,0,0
2066,28,23
2067,27,50
2068,67,53
2069,9,7
2070,0,15
2071,50,42
2072,0,11
2073,0,8
2074,0,4
2075,24,20
2076,0,36
2077,62,48
2078,27,22
2079,0,14
2080,0,18
2081,33,29
2082,1,45
2083,0,46
2084,0,24
2085,0,8
2086,12,9
2087,0,3
2088,0,0
2089,0,7
2090,0,33
2091,36,65
2092,15,16
2093,42,37
2094,62,48
2095,74,89
2096,0,15
2097,22,19
2098,0,13
2099,0,99
2100,0,28
2101,0,25
2102,0,2
2103,0,32
2104,0,40
2105,66,54
2106,0,7
2107,0,1
2108,0,18
2109,0,6
2110,0,0
2111,0,0
2112,31,20
2113,0,15
2114,23,19
2115,13,13
2116,0,29
2117,25,22
2118,130,108
2119,0,116
2120,39,34
2121,30,26
2122,54,45
2123,31,26
2124,0,14
2125,81,76
2126,40,28
2127,20,18
2128,0,2
2129,0,1
2130,7,5
2131,24,18
2132,0,85
2133,98,78
2134,0,13
2135,0,19
2136,0,4
2137,0,45
2138,19,33
2139,52,46
2140,0,14
2141,32,28
2142,36,29
2143,43,38
2144,0,0
2145,0,0
2146,13,117
2147,31,26
2148,0,40
2149,0,155
2150,35,41
2151,0,5
2152,0,23
2153,0,7
2154,0,14
2155,36,25
2156,0,84
2157,0,91
2158,0,1
2159,0,22
2160,0,36
2161,0,0
2162,0,10
2163,26,20
2164,0,1
2165,0,11
2166,0,32
2167,0,26
2168,0,30
2169,40,35
2171,0,10
2172,23,48
2173,0,49
2174,0,28
2175,71,53
2176,8,45
2177,49,42
2178,0,21
2179,13,15
2180,24,18
2181,18,33
2182,0,45
2183,26,22
2184,95,82
2185,0,39
2186,45,37
2187,46,42
2188,4,4
2189,28,55
2190,0,23
2191,28,31
2192,34,29
2193,29,23
2194,0,0
2195,0,27
2196,0,9
2197,0,0
2198,61,49
2199,28,25
2200,0,89
2201,0,59
2202,44,38
2203,19,18
2204,0,39
2205,41,34
2206,57,50
2207,0,51
2208,13,11
2209,23,19
2210,0,7
2211,0,10
2212,0,46
2213,38,35
2214,47,42
2215,48,34
2216,0,60
2217,19,17
2218,0,36
2219,15,12
2220,0,31
2221,16,13
2222,27,20
2223,0,59
2224,0,0
2225,50,0
2226,6,5
2227,15,11
2228,0,0
2229,34,53
2230,95,83
2231,80,69
2232,16,13
2233,64,62
2234,46,32
2235,0,19
2236,21,20
2237,70,60
2238,62,56
2239,29,24
2240,39,31
2241,0,36
2242,16,13
2243,0,0
2244,27,21
2245,51,114
2246,0,80
2247,0,4
2248,48,145
2249,11,8
2250,13,15
2251,0,24
2252,19,17
2253,37,35
2254,19,13
2255,0,93
2256,0,0
2257,30,24
2258,70,56
2259,0,20
2260,0,19
2261,24,21
2262,38,32
2263,8,129
2264,0,14
2265,0,2
2266,18,16
2267,0,130
2268,0,186
2269,0,0
2270,23,18
2271,0,20
2272,29,40
2273,11,41
2274,12,9
2275,0,111
2276,85,68
2277,0,0
2278,0,9
2279,22,18
2280,0,20
2281,25,21
2282,0,20
2283,0,2
2284,0,7
2285,7,3
2286,0,20
2287,0,12
2288,0,6
2289,0,42
2290,0,48
2291,0,14
2292,0,15
2293,42,24
2294,0,88
2295,0,55
2296,0,16
2297,0,22
2298,0,15
2299,39,27
2300,0,57
2301,0,39
2302,0,12
2303,58,45
2304,29,35
2305,0,0
2306,0,13
2307,39,35
2308,0,36
2309,0,10
2310,22,20
2311,18,15
2312,69,54
2313,0,14
2314,0,3
2315,42,35
2316,33,29
2317,0,18
2318,18,42
2319,59,46
2320,0,19
2321,0,59
2322,0,20
2324,45,69
2325,0,19
2326,41,29
2327,65,51
2328,64,51
2329,0,52
2330,0,50
2331,0,0
2332,0,24
2333,0,20
2334,0,0
2335,21,71
2336,74,61
2337,0,75
2338,37,36
2339,20,1
2340,25,50
2341,0,52
2342,19,43
2343,0,15
2344,9,51
2345,0,17
2346,0,0
2347,25,57
2348,0,40
2349,36,28
2350,0,13
2351,0,133
2352,0,76
2353,0,159
2354,0,16
2355,0,6
2356,0,68
2357,60,51
2358,75,63
2359,41,38
2360,19,18
2361,0,10
2362,0,0
2363,0,16
2364,48,40
2365,0,12
2366,26,23
2367,46,38
2368,47,42
2369,8,1
2370,0,16
2371,0,13
2372,0,16
2373,0,7
2374,0,1
2375,14,79
2376,0,12
2377,30,33
2378,32,24
2379,23,1
2380,14,12
2381,28,23
2382,25,20
2383,71,65
2384,53,44
2385,31,30
2386,9,7
2387,20,18
2388,0,10
2389,6,6
2390,23,22
2391,43,38
2392,0,7
2393,0,7
2394,0,6
2395,22,24
2396,8,88
2397,0,8
2398,40,36
2399,0,5
2400,0,65
2401,39,34
2402,0,36
2403,0,0
2404,50,43
2405,0,23
2406,31,27
2407,0,13
2408,0,15
2409,9,8
2410,50,38
2411,0,0
2412,0,26
2413,10,8
2414,0,1
2415,0,5
2416,62,60
2417,10,15
2418,28,26
2419,0,0
2420,0,11
2422,0,11
2423,0,10
2424,0,14
2425,0,17
2426,0,12
2427,0,63
2428,17,13
2429,0,0
2430,0,29
2431,23,22
2432,11,23
2433,0,27
2434,39,33
2435,16,78
2436,11,8
2437,0,23
2438,33,58
2439,12,9
2440,0,8
2441,0,5
2442,0,15
2443,0,7
2444,19,15
2445,17,14
2446,0,12
2447,0,13
2448,8,7
2449,63,57
2450,17,18
2451,0,0
2452,14,11
2453,0,15
2454,76,60
2455,0,14
2456,0,76
2457,0,91
2458,72,63
2459,26,22
2460,0,28
2461,0,45
2462,80,68
2463,0,4
2464,0,13
2465,20,21
2466,46,40
2467,27,22
2468,34,35
2469,20,17
2470,0,84
2471,21,20
2472,0,23
2473,0,45
2474,0,16
2475,0,11
2476,44,41
2477,22,20
2478,73,64
2479,0,16
2480,0,5
2481,0,23
2482,0,29
2483,19,18
2484,0,23
2485,0,21
2486,14,16
2487,25,19
2488,40,33
2489,17,16
2490,36,31
2491,0,11
2492,37,31
2493,0,7
2494,71,67
2495,4,5
2496,167,150
2497,0,1
2498,18,17
2499,21,19
2500,0,18
2501,0,11
2502,20,1
2503,0,14
2504,0,50
2505,0,13
2506,26,22
2507,0,23
2508,13,12
2509,0,9
2510,0,5
2511,0,15
2512,20,27
2513,36,29
2514,47,57
2515,48,38
2516,28,58
2517,0,9
2518,29,24
2519,23,19
2520,55,154
2521,0,19
2522,19,26
2523,0,9
2524,19,52
2525,12,27
2526,0,18
2527,0,8
2528,0,6
2529,10,62
2530,0,62
2531,0,5
2532,0,4
2533,0,31
2534,0,13
2535,37,34
2536,0,26
2537,38,44
2538,0,9
2539,36,41
2540,0,74
2541,0,35
2542,0,14
2543,44,41
2544,0,9
2545,47,38
2546,0,2
2547,0,6
2548,0,28
2549,0,26
2550,9,7
2551,0,86
2552,0,11
2553,57,55
2554,0,35
2555,22,20
2556,0,1
2557,23,18
2558,15,25
2559,61,56
2560,0,8
2561,48,34
2562,0,3
2563,42,41
2564,0,19
2565,28,25
2566,65,58
2567,9,25
2568,0,0
2569,0,3
2570,22,18
2571,44,15
2572,50,42
2573,38,34
2574,14,10
2575,0,14
2576,0,8
2577,77,61
2578,0,6
2579,61,52
2580,0,8
2581,134,114
2582,0,29
2583,0,1
2584,0,24
2585,57,52
2586,0,21
2587,25,20
2588,0,7
2589,0,18
2590,50,46
2591,54,35
2592,61,52
2593,51,59
2594,0,1
2595,14,11
2596,0,10
2597,45,38
2598,0,11
2599,0,12
2600,0,4
2601,0,4
2602,48,39
2603,9,41
2604,48,38
2605,0,7
2606,0,14
2607,0,25
2608,20,16
2609,0,6
2610,10,12
2611,0,6
2612,0,16
2613,0,0
2614,15,13
2615,0,9
2616,0,41
2617,0,67
2618,0,14
2619,0,22
2620,0,0
2621,0,5
2622,52,45
2623,0,9
2624,42,0
2625,6,41
2626,0,1
2627,23,20
2628,20,13
2629,40,32
2630,50,43
2631,113,94
2632,0,1
2633,33,26
2634,0,18
2635,23,19
2636,38,28
2637,0,10
2638,0,6
2639,0,40
2640,6,34
2641,56,97
2642,0,13
2643,39,36
2644,40,37
2645,14,11
2646,0,22
2647,24,17
2648,45,7
2649,0,4
2650,0,35
2651,20,15
2652,31,26
2653,0,35
2654,0,3
2655,0,14
2656,0,55
2657,12,12
2658,30,0
2659,110,92
2660,30,25
2661,0,17
2662,0,25
2663,0,90
2664,3,34
2665,0,0
2666,4,89
2667,0,7
2668,0,16
2669,0,23
2670,0,29
2671,97,81
2672,0,12
2673,60,50
2674,0,9
2675,20,18
2676,20,23
2677,0,25
2678,0,19
2679,0,32
2680,0,16
2681,0,93
2682,22,19
2683,26,33
2684,0,5
2685,0,5
2686,50,42
2687,0,5
2690,0,17
2691,0,5
2692,17,18
2693,31,27
2694,41,32
2695,0,9
2696,10,9
2697,0,28
2698,39,33
2699,26,24
2700,3,85
2701,29,25
2702,0,8
2703,25,47
2704,0,46
2705,28,22
2706,28,25
2707,11,9
2708,14,10
2709,0,31
2710,16,12
2711,44,36
2712,0,14
2713,62,50
2714,20,15
2715,0,17
2716,5,8
2717,0,6
2718,0,14
2719,15,12
2720,10,28
2721,0,5
2722,0,22
2723,66,54
2724,22,17
2725,27,21
2726,30,30
2727,0,2
2728,15,11
2729,8,24
2730,7,58
2731,57,44
2732,28,33
2733,0,11
2734,28,0
2735,0,0
2736,28,23
2737,48,42
2738,19,17
2739,0,14
2740,0,21
2741,25,22
2742,13,12
2743,17,12
2744,50,40
2745,0,0
2746,12,51
2747,0,45
2748,16,76
2749,0,16
2750,0,1
2751,74,81
2752,0,1
2753,33,27
2754,0,48
2755,52,13
2756,0,14
2757,19,14
2758,28,27
2759,65,51
2760,18,14
2761,49,40
2762,28,24
2763,0,0
2764,23,20
2765,0,7
2766,0,92
2767,10,10
2768,0,19
2769,0,19
2770,0,28
2771,0,49
2772,21,18
2773,0,55
2774,8,65
2775,0,46
2776,0,19
2777,0,9
2778,11,10
2779,9,8
2780,51,48
2781,8,20
2782,0,35
2783,0,10
2784,58,50
2785,0,23
2786,11,86
2787,0,14
2788,51,38
2789,100,82
2790,0,31
2791,0,1
2792,0,107
2793,19,15
2794,51,44
2795,0,0
2796,53,42
2797,19,16
2798,17,15
2799,0,30
2800,0,58
2801,0,6
2802,0,23
2803,27,132
2804,27,19
2805,0,5
2806,21,18
2807,0,0
2808,134,0
2809,0,20
2810,0,5
2811,0,32
2812,18,15
2813,24,19
2814,18,15
2815,32,25
2816,53,44
2817,15,13
2818,4,34
2819,75,60
2820,32,25
2821,38,39
2822,32,21
2823,10,6
2824,26,22
2825,0,58
2826,0,27
2827,0,68
2828,14,10
2829,0,6
2830,25,19
2831,0,24
2832,0,0
2833,10,9
2834,15,14
2835,0,22
2836,29,38
2837,0,7
2838,14,13
2839,0,14
2840,0,49
2841,17,16
2842,21,40
2843,26,6
2844,37,0
2845,0,8
2846,0,9
2847,46,82
2848,24,63
2849,0,27
2850,34,26
2851,44,42
2852,68,55
2853,0,27
2854,24,20
2855,0,19
2856,11,11
2857,0,4
2858,47,151
2859,2,14
2860,5,17
2861,0,2
2862,20,15
2863,37,28
2864,37,30
2865,0,17
2866,87,75
2867,45,32
2868,0,2
2869,0,19
2870,0,17
2871,26,22
2872,0,1
2873,6,15
2874,0,10
2875,29,0
2876,37,37
2877,74,61
2878,52,52
2879,27,25
2880,0,0
2881,0,24
2882,8,16
2883,0,36
2884,0,6
2885,42,38
2886,7,44
2887,0,7
2888,0,14
2889,0,3
2890,0,6
2891,0,10
2892,0,6
2893,48,40
2894,54,42
2895,0,9
2896,15,11
2897,0,52
2898,47,135
2899,46,48
2900,23,21
2901,58,48
2902,44,36
2903,11,20
2904,0,12
2905,0,11
2906,23,19
2907,43,41
2908,23,18
2909,48,42
2910,10,6
2911,24,20
2912,13,14
2913,0,10
2914,0,0
2915,35,29
2916,18,16
2917,12,12
2918,0,6
2919,21,18
2920,0,34
2921,0,21
2922,0,5
2923,39,33
2924,0,101
2925,20,23
2926,7,56
2927,0,73
2928,0,40
2929,24,21
2930,0,36
2931,0,78
2932,12,11
2933,0,36
2934,16,11
2935,6,5
2936,0,8
2937,0,10
2938,15,12
2939,0,15
2940,42,38
2941,0,64
2942,28,24
2943,0,8
2944,0,32
2945,0,11
2946,64,60
2947,0,41
2948,0,11
2949,0,53
2950,0,12
2951,0,0
2952,0,25
2953,13,11
2954,18,16
2955,41,34
2956,0,56
2957,0,1
2958,10,31
2959,0,43
2960,0,102
2961,41,37
2962,8,52
2963,0,2
2964,0,21
2965,81,74
2966,39,34
2967,27,20
2968,0,1
2969,10,9
2970,29,24
2971,30,42
2972,53,40
2973,0,8
2974,0,0
2975,53,47
2976,90,74
2977,20,17
2978,44,40
2979,0,2
2980,10,38
2981,17,14
2982,0,19
2983,0,7
2984,0,8
2985,0,1
2986,19,16
2987,3,2
2988,15,66
2989,0,64
2990,54,49
2991,32,28
2992,15,12
2993,23,20
2994,0,7
2995,54,53
2996,0,6
2997,24,23
2998,23,20
2999,47,0
3000,0,12
3001,65,51
3002,39,31
3003,17,12
3004,0,0
3005,0,0
3006,17,13
3007,19,14
3008,0,0
3009,25,22
3010,70,65
3011,28,20
3012,0,13
3013,20,0
3014,18,14
3015,12,0
3016,22,18
3017,0,22
3018,0,2
3019,0,0
3020,31,26
3021,0,23
3022,0,19
3023,29,26
3024,14,11
3025,0,4
3026,10,8
3027,0,10
3028,32,31
3029,26,24
3030,0,20
3031,48,48
3032,25,19
3033,0,10
3034,28,21
3035,0,8
3036,0,6
3037,0,9
3038,49,27
3039,0,20
3040,0,8
3041,0,2
3042,0,79
3043,23,17
3044,0,9
3045,56,37
3046,0,9
3047,0,47
3048,0,10
3049,0,7
3050,20,43
3051,0,23
3052,8,16
3053,0,4
3054,45,32
3055,60,45
3056,12,11
3057,7,5
3058,41,45
3059,4,2
3060,0,3
3061,12,24
3062,20,41
3063,44,43
3064,0,20
3065,0,31
3066,0,24
3067,0,9
3068,61,50
3069,30,21
3070,0,9
3071,0,39
3072,19,13
3073,38,32
3074,19,17
3075,0,9
3076,10,71
3077,31,92
3078,0,38
3079,0,9
3080,0,38
3081,0,3
3082,25,18
3083,0,3
3084,0,4
3085,56,45
3086,96,73
3087,0,12
3088,1,32
3089,0,0
3090,0,6
3091,0,22
3092,8,13
3093,103,94
3094,21,20
3095,0,8
3096,27,25
3097,0,33
3098,0,34
3099,15,15
3100,0,0
3101,16,18
3102,23,18
3103,13,13
3104,0,28
3105,5,161
3106,0,54
3107,23,103
3108,37,30
3109,20,15
3110,59,51
3111,0,5
3112,0,7
3113,0,14
3114,42,43
3115,35,77
3116,59,47
3117,19,14
3118,0,1
3119,0,0
3120,0,21
3121,0,14
3122,23,21
3123,37,31
3124,23,21
3125,50,44
3126,11,83
3127,0,11
3128,0,2
3129,9,9
3130,0,19
3131,24,20
3132,21,13
3133,0,18
3134,20,16
3135,0,1
3136,14,46
3137,50,37
3138,29,26
3139,22,17
3140,20,17
3141,5,12
3142,0,9
3143,0,20
3144,6,50
3145,0,12
3146,0,3
3147,0,91
3148,0,16
3149,39,40
3150,17,13
3151,0,25
3152,0,0
3153,9,25
3154,67,42
3155,0,30
3156,0,29
3157,0,9
3158,24,0
3159,0,30
3160,6,4
3161,39,31
3162,81,71
3163,0,5
3164,0,14
3165,0,47
3166,34,26
3167,82,143
3168,0,30
3169,0,131
3170,44,38
3171,17,15
3172,0,18
3173,0,0
3174,0,16
3175,0,14
3176,0,39
3177,44,39
3178,7,55
3179,4,70
3180,21,0
3181,3,3
3182,0,0
3183,0,6
3184,27,22
3185,4,10
3186,17,14
3187,31,32
3188,6,5
3189,0,10
3190,0,2
3191,33,27
3192,0,9
3193,28,22
3194,0,8
3195,0,15
3196,12,44
3197,30,28
3198,0,0
3199,0,5
3200,0,7
3201,0,18
3202,19,16
3203,62,54
3204,104,79
3205,0,9
3206,55,49
3207,0,6
3208,35,41
3209,21,38
3210,4,38
3211,0,22
3212,73,61
3213,30,25
3214,0,14
3215,0,25
3216,0,31
3217,12,88
3218,10,69
3219,0,41
3220,0,32
3221,37,39
3222,0,4
3223,0,0
3224,13,20
3225,80,72
3226,36,33
3227,0,20
3228,8,8
3229,10,9
3230,0,0
3231,14,47
3232,0,2
3233,0,14
3234,31,31
3235,0,7
3236,83,69
3237,8,8
3238,0,9
3239,11,29
3240,13,35
3241,28,26
3242,36,30
3243,0,14
3244,67,49
3245,77,48
3246,20,16
3247,38,34
3248,0,69
3249,31,29
3250,0,10
3251,0,22
3252,71,53
3253,32,24
3254,0,11
3255,9,20
3256,16,14
3257,36,32
3258,0,0
3259,0,0
3260,11,9
3261,56,50
3262,0,7
3263,10,8
3264,14,13
3265,0,10
3266,0,14
3267,0,4
3268,0,12
3269,0,7
3270,0,13
3271,18,22
3272,0,1
3273,47,44
3274,0,5
3275,13,10
3276,0,8
3277,0,19
3278,0,0
3279,0,0
3280,0,43
3281,0,19
3282,43,38
3283,66,64
3284,39,36
3285,0,16
3286,14,12
3287,26,21
3288,17,29
3289,0,0
3290,20,18
3291,40,35
3292,42,33
3293,22,18
3294,38,108
3295,55,46
3296,0,1
3297,0,0
3298,21,14
3299,0,17
3300,0,4
3301,22,18
3302,16,13
3303,0,4
3304,35,30
3305,0,0
3306,0,9
3307,13,11
3308,0,28
3309,26,19
3310,10,9
3311,0,2
3312,0,6
3313,0,7
3314,53,46
3315,2,53
3316,14,53
3317,27,24
3318,0,17
3319,0,4
3320,50,40
3321,45,43
3322,52,43
3323,38,33
3324,0,2
3325,42,36
3326,0,7
3327,0,4
3328,0,6
3329,10,10
3330,0,2
3331,0,20
3332,35,31
3333,4,31
3334,27,20
3335,68,55
3336,0,11
3337,0,16
3338,0,34
3339,13,11
3340,16,14
3341,89,75
3342,0,6
3343,36,33
3344,3,3
3345,10,29
3346,0,6
3347,25,21
3348,0,15
3349,0,39
3350,0,71
3351,15,14
3352,0,17
3353,0,7
3354,13,13
3355,11,28
3356,0,9
3357,18,33
3358,0,7
3359,12,11
3360,0,24
3361,6,28
3362,32,39
3363,0,40
3364,59,48
3365,8,15
3366,27,21
3367,8,6
3368,8,9
3369,0,0
3370,11,9
3371,0,9
3372,0,9
3373,18,38
3374,49,35
3375,0,8
3376,36,36
3377,0,19
3378,12,32
3379,12,31
3380,0,74
3381,0,23
3382,11,10
3383,10,9
3384,0,5
3385,0,20
3386,0,13
3387,23,45
3388,60,51
3389,0,8
3390,31,27
3391,0,7
3392,0,0
3393,0,39
3394,36,28
3395,18,19
3396,15,15
3397,0,16
3398,5,4
3399,15,12
3400,62,50
3401,13,8
3402,8,8
3403,0,18
3404,9,7
3405,11,8
3406,20,95
3407,2,16
3408,45,39
3409,17,32
3410,15,14
3411,18,51
3412,4,60
3413,13,10
3414,46,40
3415,42,33
3416,22,18
3417,35,30
3418,0,29
3419,0,13
3420,22,18
3421,0,0
3422,17,15
3423,0,0
3424,0,14
3425,13,11
3426,0,22
3427,0,5
3428,28,24
3429,13,83
3430,8,6
3431,0,0
3432,0,4
3433,125,103
3434,0,2
3435,0,118
3436,16,12
3437,0,11
3438,0,10
3439,0,11
3440,9,11
3441,0,3
3442,13,11
3443,0,4
3444,13,11
3445,0,64
3446,0,29
3447,14,10
3448,21,20
3449,30,93
3450,0,13
3451,25,20
3452,19,14
3453,26,24
3454,14,12
3455,29,41
3456,10,8
3457,21,20
3458,0,34
3459,12,94
3460,0,17
3461,11,9
3462,5,5
3463,58,54
3464,0,3
3465,26,27
3466,10,29
3467,20,17
3468,0,0
3469,0,17
3470,25,21
3471,48,39
3472,25,20
3473,11,11
3474,11,9
3475,5,5
3476,0,2
3477,9,8
3478,0,25
3479,39,34
3480,31,26
3481,29,26
3482,8,8
3483,0,7
3484,0,0
3485,0,4
3486,0,2
3487,0,17
3488,0,17
3489,0,15
3490,23,23
3491,21,18
3492,10,26
3493,24,60
3494,0,18
3495,21,19
3496,12,22
3497,17,14
3498,28,26
3499,2,0
3500,28,64
3501,60,53
3502,48,52
3503,43,34
3504,0,0
3505,17,16
3506,4,28
3507,61,50
3508,13,11
3509,34,32
3510,23,18
3511,21,15
3512,0,12
3513,0,6
3514,38,29
3515,0,5
3516,14,10
3517,13,11
3518,0,1
3519,23,19
3520,0,1
3521,10,10
3522,10,10
3523,20,19
3524,43,36
3525,0,6
3526,42,43
3527,0,44
3528,133,162
3529,0,12
3530,28,41
3531,15,23
3532,0,3
3533,37,125
3534,16,15
3535,25,23
3536,11,9
3537,45,36
3538,0,21
3539,108,84
3540,0,7
3541,36,24
3542,14,12
3543,55,48
3544,0,20
3545,0,0
3546,15,14
3547,0,10
3548,28,25
3549,0,53
3550,16,12
3551,45,36
3552,95,75
3553,0,7
3554,32,27
3555,29,51
3556,6,4
3557,10,8
3558,0,0
3559,32,27
3560,12,25
3561,0,11
3562,25,21
3563,9,7
3564,0,71
3565,12,12
3566,0,5
3567,36,100
3568,8,6
3569,71,121
3570,0,3
3571,0,21
3572,53,44
3573,0,32
3574,53,52
3575,7,33
3576,0,4
3577,15,12
3578,32,29
3579,28,1
3580,0,5
3581,8,7
3582,0,1
3583,7,5
3584,36,34
3585,25,21
3586,80,62
3587,0,1
3588,18,14
3589,10,8
3590,0,24
3591,16,13
3592,0,14
3593,47,48
3594,0,11
3595,19,15
3596,15,3
3597,0,0
3598,19,16
3599,0,3
3600,0,31
3601,41,34
3602,33,26
3603,0,6
3604,0,8
3605,22,32
3606,26,23
3607,17,14
3608,11,8
3609,30,30
3610,0,0
3611,0,7
3612,18,15
3613,0,36
3614,38,31
3615,7,6
3616,0,6
3617,6,5
3618,0,8
3619,19,16
3620,32,32
3621,8,7
3622,28,27
3623,22,18
3624,72,58
3625,0,0
3626,62,100
3627,13,16
3628,28,24
3629,0,1
3630,30,26
3631,27,24
3632,0,15
3633,32,26
3634,35,29
3635,0,9
3636,0,49
3637,54,98
3638,0,26
3639,31,28
3640,18,15
3641,16,26
3642,0,6
3643,20,19
3644,0,4
3645,26,21
3646,10,8
3647,20,24
3648,24,19
3649,81,75
3650,0,5
3651,4,4
3652,9,29
3653,23,19
3654,0,7
3655,25,23
3656,0,43
3657,18,17
3658,0,33
3659,0,9
3660,38,31
3661,29,25
3662,20,69
3663,0,10
3664,16,38
3665,9,8
3666,0,1
3667,21,57
3668,23,25
3669,0,16
3670,12,48
3671,12,10
3672,0,8
3673,67,68
3674,72,49
3675,19,20
3676,0,24
3677,0,0
3678,17,32
3679,21,35
3680,14,13
3681,0,20
3682,0,26
3683,0,7
3684,16,12
3685,70,60
3686,6,8
3687,9,7
3688,28,95
3689,13,73
3690,0,11
3691,4,7
3692,0,24
3693,59,42
3694,13,12
3695,0,27
3696,16,14
3697,15,13
3698,23,19
3699,0,7
3700,58,47
3701,37,27
3702,10,8
3703,72,61
3704,13,12
3705,24,72
3706,8,8
3707,0,2
3708,7,6
3709,0,2
3710,71,63
3711,0,36
3712,23,21
3713,0,24
3714,18,12
3715,0,3
3716,0,13
3717,0,9
3718,0,11
3719,17,15
3720,17,47
3721,0,5
3722,34,129
3723,0,3
3724,0,33
3725,0,65
3726,0,2
3727,12,42
3728,16,13
3729,0,6
3730,6,4
3731,17,12
3732,0,9
3733,0,0
3734,32,28
3735,22,14
3736,15,11
3737,29,22
3738,25,48
3739,17,15
3740,7,7
3741,25,21
3742,0,0
3743,22,20
3744,10,8
3745,11,11
3746,56,46
3747,24,18
3748,0,20
3749,0,14
3750,0,2
3751,0,46
3752,17,17
3753,30,24
3754,0,7
3755,0,6
3756,0,7
3757,0,7
3758,55,59
3759,0,15
3760,43,43
3761,16,50
3762,21,18
3763,19,17
3764,77,53
3765,8,11
3766,0,3
3767,0,12
3768,8,8
3769,0,4
3770,10,17
3771,0,42
3772,0,31
3773,18,15
3774,40,53
3775,0,0
3776,21,18
3777,17,15
3778,24,23
3779,52,45
3780,76,65
3781,0,7
3782,13,10
3783,10,8
3784,16,13
3785,21,16
3786,0,80
3787,0,0
3788,17,14
3789,0,12
3790,10,9
3791,0,0
3792,16,62
3793,13,11
3794,0,28
3795,12,32
3796,36,43
3797,26,22
3798,19,14
3799,0,10
3800,13,65
3801,0,9
3802,20,19
3803,0,3
3804,42,35
3805,72,59
3806,0,5
3807,0,12
3808,79,72
3809,24,21
3810,0,14
3811,0,2
3812,16,15
3813,19,17
3814,95,65
3815,6,58
3816,14,12
3817,0,24
3818,84,121
3819,42,39
3820,14,13
3821,17,12
3822,23,18
3823,0,20
3824,12,11
3825,32,27
3826,4,3
3827,8,7
3828,14,21
3829,15,14
3830,19,17
3831,0,0
3832,20,15
3833,0,0
3834,9,67
3835,0,9
3836,21,16
3837,0,6
3838,8,7
3839,0,19
3840,28,105
3841,29,97
3842,24,19
3843,0,2
3844,23,35
3845,0,37
3846,0,60
3847,0,36
3848,0,14
3849,46,47
3850,0,13
3851,0,0
3852,0,1
3853,24,19
3854,26,18
3855,54,48
3856,9,8
3857,13,13
3858,28,19
3859,0,0
3860,11,9
3861,51,39
3862,33,27
3863,0,0
3864,0,13
3865,0,15
3866,86,74
3867,0,21
3868,14,89
3869,4,38
3870,0,8
3871,12,11
3872,7,6
3873,0,5
3874,15,79
3875,0,4
3876,0,4
3877,11,10
3878,4,3
3879,25,22
3880,59,46
3881,15,17
3882,0,36
3883,0,3
3884,0,6
3885,36,36
3886,26,21
3887,17,9
3888,0,2
3889,19,23
3890,0,36
3891,0,15
3892,0,72
3893,70,60
3894,0,12
3895,0,94
3896,0,7
3897,12,21
3898,11,9
3899,0,4
3900,0,9
3901,0,8
3902,0,2
3903,0,0
3904,0,14
3905,0,1
3906,33,29
3907,28,26
3908,44,33
3909,44,39
3910,22,19
3911,32,28
3912,66,59
3913,0,1
3914,43,67
3915,0,9
3916,31,26
3917,31,24
3918,42,35
3919,23,21
3920,7,5
3921,0,23
3922,0,2
3923,14,32
3924,14,35
3925,36,29
3926,0,10
3927,8,5
3928,0,37
3929,27,44
3930,0,20
3931,0,18
3932,0,0
3933,0,73
3934,0,28
3935,16,61
3936,23,76
3937,0,32
3938,20,19
3939,25,144
3940,0,40
3941,24,103
3942,0,1
3943,42,108
3944,14,27
3945,0,9
3946,26,28
3947,0,4
3948,12,6
3949,0,5
3950,30,26
3951,63,49
3952,0,24
3953,0,10
3954,7,10
3955,8,8
3956,16,15
3957,18,17
3958,0,39
3959,35,33
3960,0,51
3961,26,21
3962,0,30
3963,25,23
3964,32,27
3965,40,33
3966,0,141
3967,93,159
3968,0,9
3969,10,7
3970,12,12
3971,7,12
3972,0,28
3973,88,77
3974,0,74
3975,7,6
3976,28,24
3977,17,35
3978,10,10
3979,22,18
3980,0,21
3981,4,4
3982,20,20
3983,10,18
3984,6,5
3985,0,0
3986,0,2
3987,0,1
3988,5,6
3989,22,18
3990,36,3
3991,34,30
3992,13,37
3993,10,25
3994,0,46
3995,38,30
3996,0,11
3997,7,19
3998,4,5
3999,34,94
4000,0,4
4001,15,15
4002,23,38
4003,79,67
4004,5,5
4005,8,0
4006,16,13
4007,10,10
4008,16,40
4009,0,30
4010,12,11
4011,0,15
4012,0,6
4013,23,20
4014,0,10
4015,0,7
4016,0,33
4017,0,2
4018,0,52
4019,18,76
4020,0,17
4021,9,8
4022,18,16
4023,22,17
4024,39,41
4025,41,33
4026,0,7
4027,37,110
4028,1,3
4029,4,6
4030,26,23
4031,10,9
4032,23,30
4033,48,42
4034,0,25
4035,25,20
4036,0,0
4037,22,20
4038,4,4
4039,0,0
4040,0,16
4041,0,20
4042,38,34
4043,0,13
4044,19,17
4045,0,33
4046,22,18
4047,37,28
4048,64,50
4049,0,35
4050,54,44
4051,57,46
4052,6,14
4053,16,14
4054,0,17
4055,0,15
4056,20,17
4057,54,44
4058,0,16
4059,10,8
4060,0,5
4061,0,12
4062,82,68
4063,38,39
4064,0,3
4065,35,49
4066,29,25
4067,22,17
4068,0,11
4069,44,35
4070,40,31
4071,0,36
4072,46,40
4073,23,18
4074,18,15
4075,23,17
4076,4,7
4077,16,12
4078,28,25
4079,6,72
4080,0,15
4081,0,61
4082,13,10
4083,52,43
4084,50,42
4085,0,0
4086,0,51
4087,13,11
4088,10,11
4089,28,27
4090,74,89
4091,26,22
4092,50,43
4093,0,6
4094,6,68
4095,26,20
4096,0,26
4097,8,7
4098,0,15
4099,0,8
4100,0,18
4101,0,39
4102,14,12
4103,0,6
4104,0,36
4105,15,87
4106,9,13
4107,0,13
4108,0,17
4109,0,7
4110,20,19
4111,27,22
4112,8,88
4113,27,25
4114,16,18
4116,14,13
4117,0,14
4118,0,20
4119,0,21
4120,0,8
4121,26,30
4122,29,23
4123,0,33
4124,0,11
4125,0,17
4126,6,5
4127,0,2
4128,13,13
4129,17,18
4130,0,7
4131,0,15
4132,42,35
4133,0,31
4134,27,146
4135,0,8
4136,0,10
4137,30,47
4138,8,18
4139,0,67
4140,0,51
4141,16,15
4142,40,22
4143,0,10
4144,16,38
4145,13,9
4146,11,11
4147,15,13
4148,0,17
4149,16,20
4150,15,15
4151,8,8
4152,0,5
4153,78,63
4154,16,13
4155,0,2
4156,18,13
4157,41,33
4158,16,11
4159,0,9
4160,15,12
4161,20,50
4162,27,27
4163,0,75
4164,1,1
4165,18,14
4166,0,20
4167,0,45
4168,16,15
4169,11,11
4170,0,3
4171,0,6
4172,8,23
4173,22,142
4174,12,155
4175,30,28
4176,68,57
4177,10,47
4178,98,83
4179,7,10
4180,106,79
4181,18,15
4182,16,32
4183,11,17
4184,8,25
4185,62,50
4186,0,19
4187,0,42
4188,0,13
4189,0,20
4190,7,7
4191,41,30
4192,8,7
4193,0,16
4194,34,29
4195,13,12
4196,0,28
4197,0,9
4198,0,44
4199,0,70
4200,27,21
4201,29,53
4202,16,33
4203,17,30
4204,15,161
4205,0,19
4206,11,12
4207,0,10
4208,18,23
4209,4,3
4210,0,1
4211,15,14
4212,16,12
4213,0,5
4214,4,14
4215,0,21
4216,0,1
4217,19,15
4218,20,17
4219,0,8
4220,18,15
4221,37,29
4222,13,80
4223,0,37
4224,31,26
4225,17,29
4226,52,44
4227,22,17
4228,0,25
4229,84,72
4230,0,5
4231,13,10
4232,0,24
4233,31,24
4234,0,13
4235,20,15
4236,40,24
4237,25,24
4238,18,19
4239,5,1
4240,35,38
4241,35,32
4242,0,1
4243,0,10
4244,0,29
4245,19,36
4246,9,8
4247,0,0
4248,0,4
4249,0,27
4250,0,41
4251,0,7
4252,0,14
4253,0,34
4254,12,63
4255,15,19
4256,13,12
4257,0,7
4258,9,8
4259,0,15
4260,0,28
4261,16,13
4262,58,172
4263,16,14
4264,0,20
4265,23,0
4266,0,26
4267,0,2
4268,25,20
4269,0,26
4270,14,9
4271,0,0
4272,16,12
4273,45,42
4274,0,5
4275,28,22
4276,22,18
4277,36,34
4278,13,11
4279,14,11
4280,31,58
4281,17,22
4282,9,9
4283,37,25
4284,18,15
4285,39,35
4286,38,35
4287,0,7
4288,0,4
4289,0,50
4290,9,6
4291,60,78
4292,0,1
4293,27,0
4294,12,10
4295,79,61
4296,0,21
4297,11,10
4298,13,9
4299,14,12
4300,6,6
4301,0,18
4302,29,24
4303,37,40
4304,9,7
4305,29,3
4306,9,8
4307,20,16
4308,91,2
4309,8,25
4310,0,12
4311,0,4
4312,23,22
4313,0,46
4314,38,40
4315,29,31
4316,8,8
4317,0,7
4318,4,5
4319,29,28
4320,5,4
4321,22,0
4322,8,8
4323,53,48
4324,0,9
4325,0,14
4326,16,14
4327,0,0
4328,20,18
4329,0,9
4330,25,22
4331,26,16
4332,34,29
4333,40,33
4334,17,13
4335,0,9
4336,18,16
4337,6,6
4338,0,14
4339,104,89
4340,8,7
4341,8,14
4342,19,15
4343,0,9
4344,16,12
4345,0,7
4346,15,27
4347,5,8
4348,35,28
4349,21,62
4350,15,15
4351,11,58
4352,24,32
4353,0,20
4354,7,10
4355,48,55
4356,0,22
4357,0,23
4358,5,29
4359,0,20
4360,0,23
4361,7,90
4362,20,15
4363,0,19
4364,54,49
4365,20,21
4366,16,98
4367,0,13
4368,18,14
4369,29,38
4370,10,18
4371,0,7
4372,11,12
4373,0,14
4374,52,46
4375,0,8
4376,11,9
4377,9,8
4378,0,3
4379,30,24
4380,0,7
4381,42,34
4382,5,10
4383,18,15
4384,13,9
4385,0,11
4386,19,15
4387,0,14
4388,0,6
4389,50,48
4390,6,6
4391,11,10
4392,0,0
4393,28,24
4394,11,15
4395,90,73
4396,0,41
4397,0,34
4398,30,23
4399,9,8
4400,51,40
4401,0,14
4402,0,13
4403,0,10
4404,0,5
4405,0,10
4406,10,22
4407,7,67
4408,0,1
4409,14,14
4410,8,63
4411,0,49
4412,7,6
4413,36,32
4414,0,4
4415,0,36
4416,0,70
4417,0,11
4418,0,0
4419,0,6
4420,0,3
4421,36,36
4422,24,22
4423,20,19
4424,32,27
4425,25,22
4426,20,22
4427,0,4
4428,0,3
4429,10,8
4430,0,3
4431,0,70
4432,23,18
4433,0,56
4434,23,20
4435,17,17
4436,0,8
4437,20,24
4438,0,38
4439,23,21
4440,16,14
4441,35,58
4442,31,81
4443,30,28
4444,153,120
4445,17,35
4446,5,15
4447,18,13
4448,26,11
4449,3,3
4450,46,31
4451,9,24
4452,14,10
4453,23,18
4454,25,38
4455,38,29
4456,30,29
4457,0,6
4458,8,66
4459,0,12
4460,70,56
4461,0,0
4462,0,0
4463,12,9
4464,0,34
4465,0,28
4466,0,2
4467,0,5
4468,0,59
4469,0,45
4470,0,32
4471,0,41
4472,9,8
4473,0,19
4474,22,19
4475,32,84
4476,0,10
4477,8,59
4478,0,15
4479,0,21
4480,76,67
4481,29,29
4482,0,11
4483,50,117
4484,10,7
4485,18,34
4486,0,6
4487,0,17
4488,0,22
4489,0,23
4490,72,58
4491,9,7
4492,24,23
4493,14,103
4494,0,54
4495,8,6
4496,0,0
4497,0,28
4498,11,10
4499,14,11
4500,0,3
4501,12,28
4502,6,5
4503,20,17
4504,7,9
4505,31,28
4506,9,9
4507,9,7
4508,0,4
4509,53,44
4510,11,10
4511,0,21
4512,0,48
4513,32,26
4514,6,5
4515,4,14
4516,28,21
4517,48,80
4518,39,33
4519,10,9
4520,48,73
4521,0,19
4522,9,7
4523,21,19
4524,13,28
4526,6,47
4527,59,89
4528,0,32
4529,10,7
4530,6,35
4531,0,3
4532,6,100
4533,10,43
4534,9,59
4535,17,23
4536,7,12
4537,0,27
4538,31,72
4539,0,7
4540,59,45
4541,14,12
4542,9,8
4543,0,9
4544,0,28
4545,59,43
4546,0,24
4547,0,8
4548,3,5
4549,0,4
4550,16,29
4551,0,33
4552,20,16
4553,0,3
4554,0,4
4555,6,91
4556,25,21
4557,28,22
4558,0,5
4559,0,5
4560,0,2
4561,18,13
4562,9,8
4563,60,59
4564,0,13
4565,39,32
4566,0,45
4567,0,13
4568,0,72
4569,11,9
4570,7,6
4571,14,11
4572,0,2
4573,16,0
4574,0,15
4575,66,62
4576,5,5
4577,4,61
4578,87,75
4579,0,54
4580,5,4
4581,0,13
4582,25,46
4583,0,19
4584,0,11
4585,0,16
4586,0,33
4587,0,60
4588,5,5
4589,0,0
4590,11,10
4591,0,0
4592,24,18
4593,0,0
4594,0,3
4595,1,96
4596,0,17
4597,0,1
4598,0,4
4599,4,8
4600,0,1
4601,22,19
4602,3,8
4603,14,14
4604,0,3
4605,17,46
4606,0,18
4607,0,28
4608,47,42
4609,36,31
4610,11,43
4611,5,8
4612,30,28
4613,47,180
4614,0,4
4615,0,0
4616,0,3
4617,0,5
4618,11,124
4619,14,15
4620,0,27
4621,16,50
4622,12,24
4623,10,9
4624,59,49
4625,0,8
4626,9,7
4627,26,19
4628,0,30
4629,0,46
4630,18,30
4631,9,79
4632,10,18
4633,19,15
4634,27,34
4635,16,13
4636,5,5
4637,4,4
4638,15,44
4639,35,30
4640,23,25
4641,14,70
4642,0,15
4643,19,17
4644,9,19
4645,0,26
4646,16,65
4647,0,13
4648,14,15
4649,0,19
4650,48,46
4651,34,31
4652,25,20
4653,7,7
4654,0,10
4655,0,35
4656,25,20
4657,0,3
4658,0,14
4659,0,2
4660,0,6
4661,0,3
4662,15,13
4663,13,9
4664,9,9
4665,3,12
4666,26,22
4667,4,93
4668,0,23
4669,13,17
4670,3,2
4671,12,8
4672,0,4
4673,0,31
4674,14,10
4675,36,34
4676,39,61
4677,0,11
4678,0,20
4679,0,66
4680,0,27
4681,0,6
4682,12,10
4683,0,13
4684,0,0
4685,18,40
4686,24,115
4687,49,93
4688,9,7
4689,0,97
4690,29,21
4691,35,175
4692,0,3
4693,0,28
4694,7,5
4695,0,5
4696,0,5
4697,0,22
4698,0,1
4699,20,17
4700,0,6
4701,0,65
4702,5,4
4703,3,34
4704,25,21
4705,11,10
4706,0,10
4707,37,35
4708,11,10
4709,0,1
4710,0,11
4711,6,9
4712,0,2
4713,6,12
4714,14,13
4715,75,62
4716,48,38
4717,0,7
4718,14,11
4719,0,0
4720,13,11
4721,14,13
4722,7,7
4723,0,5
4724,0,53
4725,0,0
4726,0,11
4727,0,41
4728,0,3
4729,0,22
4730,26,22
4731,3,4
4732,0,7
4733,14,91
4734,11,9
4735,20,18
4736,4,3
4737,23,0
4738,19,16
4739,0,11
4740,0,5
4741,0,10
4742,24,20
4743,10,31
4744,0,4
4745,0,1
4746,0,12
4747,0,8
4748,10,8
4749,18,19
4750,0,15
4751,6,6
4752,0,6
4753,59,48
4754,21,17
4755,47,40
4756,0,10
4757,0,8
4758,0,7
4759,10,8
4760,0,17
4761,23,37
4762,0,9
4763,0,0
4764,11,21
4765,5,3
4766,7,8
4767,75,61
4768,0,12
4769,14,10
4770,10,9
4771,11,11
4772,0,20
4773,0,5
4774,8,6
4775,0,61
4776,0,10
4777,0,9
4778,11,11
4779,0,5
4780,47,32
4781,5,17
4782,20,17
4783,18,24
4784,0,20
4785,0,5
4786,15,14
4787,0,32
4788,7,7
4789,3,4
4790,0,40
4791,16,53
4792,0,14
4793,26,23
4794,11,54
4795,10,22
4796,0,1
4797,3,3
4798,4,10
4799,2,3
4800,0,3
4801,0,6
4802,0,3
4803,0,29
4804,15,12
4805,0,14
4806,11,17
4807,28,90
4808,14,12
4809,0,8
4810,1,28
4811,0,3
4812,0,6
4813,0,4
4814,19,17
4815,8,8
4816,10,9
4817,24,20
4818,10,7
4819,0,15
4820,26,80
4821,0,5
4822,8,6
4823,9,8
4824,0,27
4825,36,30
4826,24,22
4827,0,8
4828,37,28
4829,3,3
4830,12,54
4831,23,20
4832,10,67
4833,14,14
4834,0,38
4835,0,0
4836,5,4
4837,27,64
4838,0,10
4839,8,38
4840,10,12
4841,11,7
4842,4,10
4843,45,40
4844,10,12
4845,14,10
4846,11,10
4847,0,29
4848,0,0
4849,17,19
4850,20,18
4851,10,7
4852,0,11
4853,19,0
4854,0,33
4855,0,11
4856,34,27
4857,17,70
4858,28,26
4859,25,22
4860,14,13
4861,0,26
4862,13,18
4863,0,16
4864,10,10
4865,12,9
4866,20,15
4867,31,27
4868,6,6
4869,0,4
4870,0,39
4871,0,13
4872,0,7
4873,22,14
4874,24,23
4875,17,15
4876,10,9
4877,10,11
4878,11,10
4879,44,35
4880,9,3
4881,27,24
4882,11,11
4883,24,58
4884,0,8
4885,40,29
4886,6,3
4887,14,9
4888,0,3
4889,9,7
4890,9,7
4891,20,16
4892,31,22
4893,5,16
4894,5,20
4895,0,1
4896,5,8
4897,0,6
4898,0,22
4899,0,7
4900,4,7
4901,0,55
4902,11,3
4903,0,20
4904,5,13
4905,19,27
4906,8,6
4907,4,73
4908,17,14
4909,0,9
4910,0,16
4911,6,4
4912,0,3
4913,15,17
4914,0,20
4915,0,0
4916,0,0
4917,14,12
4918,0,14
4919,10,11
4920,33,29
4921,5,7
4922,40,37
4923,10,7
4924,15,0
4925,7,7
4926,15,14
4927,0,22
4928,8,7
4929,23,18
4930,0,23
4931,0,7
4932,0,0
4933,12,12
4934,16,13
4935,25,21
4936,2,15
4937,27,21
4938,37,123
4939,0,19
4940,13,11
4941,0,47
4942,0,13
4943,9,8
4944,20,121
4945,7,6
4946,13,10
4947,0,0
4948,0,0
4949,40,44
4950,0,5
4951,14,12
4952,0,3
4953,12,20
4954,0,27
4955,11,10
4956,8,7
4957,0,18
4958,13,13
4959,45,50
4960,43,119
4961,15,34
4962,0,13
4963,5,15
4964,7,7
4965,13,12
4966,0,6
4967,0,4
4968,0,3
4969,15,11
4970,9,30
4971,51,46
4972,0,21
4973,0,0
4974,0,23
4975,16,6
4976,0,4
4977,63,37
4978,0,19
4979,0,20
4980,8,6
4981,10,10
4982,0,0
4983,3,73
4984,14,43
4985,3,5
4986,22,19
4987,33,25
4988,22,15
4989,0,1
4990,8,6
4991,0,7
4992,44,39
4993,0,61
4994,11,8
4995,6,5
4996,21,39
4997,18,15
4998,0,1
4999,0,5
5000,0,2
5001,9,7
5002,0,25
5003,16,17
5004,24,100
5005,0,9
5006,0,1
5007,0,0
5008,7,6
5009,17,14
5010,0,16
5011,0,3
5012,4,3
5013,0,0
5014,0,3
5015,37,30
5016,0,3
5017,7,6
5018,0,1
5019,0,5
5020,0,9
5021,0,27
5022,19,53
5023,8,2
5024,18,15
5025,0,2
5026,14,12
5027,0,10
5028,56,48
5029,0,5
5030,6,18
5031,18,2
5032,7,4
5033,12,23
5034,20,12
5035,23,19
5036,19,19
5037,14,12
5038,53,47
5039,0,20
5040,21,21
5041,12,12
5042,46,41
5043,23,20
5044,0,47
5045,9,8
5046,0,2
5047,3,1
5048,0,8
5049,24,16
5050,27,22
5051,0,3
5052,8,8
5053,34,31
5054,0,27
5055,28,24
5056,6,4
5057,0,3
5058,14,83
5059,14,11
5060,0,6
5061,22,12
5062,4,23
5063,8,1
5064,11,104
5065,15,63
5066,0,10
5067,15,14
5068,12,11
5069,37,29
5070,115,0
5071,2,4
5072,0,11
5073,6,3
5074,0,5
5075,12,10
5076,0,13
5077,10,7
5078,7,28
5079,0,1
5080,0,5
5081,0,43
5082,0,27
5083,14,34
5084,8,10
5085,9,8
5086,0,12
5087,42,30
5088,10,9
5089,45,36
5090,0,3
5091,22,37
5092,0,0
5093,18,14
5094,5,5
5095,0,4
5096,53,22
5097,17,37
5098,17,13
5099,18,16
5100,0,16
5101,10,9
5102,11,11
5103,0,19
5104,0,5
5105,0,35
5106,2,2
5107,15,16
5108,10,9
5109,6,4
5110,31,29
5111,0,0
5112,25,21
5113,29,20
5114,42,32
5115,38,31
5116,12,66
5117,12,0
5118,0,22
5119,36,29
5120,0,19
5121,22,17
5122,19,25
5123,0,1
5124,0,33
5125,56,91
5126,11,24
5127,5,6
5128,12,8
5129,0,1
5130,9,12
5131,20,16
5132,8,80
5133,12,8
5134,20,18
5135,9,8
5136,91,77
5137,0,12
5138,0,0
5139,0,0
5140,29,26
5141,10,12
5142,10,24
5143,28,181
5144,6,6
5145,0,9
5146,24,20
5147,10,74
5148,2,18
5149,15,11
5150,0,21
5151,10,8
5152,7,8
5153,0,0
5154,7,10
5155,28,23
5156,21,18
5157,32,92
5158,17,17
5159,27,32
5160,10,9
5161,16,15
5162,0,8
5163,16,11
5165,14,11
5166,27,26
5167,0,6
5168,8,7
5169,16,15
5170,26,21
5171,9,9
5172,88,67
5173,0,5
5174,11,7
5175,0,13
5176,11,10
5177,0,6
5178,0,10
5179,13,19
5180,13,14
5181,0,15
5182,0,9
5183,9,176
5184,6,3
5185,0,21
5186,8,8
5187,21,17
5188,0,6
5189,28,21
5190,0,15
5191,0,31
5192,0,0
5193,20,15
5194,7,14
5195,1,1
5196,0,10
5197,11,41
5198,16,14
5199,33,26
5200,51,43
5201,10,12
5202,0,8
5203,6,8
5204,0,14
5205,0,19
5206,34,32
5207,14,13
5208,6,5
5209,3,12
5210,27,27
5211,52,50
5212,29,23
5213,0,4
5214,11,10
5215,6,30
5216,5,3
5217,8,7
5218,3,1
5219,0,30
5220,0,6
5221,0,5
5222,0,16
5223,0,0
5224,24,16
5225,10,7
5226,20,1
5227,38,25
5228,23,19
5229,18,17
5230,14,51
5231,29,0
5232,36,35
5233,0,18
5234,0,9
5235,36,29
5236,0,18
5237,0,6
5238,8,7
5239,4,3
5240,0,2
5241,27,22
5242,18,25
5243,10,11
5244,12,11
5245,87,75
5246,8,10
5247,0,5
5248,15,12
5249,33,27
5250,22,20
5251,0,10
5252,8,13
5253,30,48
5254,0,29
5255,89,78
5256,42,87
5257,8,8
5258,5,18
5259,17,17
5260,2,117
5261,18,56
5262,0,6
5263,0,10
5264,0,5
5265,0,2
5266,22,58
5267,40,37
5268,0,0
5269,5,6
5270,0,4
5271,5,5
5272,9,15
5273,7,6
5274,15,12
5275,17,44
5276,40,35
5277,12,10
5278,0,9
5279,0,29
5280,0,5
5281,0,0
5282,28,6
5283,0,1
5284,6,5
5285,13,22
5286,0,4
5287,5,5
5288,14,10
5289,29,51
5290,7,5
5291,0,0
5292,11,10
5293,19,19
5294,0,5
5295,0,17
5296,12,9
5297,7,6
5298,9,12
5299,0,31
5300,7,7
5301,9,21
5302,42,32
5303,41,50
5304,0,8
5305,24,21
5306,17,16
5307,0,0
5308,25,18
5309,7,6
5310,0,3
5311,19,14
5312,8,6
5313,23,18
5314,0,5
5315,0,33
5316,0,3
5317,0,17
5318,16,32
5319,0,3
5320,0,3
5322,6,6
5323,0,6
5324,0,3
5325,40,33
5326,13,17
5327,27,25
5328,17,14
5329,0,7
5330,16,15
5331,13,10
5332,4,5
5333,35,156
5334,18,26
5335,25,21
5336,30,28
5337,17,15
5338,10,13
5339,25,22
5340,37,65
5341,13,11
5342,44,52
5343,0,2
5344,25,16
5345,10,12
5346,14,38
5347,21,17
5348,22,20
5349,0,4
5350,9,8
5351,0,12
5352,9,6
5353,0,1
5354,5,5
5355,36,13
5356,6,21
5357,35,46
5358,0,1
5359,0,13
5360,0,0
5361,0,2
5362,2,2
5363,33,30
5364,0,1
5365,0,3
5366,0,4
5367,0,23
5368,6,5
5369,12,12
5370,6,4
5371,0,4
5372,0,4
5373,9,7
5374,0,6
5375,16,18
5376,0,0
5377,12,10
5378,0,1
5379,0,0
5380,0,13
5381,38,27
5382,23,48
5383,13,59
5384,0,5
5385,0,40
5386,0,11
5387,0,27
5388,26,19
5389,0,13
5390,3,3
5391,0,39
5392,0,5
5393,16,10
5394,8,8
5395,0,18
5396,0,5
5397,10,21
5398,7,6
5399,0,3
5400,0,6
5401,35,21
5402,0,5
5403,19,14
5404,0,7
5405,19,15
5406,0,18
5407,20,23
5408,30,47
5409,10,9
5410,19,40
5411,7,6
5412,7,5
5413,9,8
5414,14,11
5415,0,25
5416,0,58
5417,17,82
5418,29,26
5419,0,3
5420,0,13
5421,7,6
5422,19,83
5423,28,24
5424,0,4
5425,0,11
5426,5,14
5427,56,48
5428,0,3
5429,0,2
5430,0,0
5431,18,54
5432,25,36
5433,0,14
5434,0,24
5435,7,8
5436,0,3
5437,41,30
5438,36,31
5439,55,39
5440,0,2
5441,13,26
5442,5,6
5443,0,0
5444,0,6
5445,9,6
5446,14,12
5447,0,4
5448,56,44
5449,0,17
5450,19,70
5451,15,11
5452,0,19
5453,0,5
5454,3,21
5455,2,2
5456,14,8
5457,10,7
5458,6,17
5459,50,40
5460,23,18
5461,0,30
5462,0,29
5463,17,13
5464,23,51
5465,6,6
5466,13,10
5467,56,48
5468,18,14
5469,0,0
5470,0,6
5471,12,10
5472,14,11
5473,11,9
5474,14,12
5475,4,3
5476,13,13
5477,4,10
5478,0,28
5479,0,68
5480,25,15
5481,10,9
5482,16,89
5483,12,8
5484,0,12
5485,52,45
5486,0,35
5487,11,9
5488,12,14
5489,20,25
5490,10,10
5491,24,27
5492,11,9
5493,14,25
5494,10,9
5495,10,8
5496,19,15
5497,0,14
5498,0,10
5499,5,29
5500,9,7
5501,3,4
5502,17,22
5503,10,8
5504,0,10
5505,3,5
5506,0,13
5507,2,13
5508,5,30
5509,60,53
5510,22,17
5511,21,20
5512,46,35
5513,0,53
5514,11,7
5515,0,0
5516,50,41
5517,15,23
5518,3,10
5519,0,15
5520,79,45
5521,7,5
5522,0,1
5523,0,13
5524,15,12
5525,0,0
5526,0,0
5527,40,27
5528,48,33
5529,0,12
5530,0,21
5531,0,3
5532,0,7
5533,0,4
5534,143,117
5535,30,22
5536,15,0
5537,14,10
5538,0,0
5539,17,12
5540,0,7
5541,15,22
5542,10,9
5543,0,4
5544,26,91
5545,0,3
5546,43,40
5547,36,33
5548,0,4
5549,0,49
5550,26,23
5551,11,12
5552,31,27
5553,9,6
5554,35,32
5555,0,0
5556,23,30
5557,20,37
5558,12,11
5559,57,65
5560,20,19
5561,20,20
5562,0,55
5563,4,4
5564,0,2
5565,0,35
5567,0,6
5568,0,1
5569,24,22
5570,10,31
5571,38,33
5572,7,13
5573,0,28
5574,14,12
5575,0,2
5576,9,71
5577,3,55
5578,3,3
5579,26,24
5580,0,1
5581,7,4
5582,3,8
5583,40,33
5584,1,29
5585,0,3
5586,7,5
5587,0,5
5588,16,12
5589,10,9
5590,11,7
5591,7,6
5592,11,48
5593,0,55
5594,10,10
5595,12,15
5596,10,9
5597,16,13
5598,17,63
5599,0,0
5600,0,5
5601,0,1
5602,0,29
5603,0,9
5604,0,3
5605,0,20
5606,0,38
5607,10,9
5608,28,23
5609,0,2
5610,20,53
5611,0,43
5612,0,0
5613,4,3
5614,0,14
5615,9,7
5616,40,36
5617,4,4
5618,43,35
5619,0,37
5620,6,5
5621,6,6
5622,0,26
5623,18,15
5624,5,5
5625,0,13
5626,0,3
5627,15,13
5628,0,6
5629,79,75
5630,5,40
5631,0,22
5632,0,1
5633,13,32
5634,0,4
5635,6,47
5636,11,18
5637,16,42
5638,14,13
5639,0,17
5640,10,0
5641,48,35
5642,0,47
5643,6,5
5644,0,18
5645,6,5
5646,74,55
5647,11,7
5648,8,22
5649,7,6
5650,24,33
5651,0,11
5652,0,7
5653,12,11
5654,10,7
5655,13,10
5656,30,40
5657,7,6
5658,10,80
5659,4,4
5660,0,15
5661,20,18
5662,0,6
5663,45,41
5664,0,0
5665,12,12
5666,16,26
5667,10,10
5668,0,17
5669,0,80
5670,18,42
5671,0,7
5672,10,7
5673,0,2
5674,10,8
5675,0,2
5676,4,4
5677,5,4
5678,0,4
5679,0,47
5680,50,52
5681,0,29
5682,8,14
5683,0,8
5684,9,25
5685,37,53
5686,21,13
5687,0,0
5688,10,11
5689,48,45
5713,25,20
5837,0,7
5838,19,17
6268,19,21
6269,10,6
6270,4,5
6271,7,20
6272,76,65
6273,7,7
6274,18,14
6275,7,6
6276,0,14
6277,18,34
6278,32,36
6279,11,31
6280,15,16
6281,0,12
6282,0,0
6283,3,43
6284,0,38
6285,4,3
6286,0,15
6287,8,8
6288,7,6
6289,13,0
6290,14,13
6291,0,3
6292,0,2
6293,0,51
6294,17,16
6295,16,13
6296,9,6
6297,49,33
6298,0,7
6299,0,39
6300,12,7
6301,14,13
6302,8,8
6303,6,46
6304,12,27
6305,15,14
6306,10,6
6307,0,3
6308,0,4
6309,10,12
6310,9,3
6311,0,13
6312,10,7
6313,0,0
6314,64,51
6315,12,15
6316,0,1
6317,0,1
6318,5,4
6319,19,16
6320,9,17
6321,93,90
6322,0,0
6323,20,100
6324,15,10
6325,0,9
6326,7,6
6327,0,27
6328,68,59
6329,62,52
6330,0,1
6331,6,4
6332,0,6
6333,88,73
6334,18,42
6335,70,60
6336,10,0
6337,26,24
6338,138,113
6339,5,4
6340,0,8
6341,53,9
6342,41,35
6343,0,10
6344,0,0
6345,0,1
6346,20,17
6347,10,8
6348,57,49
6349,10,9
6350,0,8
6351,0,2
6352,5,3
6353,17,13
6354,0,4
6356,7,6
6357,4,18
6358,0,9
6359,0,9
6360,12,10
6361,0,26
6362,27,25
6363,0,5
6364,16,12
6365,6,6
6366,24,21
6367,10,7
6368,68,55
6369,32,24
6370,0,81
6371,4,4
6372,0,1
6373,0,52
6374,15,11
6375,0,14
6376,20,19
6377,10,7
6378,43,36
6379,3,2
6380,29,22
6381,8,15
6382,66,107
6383,5,4
6384,12,102
6385,85,80
6386,0,3
6387,13,8
6388,0,8
6389,0,5
6390,23,19
6391,76,63
6392,0,7
6393,0,15
6394,22,58
6395,0,7
6396,0,5
6397,0,13
6398,22,17
6399,62,50
6400,4,4
6401,0,6
6402,17,14
6403,0,5
6404,0,4
6405,8,8
6406,36,22
6407,0,0
6408,7,4
6409,14,13
6410,0,4
6411,0,10
6412,8,32
6413,72,55
6414,4,22
6415,37,29
6416,24,20
6417,0,16
6418,11,35
6419,17,13
6420,0,80
6421,16,15
6422,77,56
6423,0,13
6424,0,10
6425,13,13
6426,49,43
6427,0,34
6428,21,19
6429,30,22
6430,0,7
6431,0,5
6432,3,129
6433,26,21
6434,4,4
6435,0,0
6436,44,33
6437,0,2
6438,6,12
6439,28,27
6440,0,5
6441,20,16
6442,7,7
6443,33,25
6444,0,2
6445,11,9
6446,0,29
6447,2,5
6448,0,1
6449,40,32
6450,8,8
6451,47,41
6452,62,56
6453,7,57
6454,16,24
6455,37,99
6456,77,66
6457,13,12
6458,0,9
6459,5,4
6460,0,42
6461,28,105
6462,4,20
6463,0,10
6464,28,26
6465,9,7
6466,0,6
6467,0,3
6468,0,4
6469,0,3
6470,6,7
6471,18,26
6472,0,13
6473,7,13
6474,36,34
6475,23,21
6476,0,63
6477,36,27
6478,10,7
6479,15,13
6480,7,6
6481,1,72
6482,0,3
6483,0,4
6484,7,33
6485,80,74
6486,0,8
6487,64,48
6488,0,22
6489,9,10
6490,2,3
6491,0,35
6492,5,4
6493,0,10
6494,13,12
6495,3,3
6496,0,0
6497,19,13
6498,16,14
6499,0,1
6500,3,38
6501,52,41
6502,8,6
6503,2,4
6504,0,19
6505,0,17
6506,11,12
6507,42,90
6508,0,15
6509,4,3
6510,8,13
6511,0,13
6512,11,6
6513,13,9
6514,8,7
6515,20,15
6516,6,7
6517,8,8
6518,0,4
6519,0,10
6520,0,1
6521,0,0
6522,45,35
6523,30,24
6524,25,15
6525,61,6
6526,16,15
6527,8,61
6528,10,18
6529,14,20
6530,41,34
6531,14,11
6532,0,2
6533,8,14
6534,0,29
6535,0,13
6536,0,2
6537,0,93
6538,9,16
6539,3,4
6540,5,28
6541,9,8
6542,22,17
6543,29,23
6544,0,23
6545,11,9
6546,61,51
6547,0,0
6548,0,78
6549,8,5
6550,18,15
6551,12,11
6552,34,17
6553,9,6
6554,14,13
6555,0,27
6556,10,46
6557,6,19
6558,15,12
6559,24,88
6560,9,7
6561,92,73
6562,5,4
6563,16,13
6564,0,2
6565,13,14
6566,0,59
6567,3,27
6568,10,8
6569,6,6
6570,25,25
6571,9,22
6572,0,2
6573,40,39
6574,5,6
6575,0,1
6576,22,20
6577,10,6
6578,16,14
6579,0,4
6580,0,43
6581,0,8
6582,2,18
6583,11,11
6584,4,9
6585,52,41
6586,17,55
6587,5,3
6588,0,3
6589,8,7
6590,13,126
6591,5,7
6592,0,49
6593,22,14
6594,0,6
6595,10,8
6596,12,29
6597,12,20
6598,2,12
6599,0,1
6600,0,54
6601,0,2
6602,14,12
6603,8,7
6604,8,24
6605,15,13
6606,0,4
6607,15,11
6608,34,24
6609,21,14
6610,0,14
6611,0,0
6612,0,0
6613,37,45
6614,0,0
6615,6,4
6616,0,0
6617,43,38
6618,3,3
6619,15,12
6620,56,49
6621,0,0
6622,0,13
6623,7,5
6624,39,36
6625,0,2
6626,23,45
6627,0,50
6628,0,28
6629,0,2
6630,0,11
6631,6,6
6632,14,32
6633,0,24
6634,0,36
6635,31,0
6636,0,20
6637,15,9
6638,10,8
6639,6,5
6640,4,4
6641,9,12
6642,0,6
6643,22,19
6644,15,9
6645,8,12
6646,5,6
6647,59,46
6648,0,7
6649,21,15
6650,26,21
6651,16,9
6652,34,28
6653,35,32
6654,0,4
6655,9,7
6656,6,5
6657,0,91
6658,15,67
6659,27,20
6660,16,13
6661,34,73
6662,5,5
6663,0,9
6664,8,9
6665,4,3
6666,22,66
6667,0,0
6668,5,5
6669,41,58
6670,25,22
6671,9,8
6672,13,10
6673,7,18
6674,19,51
6675,20,17
6676,8,5
6677,23,29
6678,0,10
6679,0,4
6680,0,4
6681,9,7
6682,0,2
6683,0,47
6684,7,5
6685,9,7
6686,22,15
6687,5,3
6688,5,17
6689,0,8
6690,0,6
6691,10,9
6692,31,24
6693,9,5
6694,0,6
6695,25,23
6696,0,1
6697,19,58
6698,3,3
6699,5,3
6700,0,23
6701,0,5
6702,0,1
6703,0,4
6704,41,37
6705,0,2
6706,0,7
6707,5,3
6708,19,15
6709,10,8
6710,4,3
6711,9,43
6712,31,21
6713,7,7
6714,0,40
6715,101,80
6716,6,121
6717,11,8
6718,0,0
6719,6,12
6720,0,0
6721,8,7
6722,19,27
6723,36,33
6724,8,6
6725,23,19
6726,39,0
6727,0,4
6728,7,33
6729,11,10
6730,49,39
6731,57,62
6732,9,7
6733,0,7
6734,9,8
6735,0,16
6736,22,17
6737,0,10
6738,3,2
6739,22,27
6740,15,40
6741,6,5
6742,4,21
6743,8,6
6744,9,11
6745,46,47
6746,10,7
6747,11,9
6748,8,8
6749,2,3
6750,2,88
6751,7,6
6752,4,3
6753,0,6
6754,0,7
6755,4,5
6756,9,5
6757,4,4
6758,14,11
6759,8,5
6760,6,9
6761,11,9
6762,27,22
6763,2,1
6764,4,16
6765,62,76
6766,14,18
6767,4,9
6768,8,7
6769,0,5
6770,61,57
6771,7,12
6772,0,3
6773,5,5
6774,4,3
6775,16,15
6776,41,37
6777,0,18
6778,0,8
6779,0,0
6780,80,64
6781,7,16
6782,0,19
6783,0,0
6784,9,8
6785,52,46
6786,0,6
6787,28,0
6788,13,9
6789,68,58
6790,0,8
6791,15,14
6792,16,15
6793,24,17
6794,7,16
6795,68,64
6796,25,21
6797,7,17
6798,89,69
6799,13,9
6800,0,1
6801,0,2
6802,8,71
6803,35,62
6804,0,0
6805,0,0
6806,9,6
6808,0,0
6809,75,59
6810,0,46
6811,8,14
6812,64,47
6813,0,6
6814,0,1
6815,12,24
6816,78,63
6817,8,87
6818,7,8
6819,15,11
6820,49,39
6829,0,13
6830,65,47
6832,0,108
6833,0,5
6834,0,29
6835,48,76
6836,37,29
6837,0,0
6838,0,35
6839,0,16
6840,0,2
6841,0,2
6842,0,13
6843,0,3
6844,0,36
6845,0,100
6846,0,3
6847,0,13
6848,0,98
6849,0,17
6850,0,5
6851,0,11
6852,0,2
6853,0,0
6854,0,1
6856,0,17
6857,0,1
6858,6,5
6859,34,31
6860,5,11
6861,0,7
6862,15,14
6863,0,44
6864,0,15
6866,71,60
6868,0,15
6869,0,5
6870,36,27
6871,8,7
6872,8,16
6873,12,43
6874,0,7
6875,31,26
6876,9,21
6877,0,4
6878,0,5
6879,46,32
6880,0,23
6881,0,1
6882,99,78
6883,21,25
6884,31,27
6885,0,21
6886,0,47
6887,0,71
6888,0,8
6889,26,23
6890,39,32
6891,43,39
6892,6,6
6893,24,12
6894,18,16
6895,17,13
6896,0,14
6897,0,14
6898,0,28
6899,25,21
6900,32,89
6901,22,16
6902,28,20
6903,95,75
6904,45,36
6905,0,20
6906,0,11
6907,29,27
6909,0,29
6910,0,90
6911,0,18
6912,50,42
6913,32,32
6914,44,35
6916,0,6
6917,0,18
6918,0,23
6919,0,9
6920,7,6
6921,0,15
6922,20,15
6923,54,53
6924,15,11
6925,27,36
6926,29,22
6927,0,4
6928,5,11
6929,0,17
6930,0,10
6931,25,37
6932,0,13
6933,0,8
6934,0,12
6935,15,12
6936,0,56
6937,0,14
6938,0,22
6939,0,69
6940,0,17
6941,0,11
6942,0,82
6943,0,73
6944,0,36
6945,10,13
6946,63,18
6947,42,51
6948,29,26
6949,0,118
6950,0,14
6951,5,10
6952,46,40
6953,32,129
6954,0,11
6955,0,8
6956,0,85
6957,0,33
6958,0,43
6959,0,7
6960,0,18
6961,0,19
6962,0,33
6963,22,20
6964,48,37
6965,28,83
6966,0,28
6967,52,45
6968,0,12
6969,0,6
6970,0,10
6971,0,16
6972,24,16
6973,0,9
6974,0,3
6975,40,35
6976,32,55
6977,15,14
6978,0,29
6979,13,12
6980,17,77
6981,26,46
6982,0,3
6983,0,4
6984,25,20
6985,0,7
6987,0,0
6988,45,40
6991,0,8
6992,13,11
6993,20,30
6994,22,20
6995,9,7
6997,144,118
6998,13,42
6999,0,5
7000,0,113
7003,63,18
7004,40,32
7005,0,37
7006,12,15
7007,0,23
7008,20,18
7009,0,18
7010,5,0
7011,0,8
7012,0,4
7013,75,78
7014,0,8
7015,0,10
7016,0,14
7017,0,26
7018,0,22
7019,0,16
7020,44,42
7021,6,14
7022,32,18
7023,0,36
7024,0,3
7025,13,55
7026,0,5
7027,0,49
7028,0,49
7029,0,4
7030,0,3
7032,0,3
7033,0,3
7035,0,6
7036,0,3
7037,0,28
7038,0,13
7039,0,0
7040,0,3
7041,0,7
7042,10,10
7043,0,4
7044,32,24
7045,27,24
7047,0,0
7048,0,0
7049,0,19
7050,0,0
7053,0,24
7054,17,97
7055,0,10
7056,0,34
7057,39,34
7058,0,38
7059,0,114
7060,0,22
7061,0,13
7062,0,16
7064,19,15
7065,0,94
7066,0,42
7067,0,58
7068,0,71
7069,0,26
7070,61,51
7071,53,45
7072,16,42
7073,0,0
7074,0,23
7075,0,6
7076,0,18
7077,0,58
7078,0,25
7079,0,32
7080,20,16
7081,30,35
7082,0,15
7083,0,11
7084,0,104
7085,0,9
7086,0,25
7087,0,11
7088,0,95
7090,0,43
7091,0,76
7092,0,25
7093,0,51
7094,123,76
7095,0,6
7096,0,3
7097,0,14
7098,0,0
7099,32,47
7100,0,107
7102,0,26
7103,0,85
7104,0,22
7105,9,57
7106,0,20
7107,47,41
7108,0,40
7109,0,32
7110,0,11
7111,0,20
7112,0,30
7113,0,72
7114,0,15
7115,36,40
7116,0,71
7117,0,11
7118,0,19
7119,31,26
7120,0,58
7124,0,3
7125,29,24
7126,0,10
7127,22,18
7128,13,12
7129,1,1
7130,0,3
7131,0,13
7132,0,4
7133,0,8
7134,11,13
7135,0,0
7136,0,27
7137,10,32
7138,6,5
7139,2,3
7140,21,16
7141,2,48
7142,12,9
7143,5,2
7144,0,8
7145,0,7
7146,4,4
7147,7,11
7148,21,19
7149,8,5
7150,16,10
7151,3,2
7152,10,7
7153,8,6
7154,0,8
7155,0,3
7156,0,14
7157,0,9
7158,0,59
7159,5,5
7160,7,3
7161,17,13
7162,0,2
7163,44,42
7164,7,7
7165,0,0
7166,6,5
7167,3,3
7168,9,33
7169,5,6
7170,0,20
7171,0,3
7172,2,1
7173,0,1
7174,6,5
7175,55,111
7176,3,20
7177,13,87
7178,0,4
7179,7,2
7180,15,9
7181,2,12
7182,3,3
7183,13,10
7184,6,11
7185,20,17
7186,6,4
7187,1,0
7188,0,2
7189,8,6
7190,21,17
7191,6,61
7192,30,35
7193,0,0
7194,20,16
7195,12,10
7196,0,4
7197,46,41
7198,0,1
7199,0,33
7200,29,25
7201,12,29
7202,28,27
7203,0,3
7204,0,8
7205,15,36
7206,12,10
7207,41,30
7208,0,97
7209,11,11
7210,9,9
7211,0,1
7212,10,11
7213,3,3
7214,11,10
7215,7,6
7216,6,11
7217,5,4
7218,63,81
7219,11,10
7220,6,4
7221,24,19
7222,0,21
7223,51,37
7224,0,13
7225,0,2
7226,0,2
7227,23,19
7228,5,4
7229,5,33
7230,11,7
7231,4,4
7232,0,19
7233,0,21
7234,12,8
7235,0,17
7236,6,5
7237,0,0
7238,24,21
7239,0,27
7240,0,7
7241,9,13
7242,3,2
7243,17,13
7244,5,4
7245,6,5
7246,0,12
7247,10,9
7248,17,14
7249,42,36
7250,7,6
7251,31,0
7252,6,5
7253,20,16
7254,4,3
7255,0,6
7256,10,43
7257,0,2
7258,11,13
7259,28,22
7260,3,2
7261,18,16
7262,11,9
7263,0,13
7264,77,64
7265,14,11
7266,14,7
7267,2,4
7268,14,30
7269,27,35
7270,3,2
7271,6,4
7272,17,15
7273,0,14
7274,25,21
7275,17,15
7276,8,6
7277,23,20
7278,0,1
7279,0,2
7280,2,2
7281,0,1
7282,8,7
7283,3,2
7284,25,20
7285,11,9
7286,38,36
7287,43,38
7288,12,11
7289,24,18
7290,59,48
7291,10,7
7292,30,26
7293,97,84
7294,14,15
7295,0,10
7296,0,5
7297,0,43
7298,12,11
7299,21,14
7300,20,18
7301,20,24
7302,2,2
7303,25,20
7304,0,62
7305,4,15
7306,0,5
7307,13,20
7308,8,70
7309,43,34
7310,14,14
7311,2,2
7312,0,27
7313,5,4
7314,2,2
7315,0,36
7316,4,3
7317,4,2
7318,9,7
7319,0,0
7320,46,15
7321,7,3
7322,0,0
7323,0,0
7324,17,16
7325,58,45
7326,6,5
7327,64,52
7328,5,5
7329,5,37
7330,32,68
7331,7,5
7332,0,4
7333,0,25
7334,14,12
7335,14,10
7336,12,9
7337,48,21
7338,4,5
7339,6,4
7340,19,18
7341,63,0
7342,0,0
7343,0,1
7344,3,21
7345,7,4
7346,0,47
7347,27,1
7348,0,1
7349,2,32
7350,6,6
7351,37,35
7352,33,25
7353,0,1
7354,0,1
7355,5,5
7356,0,12
7357,4,7
7358,0,6
7359,3,43
7360,18,23
7361,3,1
7362,22,28
7363,0,4
7364,54,93
7365,0,22
7366,9,13
7367,14,50
7368,13,22
7369,0,8
7370,0,12
7371,0,11
7372,0,1
7373,0,24
7374,8,8
7375,55,45
7376,0,7
7377,0,26
7378,8,10
7379,0,3
7380,0,4
7381,16,15
7382,11,20
7383,10,9
7384,5,4
7385,26,22
7386,0,7
7387,0,1
7388,0,11
7389,0,0
7390,10,32
7391,0,11
7392,22,18
7393,0,14
7394,18,17
7395,11,8
7396,7,4
7397,20,17
7398,37,30
7399,5,5
7400,0,29
7401,18,18
7402,32,17
7403,14,0
7404,11,11
7405,27,18
7406,3,4
7407,64,70
7408,16,16
7409,5,5
7410,80,69
7411,6,18
7412,10,12
7413,42,42
7414,0,24
7415,4,4
7416,0,5
7417,11,9
7418,5,1
7419,0,5
7420,12,8
7421,12,13
7422,6,46
7423,7,6
7424,4,2
7425,11,10
7426,11,9
7427,0,52
7428,0,0
7429,11,10
7430,5,4
7431,11,17
7432,0,10
7433,85,75
7434,13,10
7435,12,10
7436,0,9
7437,3,21
7438,0,4
7439,6,5
7440,22,20
7441,0,5
7442,10,6
7443,18,17
7444,11,10
7445,6,4
7446,3,6
7447,17,16
7448,5,14
7449,17,32
7450,0,2
7451,9,6
7452,0,0
7453,10,0
7454,0,5
7455,0,3
7456,5,11
7457,0,0
7458,0,15
7459,10,8
7460,0,4
7461,22,14
7462,14,10
7463,0,10
7464,9,4
7465,0,2
7466,0,16
7467,5,4
7468,5,44
7469,15,13
7470,0,28
7471,75,68
7472,11,10
7473,25,21
7474,19,15
7475,0,8
7476,18,15
7477,4,5
7478,38,47
7479,0,13
7480,0,2
7481,0,18
7482,4,3
7483,19,19
7484,26,99
7485,8,7
7486,50,41
7487,0,15
7488,0,5
7489,5,4
7490,5,3
7491,5,5
7492,7,8
7493,61,50
7494,0,25
7495,18,14
7496,42,32
7497,7,4
7498,5,4
7499,0,2
7500,5,3
7501,17,13
7502,4,3
7503,0,7
7504,0,4
7505,47,52
7506,0,7
7507,2,1
7508,5,30
7509,23,17
7510,0,1
7511,15,13
7512,20,18
7513,16,63
7514,3,0
7515,9,1
7516,59,100
7517,20,16
7518,7,6
7519,0,12
7520,48,49
7521,0,1
7522,0,8
7523,9,11
7524,0,5
7525,0,3
7526,11,37
7527,0,2
7528,0,4
7529,11,33
7530,0,26
7531,7,3
7532,0,1
7533,14,12
7534,4,3
7535,34,68
7536,55,50
7537,0,5
7538,13,34
7539,15,13
7540,8,38
7541,21,19
7542,27,28
7543,12,10
7544,0,1
7545,8,7
7546,5,3
7547,6,6
7548,1,13
7549,3,4
7550,7,0
7551,0,44
7552,14,81
7553,0,11
7554,0,3
7555,0,10
7556,19,19
7557,6,4
7558,0,10
7559,4,4
7560,10,9
7561,17,15
7562,6,7
7563,0,0
7564,32,29
7565,0,1
7566,6,5
7567,15,12
7568,9,87
7569,5,6
7570,59,40
7571,8,6
7572,0,49
7573,0,7
7574,4,4
7575,37,30
7576,17,16
7577,15,13
7578,54,47
7579,6,6
7580,0,8
7581,5,3
7582,19,17
7583,0,7
7584,56,46
7585,3,2
7586,9,7
7587,0,6
7588,6,7
7589,28,22
7590,6,5
7591,10,5
7592,0,28
7593,3,17
7594,0,1
7595,8,8
7596,11,9
7597,4,3
7598,26,23
7599,9,8
7600,0,30
7601,9,1
7602,0,32
7603,0,13
7604,0,2
7605,0,26
7606,19,45
7607,22,18
7608,15,11
7609,14,11
7610,53,45
7611,0,55
7612,5,4
7613,0,1
7614,9,8
7615,14,13
7616,11,9
7617,0,6
7618,4,3
7619,0,8
7620,0,2
7621,20,19
7622,0,0
7623,15,11
7624,11,10
7625,23,37
7626,83,64
7627,4,4
7628,4,2
7629,0,9
7630,0,19
7631,21,3
7632,8,5
7633,38,32
7634,19,15
7635,9,8
7636,11,15
7637,70,57
7638,0,13
7639,0,3
7640,18,15
7641,0,4
7642,17,10
7643,0,31
7644,32,21
7645,9,6
7646,0,2
7647,7,9
7648,8,3
7649,17,46
7650,51,41
7651,15,13
7652,7,23
7653,0,15
7654,6,6
7655,11,9
7656,9,7
7657,0,18
7658,0,4
7659,10,7
7660,8,55
7661,0,1
7662,12,10
7663,5,20
7664,14,10
7665,19,26
7666,4,3
7667,0,2
7668,17,20
7669,23,21
7670,66,50
7671,0,2
7672,0,2
7673,8,5
7674,0,22
7675,12,13
7676,8,47
7677,0,1
7678,11,15
7679,23,73
7680,53,59
7681,8,51
7682,3,2
7683,0,40
7684,0,4
7685,0,2
7686,6,4
7687,0,0
7688,0,3
7689,7,6
7690,0,26
7691,13,10
7692,8,6
7693,2,2
7694,25,31
7695,13,34
7696,12,10
7697,6,19
7698,17,17
7699,0,36
7700,0,47
7701,0,12
7702,0,17
7703,0,17
7704,0,43
7705,25,29
7706,54,46
7707,0,8
7708,39,121
7709,0,25
7710,0,0
7711,0,26
7712,55,73
7713,0,17
7714,0,35
7715,0,40
7716,0,34
7717,0,31
7718,0,11
7719,0,118
7720,0,2
7721,0,24
7722,0,26
7723,0,26
7724,0,38
7725,21,15
7726,0,40
7727,0,7
7728,0,27
7729,0,88
7730,0,30
7731,33,27
7732,0,7
7733,36,7
7734,0,34
7735,0,109
7736,0,163
7737,0,0
7738,0,0
7739,0,0
7740,0,3
7741,32,29
7742,0,16
7743,0,28
7744,0,101
7745,0,25
7746,42,19
7747,0,33
7748,0,39
7749,0,56
7750,0,0
7751,0,32
7752,0,131
7753,0,111
7754,41,31
7755,0,41
7756,0,62
7757,0,39
7758,0,45
7759,0,26
7760,0,1
7761,0,16
7762,0,7
7763,134,107
7764,37,46
7765,0,25
7766,0,136
7767,0,54
7768,0,25
7769,0,39
7770,0,64
7771,0,28
7772,0,65
7773,0,15
7774,0,0
7775,72,65
7776,2,20
7777,34,29
7778,0,37
7779,0,18
7780,0,45
7781,0,16
7782,0,0
7783,66,54
7784,0,21
7785,50,39
7786,0,14
7787,0,19
7788,0,71
7789,0,2
7790,26,18
7791,0,9
7792,0,16
7793,0,20
7795,42,35
7797,0,14
7798,0,0
7799,0,161
7800,0,45
7801,0,19
7802,28,52
7803,0,73
7804,0,0
7805,0,0
7806,0,69
7807,0,20
7808,0,34
7809,0,19
7810,0,50
7811,0,76
7813,0,44
7814,0,21
7815,0,22
7816,0,16
7817,0,36
7818,0,14
7819,0,7
7820,64,48
7821,0,3
7822,0,29
7823,0,52
7824,0,25
7825,0,68
7826,0,27
7827,0,19
7828,0,43
7829,0,20
7830,0,4
7831,0,9
7832,4,34
7833,0,58
7834,75,65
7835,0,15
7836,0,7
7837,0,19
7838,10,44
7839,0,15
7840,96,74
7841,122,98
7842,0,16
7843,0,74
7844,0,57
7845,0,1
7846,0,10
7847,63,99
7848,49,39
7849,0,30
7850,0,2
7851,0,16
7852,0,40
7853,0,7
7854,0,0
7855,52,48
7856,0,52
7857,0,0
7858,0,0
7860,0,4
7861,0,31
7862,0,30
7863,0,12
7864,15,11
7865,4,6
7866,16,18
7867,6,31
7868,18,24
7869,0,2
7870,16,10
7871,132,106
7872,4,23
7873,5,5
7874,0,3
7875,11,12
7876,33,28
7877,60,101
7878,15,12
7879,13,19
7880,3,4
7881,0,6
7882,18,80
7883,0,32
7884,0,4
7885,0,1
7886,4,6
7887,4,3
7888,6,12
7889,0,1
7890,7,33
7891,3,3
7892,21,18
7893,0,7
7894,5,4
7895,5,8
7896,0,38
7897,15,14
7898,16,14
7899,0,3
7900,6,6
7901,3,4
7902,10,15
7903,0,3
7904,0,11
7905,0,0
7906,0,7
7907,38,27
7908,9,8
7909,8,28
7910,6,5
7911,3,3
7912,10,9
7913,0,2
7914,34,28
7915,20,17
7916,9,5
7917,14,49
7918,19,23
7919,39,33
7920,12,9
7921,0,15
7922,0,10
7923,0,5
7924,26,76
7925,0,0
7926,1,1
7927,0,7
7928,0,1
7929,3,22
7930,0,5
7931,0,10
7932,0,16
7933,30,69
7934,74,64
7935,2,2
7936,0,0
7937,0,16
7938,0,18
7939,6,6
7940,0,20
7941,9,8
7942,18,62
7943,26,27
7944,8,8
7945,52,44
7946,2,2
7947,6,6
7948,6,5
7949,22,13
7950,25,0
7951,8,7
7952,0,5
7953,0,2
7954,0,3
7955,0,1
7956,22,18
7957,0,0
7958,14,12
7959,0,107
7960,0,1
7961,4,3
7962,36,34
7963,0,0
7964,0,3
7965,27,20
7966,8,6
7967,9,54
7968,12,16
7969,6,7
7970,10,7
7971,22,0
7972,11,73
7973,3,2
7974,0,0
7975,16,13
7976,17,15
7977,2,3
7978,89,76
7979,0,1
7980,0,1
7981,3,3
7982,0,11
7983,0,3
7984,42,32
7985,0,72
7986,77,66
7987,2,2
7988,75,82
7989,0,2
7990,11,9
7991,0,54
7992,0,0
7993,7,5
7994,0,0
7995,0,1
7996,15,6
7997,7,22
7998,19,21
7999,0,2
8000,2,18
8001,0,4
8002,4,3
8003,13,31
8004,0,0
8005,5,5
8006,0,1
8007,0,0
8008,3,3
8009,0,1
8010,0,4
8011,0,11
8012,3,2
8013,41,36
8014,0,29
8015,35,5
8016,0,7
8017,3,9
8018,6,5
8019,2,1
8020,13,10
8021,19,14
8022,8,0
8023,10,32
8024,0,62
8025,5,42
8026,40,31
8027,11,12
8028,13,156
8029,0,3
8030,9,9
8031,25,20
8032,9,6
8033,6,4
8035,0,11
8036,0,12
8037,36,27
8038,5,13
8039,0,7
8040,3,8
8041,15,54
8042,2,1
8043,0,2
8044,5,4
8045,12,32
8046,7,7
8047,17,11
8048,6,5
8049,2,2
8050,0,0
8051,0,0
8052,7,5
8053,0,0
8054,0,30
8055,5,3
8056,0,31
8057,7,11
8058,12,8
8059,0,1
8060,7,25
8062,0,2
8063,8,7
8064,16,13
8065,89,74
8066,0,6
8067,0,3
8068,10,11
8069,14,10
8070,14,12
8071,4,4
8072,0,13
8073,14,6
8074,6,4
8075,10,8
8076,4,4
8077,0,4
8078,0,3
8079,18,15
8080,2,2
8081,6,5
8082,20,16
8083,8,33
8084,8,6
8085,12,8
8086,0,20
8087,9,14
8088,9,10
8089,5,5
8090,0,0
8091,9,7
8092,44,33
8093,29,21
8094,0,79
8095,0,45
8096,10,19
8097,7,5
8098,94,92
8099,7,6
8100,5,4
8101,7,53
8102,0,6
8103,18,32
8104,85,68
8105,0,7
8106,19,16
8107,25,36
8108,3,22
8109,3,1
8110,9,6
8111,0,1
8112,13,12
8113,8,8
8114,60,55
8115,4,1
8116,14,25
8117,60,109
8118,5,28
8119,38,35
8120,7,65
8121,0,2
8122,15,19
8123,0,5
8124,0,0
8125,5,4
8126,3,2
8127,0,8
8128,3,24
8129,2,1
8130,7,0
8131,39,34
8132,4,3
8133,15,11
8134,24,21
8135,10,9
8136,0,2
8137,0,5
8138,3,3
8139,0,1
8140,85,58
8141,16,14
8142,14,16
8143,8,11
8144,7,7
8145,0,2
8146,0,22
8147,2,0
8148,0,1
8149,1,15
8150,15,97
8151,3,2
8152,6,4
8153,19,21
8154,3,2
8155,0,14
8156,0,34
8157,0,36
8158,14,12
8159,0,0
8160,17,15
8161,3,3
8162,6,4
8163,9,7
8164,51,46
8165,12,10
8166,32,29
8167,7,6
8168,8,7
8169,0,13
8170,13,26
8171,11,7
8172,8,5
8173,46,36
8174,3,2
8175,8,35
8176,6,7
8177,10,9
8178,10,10
8179,7,5
8180,0,3
8181,7,4
8182,3,2
8183,8,0
8184,10,8
8185,2,0
8186,10,17
8187,0,10
8188,0,3
8189,8,9
8190,5,4
8191,3,4
8192,0,2
8193,24,13
8194,14,12
8195,44,38
8196,0,3
8197,12,16
8198,0,0
8199,4,5
8200,3,2
8201,32,28
8202,47,40
8203,9,7
8204,0,18
8205,0,1
8206,0,1
8207,28,25
8208,5,3
8209,6,7
8210,2,1
8211,12,12
8212,6,6
8213,6,9
8214,4,2
8215,15,13
8216,6,54
8217,33,27
8218,9,30
8219,0,11
8220,11,138
8221,5,1
8222,16,14
8223,7,5
8224,4,3
8225,0,4
8226,0,46
8227,5,10
8228,41,74
8229,3,2
8230,0,28
8231,0,0
8232,0,1
8233,19,3
8235,10,7
8236,37,32
8237,8,7
8238,24,9
8239,17,14
8240,3,53
8241,32,26
8242,65,61
8243,11,25
8244,13,12
8245,5,4
8246,24,18
8247,0,3
8248,7,6
8249,15,14
8250,4,2
8251,24,18
8252,66,55
8253,14,7
8254,11,8
8255,0,2
8256,0,3
8257,0,1
8258,13,10
8259,0,2
8260,5,5
8261,18,16
8262,9,7
8263,1,5
8264,6,6
8265,14,11
8266,5,4
8267,0,1
8268,0,0
8269,0,1
8270,0,2
8271,0,16
8272,0,6
8273,7,6
8274,38,37
8275,5,4
8276,7,4
8277,0,83
8278,0,2
8279,0,0
8280,5,52
8281,13,11
8282,15,13
8283,0,1
8284,18,15
8285,14,10
8286,6,87
8287,6,20
8288,23,20
8289,9,7
8290,0,4
8291,0,18
8292,24,19
8293,4,3
8294,0,1
8295,6,6
8296,4,2
8297,13,13
8298,7,6
8299,0,2
8300,15,14
8301,0,12
8302,12,20
8303,0,2
8304,3,3
8305,2,2
8306,5,4
8307,0,3
8308,9,6
8309,7,6
8310,11,13
8311,0,13
8312,22,20
8313,13,10
8314,0,11
8315,0,0
8316,0,7
8317,50,39
8318,0,4
8319,0,2
8320,0,9
8321,0,1
8322,0,9
8323,0,10
8324,0,3
8325,6,5
8326,19,118
8327,97,88
8328,0,0
8329,13,16
8330,0,0
8331,122,108
8332,11,7
8333,16,16
8334,0,0
8335,17,41
8336,7,5
8337,0,1
8338,14,8
8339,0,2
8340,0,9
8341,16,15
8342,4,26
8343,11,8
8344,35,45
8345,49,50
8346,0,24
8347,2,3
8348,3,19
8349,0,3
8350,3,38
8351,0,4
8352,23,18
8353,23,21
8354,24,39
8355,21,16
8356,29,25
8357,6,4
8358,7,5
8359,4,5
8360,4,19
8361,6,4
8362,13,19
8363,0,37
8364,38,39
8365,0,1
8366,3,4
8367,5,4
8368,33,21
8369,45,39
8370,20,15
8371,14,20
8372,20,15
8373,13,58
8374,9,6
8375,0,5
8376,10,8
8377,26,20
8378,12,11
8379,0,9
8380,6,6
8381,56,49
8382,62,55
8383,43,40
8384,25,24
8385,23,19
8386,6,4
8387,9,10
8388,17,42
8389,0,8
8390,11,17
8391,17,13
8392,7,8
8393,2,41
8394,45,43
8395,3,2
8396,6,8
8397,9,10
8398,3,1
8399,0,5
8400,0,12
8401,4,3
8402,6,4
8403,0,83
8404,15,97
8405,0,10
8406,8,9
8407,5,4
8408,4,3
8409,7,5
8410,12,15
8411,21,17
8412,35,29
8413,62,56
8414,12,10
8415,15,15
8416,6,5
8417,11,81
8418,23,26
8419,0,1
8420,6,6
8421,0,32
8422,6,4
8423,8,7
8424,30,24
8425,63,47
8426,0,3
8427,0,9
8428,4,4
8429,12,69
8430,61,52
8431,0,1
8432,9,19
8433,3,3
8434,0,9
8435,4,3
8436,4,16
8437,7,6
8438,0,15
8439,3,2
8440,12,8
8442,16,12
8443,26,15
8444,4,18
8445,10,8
8447,36,65
8450,0,1
8451,0,8
8452,0,6
8453,0,0
8454,0,39
8455,0,0
8456,2,2
8457,3,2
8458,5,4
8459,5,3
8460,3,1
8461,7,6
8462,0,0
8463,44,35
8464,0,56
8465,0,33
8466,10,36
8467,21,17
8468,0,49
8469,0,6
8470,0,2
8471,5,3
8472,0,4
8473,1,0
8474,11,8
8475,0,1
8476,0,1
8477,24,76
8478,30,29
8479,4,2
8480,21,18
8481,6,16
8482,0,1
8483,11,2
8484,0,1
8485,35,108
8486,127,110
8487,0,35
8488,4,11
8489,3,8
8490,10,9
8491,4,3
8492,0,0
8493,8,7
8494,0,33
8495,0,1
8496,0,4
8497,0,0
8498,0,27
8499,0,11
8500,6,36
8501,3,2
8502,6,29
8503,8,8
8505,3,3
8506,0,2
8507,10,46
8508,28,21
8509,0,4
8510,3,3
8511,11,10
8512,0,0
8513,51,40
8514,7,7
8515,16,15
8516,0,1
8517,5,5
8518,13,12
8519,5,5
8520,0,0
8521,3,3
8522,4,3
8523,2,1
8524,3,2
8525,6,6
8526,0,14
8527,14,13
8528,8,6
8529,4,2
8530,9,6
8531,2,2
8532,10,8
8533,0,3
8534,18,18
8535,19,17
8536,7,6
8537,0,3
8538,21,133
8539,8,5
8540,0,4
8541,18,14
8542,26,24
8543,12,17
8544,3,3
8545,3,35
8546,5,4
8547,6,0
8548,10,56
8549,3,41
8550,0,25
8551,0,17
8552,35,40
8553,0,3
8554,0,10
8555,2,2
8556,0,1
8557,17,3
8558,14,14
8559,0,73
8560,32,57
8561,12,11
8562,1,2
8563,0,1
8564,7,4
8565,8,5
8566,6,3
8567,6,6
8568,0,18
8569,0,0
8570,0,0
8571,7,4
8572,3,3
8573,0,1
8574,4,3
8575,0,1
8576,8,5
8577,3,3
8578,25,24
8579,5,3
8580,5,15
8581,10,9
8582,4,6
8583,8,6
8584,5,4
8585,5,4
8586,0,15
8587,0,73
8588,4,2
8589,9,14
8590,4,1
8591,0,19
8592,0,1
8593,5,4
8594,0,0
8595,9,7
8596,0,2
8597,1,3
8598,0,8
8599,0,3
8600,7,37
8601,71,68
8602,8,15
8603,3,11
8604,48,71
8605,1,1
8606,0,0
8607,8,5
8608,0,9
8609,6,4
8610,2,1
8611,8,6
8612,4,8
8613,0,0
8614,0,3
8615,5,3
8616,6,3
8617,0,12
8618,9,5
8619,0,8
8620,42,32
8621,0,1
8622,19,16
8623,2,2
8624,0,0
8625,19,15
8626,13,12
8627,10,11
8628,0,2
8629,24,20
8630,0,12
8631,0,3
8632,0,3
8633,8,5
8634,13,16
8635,5,5
8636,5,3
8637,4,0
8638,3,44
8639,14,55
8640,0,6
8641,3,0
8642,41,37
8643,0,31
8644,54,44
8645,17,14
8646,0,2
8647,0,6
8648,0,12
8649,14,41
8650,19,17
8651,0,0
8652,44,34
8653,3,3
8654,0,2
8655,0,1
8656,3,2
8657,23,17
8658,0,13
8659,3,4
8660,6,7
8661,20,79
8662,0,33
8663,0,19
8664,6,5
8665,0,1
8666,34,27
8667,12,13
8668,1,1
8669,20,18
8670,29,141
8671,28,32
8672,26,103
8673,0,29
8674,0,2
8675,7,5
8676,0,0
8677,11,46
8678,6,5
8679,26,19
8680,0,1
8681,6,5
8682,2,2
8683,0,1
8684,8,6
8685,6,4
8686,10,15
8687,8,17
8688,7,67
8689,37,33
8690,0,3
8691,0,5
8692,11,50
8693,0,2
8694,28,23
8695,0,2
8696,0,72
8697,14,10
8698,18,35
8699,4,16
8700,0,12
8701,0,4
8702,0,3
8703,0,44
8704,0,1
8705,32,77
8706,0,72
8707,3,2
8708,0,1
8709,0,1
8710,0,13
8711,0,5
8712,5,2
8713,11,9
8714,0,0
8715,2,2
8716,15,24
8717,22,20
8718,4,3
8719,4,3
8720,15,12
8721,0,12
8722,0,13
8723,5,6
8724,18,21
8725,31,21
8726,5,100
8727,11,10
8728,0,1
8729,9,20
8730,0,5
8731,7,7
8732,9,6
8733,9,43
8734,0,4
8735,12,10
8736,5,8
8737,3,11
8738,2,2
8739,0,0
8740,9,6
8741,0,1
8742,0,5
8743,17,65
8744,0,38
8745,18,77
8746,0,6
8747,18,16
8748,27,18
8749,12,11
8750,0,0
8751,13,12
8752,4,20
8753,8,6
8754,7,5
8755,0,6
8756,0,1
8757,0,6
8758,0,20
8759,0,3
8760,0,2
8761,15,31
8762,0,6
8763,0,2
8764,0,0
8765,0,0
8766,0,4
8767,17,11
8768,0,6
8769,10,9
8770,0,2
8771,31,28
8772,70,58
8773,11,40
8774,0,2
8775,6,5
8776,1,1
8777,2,10
8778,0,11
8779,13,96
8780,6,46
8781,15,35
8782,8,22
8783,0,0
8784,7,5
8785,3,2
8786,28,37
8787,16,12
8788,4,6
8789,29,27
8790,0,0
8791,0,0
8792,0,5
8793,0,0
8794,5,17
8795,21,20
8796,0,29
8797,0,12
8798,8,6
8799,0,34
8800,27,22
8801,5,2
8802,12,90
8803,6,5
8804,35,32
8805,4,5
8806,0,5
8807,2,11
8808,1,1
8809,34,26
8810,2,1
8811,0,2
8812,0,0
8813,0,3
8814,0,4
8815,4,50
8816,0,1
8817,10,97
8818,0,78
8819,0,0
8820,14,25
8821,0,19
8822,0,3
8823,3,2
8824,0,2
8825,9,10
8826,0,1
8827,3,2
8828,0,25
8829,1,1
8830,0,5
8831,8,6
8832,0,3
8833,39,36
8834,0,28
8835,38,32
8836,0,1
8837,11,10
8838,3,37
8839,49,9
8840,0,11
8841,7,12
8842,6,4
8843,19,15
8844,0,0
8845,32,32
8846,5,10
8847,18,13
8848,0,0
8849,2,5
8850,0,22
8851,0,2
8852,24,20
8853,7,7
8854,6,10
8855,11,8
8856,0,1
8857,6,5
8858,3,24
8859,0,2
8860,0,11
8861,11,9
8862,7,3
8863,40,57
8864,6,5
8865,31,44
8866,27,72
8867,28,19
8868,41,29
8869,0,0
8870,0,3
8871,25,25
8872,14,12
8873,0,2
8874,7,5
8875,0,2
8876,40,33
8877,0,0
8878,4,3
8879,0,1
8880,29,24
8881,0,1
8882,0,1
8883,0,17
8884,0,0
8885,2,1
8886,0,17
8887,0,1
8888,11,15
8889,77,62
8890,5,3
8891,0,0
8892,4,3
8893,6,4
8894,8,5
8895,5,4
8896,20,15
8897,22,19
8898,4,3
8899,28,57
8900,36,29
8901,4,4
8902,2,2
8903,18,21
8904,13,13
8905,0,1
8906,0,4
8907,0,3
8908,5,10
8909,10,21
8910,0,1
8911,6,6
8912,22,19
8913,4,3
8914,2,1
8915,0,3
8916,1,6
8917,8,15
8918,5,24
8919,0,70
8920,9,7
8921,0,13
8922,23,25
8923,3,13
8924,0,1
8925,0,1
8926,1,1
8927,4,4
8928,6,5
8929,48,40
8930,0,1
8931,2,1
8932,0,14
8933,17,14
8934,0,2
8935,0,1
8936,0,10
8937,0,23
8938,35,30
8939,23,20
8940,2,1
8941,6,4
8942,20,23
8943,15,39
8944,34,30
8945,3,2
8946,0,2
8947,2,7
8948,0,32
8949,0,1
8950,16,34
8951,7,4
8952,9,5
8953,15,96
8954,0,4
8955,2,16
8956,17,15
8957,0,21
8958,0,28
8959,34,122
8960,0,7
8961,0,0
8962,22,20
8963,0,29
8964,6,5
8965,0,17
8966,0,3
8967,0,28
8968,0,1
8969,0,8
8970,0,7
8971,0,20
8972,0,37
8973,9,17
8974,3,21
8975,6,5
8976,23,18
8977,7,5
8978,6,8
8979,33,28
8980,0,1
8981,8,7
8982,1,1
8983,0,0
8984,1,1
8985,4,4
8986,0,2
8987,0,16
8988,0,2
8989,4,5
8990,13,60
8991,3,3
8992,3,67
8993,8,23
8994,0,0
8995,10,9
8996,55,49
8997,0,0
8998,10,8
8999,11,17
9000,7,5
9001,20,12
9002,29,22
9003,0,0
9004,9,59
9005,2,1
9006,40,33
9007,0,70
9008,0,11
9009,0,40
9010,9,70
9011,18,71
9012,0,9
9013,83,70
9014,74,69
9015,3,2
9016,0,2
9017,6,57
9018,0,2
9019,70,64
9020,0,5
9021,30,25
9022,0,0
9023,14,9
9024,0,9
9025,26,28
9026,21,16
9027,11,13
9028,9,3
9029,6,5
9030,14,11
9031,0,7
9032,0,1
9033,0,8
9034,10,57
9035,0,1
9036,4,2
9037,17,13
9038,3,2
9039,0,14
9040,9,9
9041,2,1
9042,1,4
9043,7,57
9044,0,0
9045,40,37
9046,11,9
9047,8,8
9048,0,2
9049,7,5
9050,3,9
9051,0,0
9052,0,1
9053,7,6
9054,38,26
9055,32,25
9056,4,3
9057,0,5
9058,8,6
9059,40,38
9060,42,32
9061,4,7
9062,18,14
9063,3,3
9064,27,108
9065,1,9
9066,14,12
9067,24,20
9068,0,11
9069,50,45
9070,0,0
9071,0,5
9072,0,3
9073,11,9
9074,4,26
9075,4,37
9076,2,2
9077,6,3
9078,12,51
9079,11,8
9080,42,31
9081,0,3
9082,0,8
9083,5,4
9084,29,84
9085,0,28
9086,35,28
9087,4,2
9088,0,2
9089,0,3
9090,3,2
9091,0,9
9092,0,2
9093,10,19
9094,29,52
9095,10,40
9096,59,42
9097,0,5
9098,3,3
9099,0,2
9100,0,0
9101,37,31
9102,5,31
9103,0,0
9104,11,16
9105,0,1
9106,30,48
9107,10,8
9108,0,0
9109,0,6
9110,0,1
9111,0,1
9112,0,3
9113,0,11
9114,0,5
9115,0,20
9116,5,3
9117,92,78
9118,7,6
9119,0,2
9120,4,4
9121,4,1
9122,0,1
9123,28,45
9124,4,3
9125,12,9
9126,4,5
9127,5,4
9128,3,2
9129,5,5
9130,5,4
9131,20,16
9132,3,4
9133,0,3
9134,9,8
9135,0,0
9136,50,42
9137,69,54
9138,2,34
9139,0,22
9140,1,20
9141,3,2
9142,0,6
9143,18,13
9144,12,31
9145,71,60
9146,0,2
9147,0,4
9148,17,17
9149,0,7
9150,46,29
9151,7,50
9152,0,10
9153,2,2
9154,0,4
9155,17,17
9156,1,1
9157,16,30
9158,9,7
9159,28,0
9160,25,22
9161,22,55
9162,15,20
9163,0,2
9164,4,53
9165,7,7
9166,4,9
9167,38,32
9168,5,56
9169,6,7
9170,0,16
9171,121,101
9172,22,19
9173,12,19
9174,0,1
9175,5,28
9176,38,33
9177,0,2
9178,5,24
9179,0,3
9180,16,87
9181,11,50
9182,0,108
9183,24,21
9184,35,89
9185,49,0
9186,0,0
9187,6,3
9188,31,23
9189,0,0
9190,5,25
9191,12,12
9192,10,7
9193,26,163
9194,0,2
9195,20,15
9196,7,0
9197,3,1
9198,0,10
9199,6,4
9200,20,15
9201,0,3
9202,13,18
9203,0,2
9204,0,2
9205,0,1
9206,0,46
9207,12,12
9208,0,3
9209,7,47
9210,6,31
9211,11,67
9212,5,18
9213,5,3
9214,0,0
9215,20,19
9216,0,3
9217,15,13
9218,0,14
9219,6,40
9220,0,0
9221,0,0
9222,44,38
9223,0,4
9224,0,48
9225,0,1
9226,16,16
9227,0,11
9228,28,24
9229,0,2
9230,6,5
9231,0,2
9232,0,0
9233,0,0
9234,3,2
9235,0,1
9236,0,6
9237,7,40
9238,0,0
9239,0,2
9240,0,0
9241,2,1
9242,0,35
9243,14,32
9244,1,2
9245,16,13
9246,0,0
9247,0,5
9248,0,13
9249,8,77
9250,0,31
9251,0,42
9252,0,4
9253,7,7
9254,0,2
9255,55,43
9256,8,10
9257,10,7
9258,2,1
9259,22,19
9260,0,1
9261,0,0
9262,0,0
9263,23,20
9264,7,26
9265,4,13
9266,5,48
9267,9,59
9268,2,2
9269,10,26
9270,15,73
9272,0,11
9273,14,19
9274,23,107
9275,0,2
9276,7,2
9277,11,2
9278,8,6
9279,50,35
9280,0,18
9281,0,12
9282,0,5
9283,0,2
9284,0,18
9285,2,33
9286,10,119
9287,6,6
9288,8,5
9289,3,3
9290,3,4
9291,14,0
9292,8,10
9293,0,3
9294,16,13
9295,0,6
9296,5,53
9297,2,2
9298,47,39
9299,8,34
9300,6,13
9301,0,8
9302,3,4
9303,1,21
9304,0,1
9305,5,4
9306,0,0
9307,0,1
9308,22,21
9309,5,4
9310,5,17
9311,3,3
9312,3,5
9313,0,0
9314,18,12
9315,4,3
9316,0,11
9317,0,1
9318,36,23
9319,10,83
9320,15,15
9321,56,49
9322,0,0
9323,0,0
9324,7,4
9325,23,66
9326,0,2
9327,0,6
9328,109,90
9329,46,43
9330,29,24
9331,5,18
9332,0,2
9333,3,4
9334,30,28
9335,6,7
9336,13,90
9337,0,13
9338,22,26
9339,5,3
9340,16,13
9341,0,16
