id,h-index Microsoft
1,21
10,53
100,18
1000,39
1001,4
1002,28
1003,10
1004,33
1005,19
1006,12
1007,6
1008,10
1009,29
101,18
1010,10
1011,41
1012,27
1014,23
1015,13
1016,11
1017,15
1018,60
1019,59
102,44
1020,69
1021,6
1022,0
1023,17
1025,3
1026,18
1027,11
1028,55
1029,3
103,14
1030,27
1031,24
1032,21
1033,0
1034,7
1035,55
1036,38
1037,65
1038,27
1039,53
104,20
1040,4
1041,32
1042,13
1044,28
1045,3
1046,32
1047,Not in Microsoft Academic
1048,9
1049,10
105,3
1050,14
1051,15
1052,2
1053,16
1054,10
1055,15
1056,33
1057,42
1058,5
1059,31
106,52
1060,67
1061,8
1063,36
1064,62
1066,19
1067,19
1068,1
1069,8
107,46
1070,21
1071,13
1072,34
1073,17
1074,34
1075,27
1076,36
1077,41
1078,57
1079,39
108,33
1080,34
1081,8
1082,103
1083,27
1085,9
1086,30
1087,15
1088,42
1089,0
109,9
1090,8
1091,46
1094,18
1095,27
1096,12
1098,23
1099,12
11,61
110,11
1100,26
1101,23
1102,0
1103,39
1104,100
1105,4
1106,1
1107,2
1108,0
1109,0
111,7
1112,18
1113,11
1114,14
1115,46
1116,24
1117,15
1118,23
1119,1
112,18
1120,28
1122,51
1123,6
1124,4
1125,11
1126,28
1128,132
1129,8
113,9
1130,22
1131,16
1132,6
1133,32
1134,10
1135,6
1136,18
1137,30
1138,28
1139,8
114,10
1140,3
1141,19
1142,14
1143,43
1144,48
1145,17
1146,31
1147,25
1148,41
1149,27
115,17
1150,11
1151,23
1152,73
1153,99
1154,33
1155,0
1158,15
1159,9
116,7
1160,41
1161,60
1162,53
1163,45
1164,25
1165,5
1166,19
1167,81
1168,18
1169,9
117,40
1170,27
1171,48
1172,1
1173,94
1174,27
1175,36
1176,5
1177,50
1178,30
1179,28
118,70
1180,11
1181,46
1182,25
1183,75
1184,17
1185,27
1186,33
1187,59
1188,59
1189,30
119,14
1190,4
1191,59
1192,13
1193,16
1194,0
1195,11
1196,32
1197,12
1198,28
1199,12
12,15
120,26
1200,29
1201,41
1202,72
1203,35
1204,1
1205,30
1206,31
1207,8
1208,12
1209,5
121,106
1210,0
1211,0
1212,27
1213,42
1214,10
1215,40
1216,4
1217,3
1218,6
1219,13
122,88
1220,0
1221,52
1222,15
1223,27
1224,0
1225,0
1226,14
1227,28
1228,41
1229,0
123,1
1230,1
1231,65
1232,23
1233,47
1234,9
1235,44
1236,8
1237,24
1238,17
1239,7
124,20
1240,29
1241,2
1242,64
1243,58
1244,17
1245,2
1246,30
1247,42
1248,10
1249,2
125,50
1250,12
1251,44
1252,15
1253,53
1254,38
1255,4
1256,9
1257,1
1258,25
1259,29
126,12
1260,6
1261,29
1262,19
1263,14
1264,0
1265,24
1266,68
1267,6
1268,8
1269,16
127,7
1270,9
1271,33
1272,5
1273,26
1274,3
1275,23
1276,21
1277,Not in Microsoft Academic
1278,58
1279,6
128,40
1280,45
1281,69
1282,3
1283,27
1284,6
1285,20
1286,24
1287,12
1288,39
1289,33
129,3
1290,Not in Microsoft Academic
1291,Not in Microsoft Academic
1292,35
1293,14
1294,3
1295,19
1296,21
1297,16
1298,40
1299,6
13,30
130,10
1300,3
1301,33
1302,38
1303,16
1304,4
1305,3
1306,50
1307,6
1308,30
1309,9
131,22
1310,63
1311,47
1312,106
1313,55
1314,7
1315,10
1316,30
1317,Not in Microsoft Academic
1318,Not in Microsoft Academic
1319,Not in Microsoft Academic
132,Not in Microsoft Academic
1320,28
1321,22
1322,8
1323,46
1324,12
1325,1
1326,34
1327,12
1328,0
1329,13
133,0
1330,5
1331,29
1332,66
1333,17
1334,1
1335,61
1336,32
1337,74
1338,12
1339,83
134,41
1340,0
1341,28
1342,12
1343,20
1344,2
1345,29
1346,34
1347,0
1348,4
1349,0
135,29
1350,28
1351,36
1352,33
1353,3
1354,0
1355,113
1356,0
1357,39
1358,5
1359,31
136,0
1360,6
1361,28
1362,0
1363,5
1364,7
1365,11
1366,12
1367,23
1368,21
1369,0
137,0
1370,51
1371,2
1372,24
1373,106
1374,2
1375,0
1376,93
1377,14
1378,61
1379,4
138,0
1380,22
1381,12
1382,3
1383,1
1384,6
1385,14
1386,55
1387,21
1388,114
1389,26
139,30
1390,54
1391,47
1392,0
1393,0
1394,32
1395,11
1396,9
1397,16
1398,9
1399,15
14,16
140,36
1400,10
1401,12
1402,11
1403,29
1404,22
1405,29
1406,0
1407,9
1408,39
1409,11
141,30
1410,78
1411,34
1412,6
1413,48
1414,2
1415,37
1416,9
1417,15
1418,7
1419,17
142,19
1420,15
1421,33
1422,0
1423,1
1424,7
1425,13
1426,13
1427,50
1428,27
1429,9
143,88
1430,24
1431,21
1432,45
1433,1
1434,2
1435,6
1436,12
1437,35
1438,38
1439,9
144,41
1440,20
1441,75
1442,4
1443,39
1444,7
1445,7
1446,40
1447,31
1448,16
1449,91
145,6
1450,38
1451,66
1452,1
1453,29
1454,10
1455,16
1456,42
1457,7
1458,24
1459,20
146,30
1460,24
1461,26
1462,0
1463,4
1464,26
1465,9
1466,15
1467,29
1468,5
1469,34
147,30
1470,18
1471,92
1472,0
1473,0
1474,23
1475,9
1476,59
1477,14
1478,7
1479,2
148,50
1480,29
1481,23
1482,24
1483,63
1484,24
1485,6
1486,18
1487,28
1488,8
1489,0
149,21
1490,29
1491,36
1492,0
1493,45
1494,20
1495,24
1496,27
1497,13
1498,30
1499,38
15,4
150,90
1500,0
1501,52
1502,13
1503,73
1504,45
1505,80
1506,0
1507,41
1508,14
1509,17
1510,14
1511,86
1512,14
1513,9
1514,2
1515,20
1516,45
1517,2
1518,0
1519,45
152,16
1520,27
1521,11
1522,64
1523,56
1524,11
1525,17
1526,13
1527,9
1528,8
1529,0
153,19
1530,2
1531,55
1532,25
1533,28
1534,59
1535,4
1536,2
1537,1
1538,109
1539,26
154,14
1540,32
1541,2
1542,22
1543,29
1544,52
1545,13
1546,1
1547,97
1548,53
1549,14
155,39
1550,34
1551,11
1552,3
1553,2
1554,44
1555,52
1556,9
1557,12
1558,22
1559,29
156,53
1560,11
1561,18
1562,30
1563,25
1564,10
1565,49
1566,9
1567,9
1568,26
1569,7
157,5
1570,37
1571,27
1572,20
1573,27
1574,24
1575,46
1576,2
1577,11
1578,22
1579,5
158,17
1580,2
1581,25
1582,43
1583,43
1584,29
1585,4
1586,23
1587,30
1588,0
1589,22
159,32
1590,29
1591,27
1592,15
1593,21
1594,0
1595,0
1596,20
1597,61
1598,32
1599,3
16,32
160,18
1600,9
1601,0
1602,33
1603,54
1604,8
1605,52
1606,30
1607,35
1608,8
1609,17
161,5
1610,2
1611,14
1612,43
1613,7
1614,10
1615,18
1616,37
1617,20
1618,69
1619,6
162,13
1620,39
1621,0
1622,18
1623,13
1624,7
1625,9
1626,45
1627,62
1628,46
1629,58
163,1
1630,80
1631,13
1632,22
1633,0
1634,13
1635,6
1636,32
1637,6
1638,9
1639,19
164,49
1640,72
1641,10
1642,15
1643,26
1644,30
1645,29
1646,50
1647,12
1648,51
1649,4
165,1
1650,15
1651,9
1652,25
1653,35
1654,23
1655,68
1656,14
1657,12
1658,0
1659,12
166,40
1660,55
1661,0
1662,4
1663,35
1664,8
1665,33
1666,32
1667,20
1668,19
1669,4
167,15
1670,30
1671,10
1672,89
1673,9
1674,23
1675,26
1676,5
1677,22
1678,0
1679,0
168,79
1680,0
1681,44
1682,5
1683,0
1684,37
1685,3
1686,4
1687,0
1688,0
1689,95
169,18
1690,52
1691,11
1692,19
1693,1
1694,78
1695,4
1696,7
1697,52
1698,29
1699,4
17,34
170,36
1700,21
1701,58
1702,48
1703,33
1704,9
1705,6
1706,23
1707,48
1708,8
1709,4
171,32
1710,31
1711,151
1712,139
1713,17
1714,76
1715,3
1716,8
1717,31
1718,4
1719,4
172,31
1720,21
1721,45
1722,0
1723,13
1724,5
1725,17
1726,15
1727,24
1728,89
1729,44
173,24
1730,109
1731,10
1732,35
1733,28
1734,18
1735,1
1736,21
1737,0
1738,14
1739,18
174,44
1740,4
1741,33
1742,37
1743,29
1744,22
1745,6
1746,13
1747,28
1748,21
1749,12
175,9
1750,33
1751,35
1752,0
1753,30
1754,6
1755,9
1756,54
1757,17
1758,9
1759,23
176,40
1760,6
1761,61
1762,16
1763,1
1764,13
1765,37
1766,36
1767,20
1768,34
1769,3
177,42
1770,26
1771,13
1772,29
1773,13
1774,1
1775,0
1776,56
1777,0
1778,26
1779,18
178,85
1780,106
1781,11
1782,2
1783,29
1784,4
1785,24
1786,15
1787,14
1788,40
1789,15
179,0
1790,33
1791,67
1792,36
1793,8
1794,56
1795,15
1796,29
1797,9
1798,15
1799,17
18,31
180,19
1800,16
1801,33
1802,86
1803,1
1804,0
1805,7
1806,53
1807,11
1808,40
1809,11
181,16
1810,20
1811,9
1812,13
1813,35
1814,94
1815,69
1816,34
1817,25
1818,32
1819,19
182,52
1820,61
1821,55
1822,36
1823,9
1824,14
1825,27
1826,10
1827,11
1828,60
1829,7
183,35
1830,1
1831,17
1832,43
1833,31
1834,28
1835,27
1836,49
1837,40
1838,16
1839,15
184,32
1840,15
1841,27
1842,1
1843,1
1844,36
1845,27
1846,10
1847,14
1848,8
1849,0
1850,7
1851,5
1852,6
1853,90
1854,20
1855,49
1856,30
1857,29
1858,13
1859,29
186,22
1860,30
1861,16
1862,20
1863,18
1864,6
1865,18
1866,36
1867,38
1868,21
1869,23
1870,46
1871,39
1872,47
1873,0
1874,11
1875,5
1876,14
1877,0
1878,51
1879,9
188,6
1880,47
1881,21
1882,8
1883,4
1884,24
1885,38
1886,52
1887,17
1888,6
1889,56
189,12
1890,33
1891,17
1892,10
1893,9
1894,20
1895,14
1896,13
1897,21
1898,19
1899,12
19,7
190,52
1900,1
1901,108
1902,15
1903,55
1904,35
1905,Not in Microsoft Academic
1906,2
1907,2
1908,0
1909,91
191,39
1910,14
1911,18
1912,58
1913,7
1914,9
1915,2
1916,13
1917,126
1918,14
1919,0
192,5
1920,57
1921,4
1922,23
1923,26
1924,18
1925,37
1926,58
1927,25
1928,10
1929,12
1930,36
1931,65
1932,135
1933,29
1934,31
1935,32
1936,36
1937,18
1938,3
1939,24
1940,32
1941,10
1942,9
1943,32
1944,78
1945,7
1946,58
1947,59
1948,10
1949,13
195,2
1950,142
1951,5
1952,59
1953,35
1954,39
1955,18
1956,8
1957,7
1958,11
1959,16
196,9
1960,5
1961,11
1962,45
1963,7
1964,28
1965,0
1966,26
1967,18
1968,33
1969,39
197,4
1970,6
1971,9
1972,44
1973,46
1974,0
1975,42
1976,13
1977,21
1978,25
1979,16
198,7
1980,9
1981,4
1982,43
1983,22
1984,9
1985,42
1986,1
1987,66
1988,4
1989,31
199,44
1990,0
1991,6
1992,20
1993,26
1994,25
1995,12
1996,124
1997,47
1998,35
1999,11
2,44
20,16
200,65
2000,18
2001,33
2002,2
2003,20
2004,14
2005,12
2006,0
2007,28
2008,58
2009,10
201,4
2010,32
2011,21
2012,21
2013,6
2014,0
2015,9
2016,1
2017,3
2018,13
2019,32
202,42
2020,8
2021,48
2022,13
2023,24
2024,0
2025,12
2026,51
2027,26
2028,22
2029,0
203,66
2030,16
2031,6
2032,30
2033,42
2034,52
2035,45
2036,0
2037,74
2038,4
2039,24
204,72
2040,51
2041,26
2042,0
2043,7
2044,56
2045,28
2046,63
2047,45
2048,38
2049,38
205,62
2050,0
2051,0
2052,0
2053,0
2054,6
2055,30
2056,27
2057,73
2058,19
2059,17
206,69
2060,9
2061,8
2062,0
2063,9
2064,36
2065,0
2066,23
2067,50
2068,53
2069,7
207,63
2070,15
2071,42
2072,11
2073,8
2074,4
2075,20
2076,36
2077,48
2078,22
2079,14
208,23
2080,18
2081,29
2082,45
2083,46
2084,24
2085,8
2086,9
2087,3
2088,0
2089,7
209,15
2090,33
2091,65
2092,16
2093,37
2094,48
2095,89
2096,15
2097,19
2098,13
2099,99
21,59
210,21
2100,28
2101,25
2102,2
2103,32
2104,40
2105,54
2106,7
2107,1
2108,18
2109,6
211,12
2110,0
2111,0
2112,20
2113,15
2114,19
2115,13
2116,29
2117,22
2118,108
2119,116
212,43
2120,34
2121,26
2122,45
2123,26
2124,14
2125,76
2126,28
2127,18
2128,2
2129,1
213,26
2130,5
2131,18
2132,85
2133,78
2134,13
2135,19
2136,4
2137,45
2138,33
2139,46
214,7
2140,14
2141,28
2142,29
2143,38
2144,0
2145,0
2146,117
2147,26
2148,40
2149,155
2150,41
2151,5
2152,23
2153,7
2154,14
2155,25
2156,84
2157,91
2158,1
2159,22
216,37
2160,36
2161,0
2162,10
2163,20
2164,1
2165,11
2166,32
2167,26
2168,30
2169,35
217,21
2171,10
2172,48
2173,49
2174,28
2175,53
2176,45
2177,42
2178,21
2179,15
218,96
2180,18
2181,33
2182,45
2183,22
2184,82
2185,39
2186,37
2187,42
2188,4
2189,55
219,6
2190,23
2191,31
2192,29
2193,23
2194,0
2195,27
2196,9
2197,0
2198,49
2199,25
22,8
220,84
2200,89
2201,59
2202,38
2203,18
2204,39
2205,34
2206,50
2207,51
2208,11
2209,19
221,34
2210,7
2211,10
2212,46
2213,35
2214,42
2215,34
2216,60
2217,17
2218,36
2219,12
222,16
2220,31
2221,13
2222,20
2223,59
2224,Not in Microsoft Academic
2225,Not in Microsoft Academic
2226,5
2227,11
2228,Not in Microsoft Academic
2229,53
2230,83
2231,69
2232,13
2233,62
2234,32
2235,19
2236,20
2237,60
2238,56
2239,24
224,1
2240,31
2241,36
2242,13
2243,0
2244,21
2245,114
2246,80
2247,4
2248,145
2249,8
225,18
2250,15
2251,24
2252,17
2253,35
2254,13
2255,93
2256,Not in Microsoft Academic
2257,24
2258,56
2259,20
226,9
2260,19
2261,21
2262,32
2263,129
2264,14
2265,2
2266,16
2267,130
2268,186
2269,0
227,3
2270,18
2271,20
2272,40
2273,41
2274,9
2275,111
2276,68
2277,0
2278,9
2279,18
228,0
2280,20
2281,21
2282,20
2283,2
2284,7
2285,3
2286,20
2287,12
2288,6
2289,42
229,43
2290,48
2291,14
2292,15
2293,24
2294,88
2295,55
2296,16
2297,22
2298,15
2299,27
23,41
230,64
2300,57
2301,39
2302,12
2303,45
2304,35
2305,0
2306,13
2307,35
2308,36
2309,10
231,30
2310,20
2311,15
2312,54
2313,14
2314,3
2315,35
2316,29
2317,18
2318,42
2319,46
232,16
2320,19
2321,59
2322,20
2324,69
2325,19
2326,29
2327,51
2328,51
2329,52
233,2
2330,50
2331,0
2332,24
2333,20
2334,0
2335,71
2336,61
2337,75
2338,36
2339,1
234,30
2340,50
2341,52
2342,43
2343,15
2344,51
2345,17
2346,0
2347,57
2348,40
2349,28
235,2
2350,13
2351,133
2352,76
2353,159
2354,16
2355,6
2356,68
2357,51
2358,63
2359,38
236,10
2360,18
2361,10
2362,0
2363,16
2364,40
2365,12
2366,23
2367,38
2368,42
2369,1
237,3
2370,16
2371,13
2372,16
2373,7
2374,1
2375,79
2376,12
2377,33
2378,24
2379,1
238,57
2380,12
2381,23
2382,20
2383,65
2384,44
2385,30
2386,7
2387,18
2388,10
2389,6
239,9
2390,22
2391,38
2392,7
2393,7
2394,6
2395,24
2396,88
2397,8
2398,36
2399,5
24,50
240,17
2400,65
2401,34
2402,36
2403,0
2404,43
2405,23
2406,27
2407,13
2408,15
2409,8
241,13
2410,38
2411,0
2412,26
2413,8
2414,1
2415,5
2416,60
2417,15
2418,26
2419,0
242,8
2420,11
2422,11
2423,10
2424,14
2425,17
2426,12
2427,63
2428,13
2429,0
243,13
2430,29
2431,22
2432,23
2433,27
2434,33
2435,78
2436,8
2437,23
2438,58
2439,9
244,7
2440,8
2441,5
2442,15
2443,7
2444,15
2445,14
2446,12
2447,13
2448,7
2449,57
245,3
2450,18
2451,Not in Microsoft Academic
2452,11
2453,15
2454,60
2455,14
2456,76
2457,91
2458,63
2459,22
246,25
2460,28
2461,45
2462,68
2463,4
2464,13
2465,21
2466,40
2467,22
2468,35
2469,17
247,39
2470,84
2471,20
2472,23
2473,45
2474,16
2475,11
2476,41
2477,20
2478,64
2479,16
248,61
2480,5
2481,23
2482,29
2483,18
2484,23
2485,21
2486,16
2487,19
2488,33
2489,16
249,12
2490,31
2491,11
2492,31
2493,7
2494,67
2495,5
2496,150
2497,1
2498,17
2499,19
25,27
250,13
2500,18
2501,11
2502,1
2503,14
2504,50
2505,13
2506,22
2507,23
2508,12
2509,9
251,70
2510,5
2511,15
2512,27
2513,29
2514,57
2515,38
2516,58
2517,9
2518,24
2519,19
252,23
2520,154
2521,19
2522,26
2523,9
2524,52
2525,27
2526,18
2527,8
2528,6
2529,62
253,126
2530,62
2531,5
2532,4
2533,31
2534,13
2535,34
2536,26
2537,44
2538,9
2539,41
254,10
2540,74
2541,35
2542,14
2543,41
2544,9
2545,38
2546,2
2547,6
2548,28
2549,26
255,8
2550,7
2551,86
2552,11
2553,55
2554,35
2555,20
2556,1
2557,18
2558,25
2559,56
256,8
2560,8
2561,34
2562,3
2563,41
2564,19
2565,25
2566,58
2567,25
2568,0
2569,3
257,8
2570,18
2571,15
2572,42
2573,34
2574,10
2575,14
2576,8
2577,61
2578,6
2579,52
258,2
2580,8
2581,114
2582,29
2583,1
2584,24
2585,52
2586,21
2587,20
2588,7
2589,18
259,48
2590,46
2591,35
2592,52
2593,59
2594,1
2595,11
2596,10
2597,38
2598,11
2599,12
26,107
260,11
2600,4
2601,4
2602,39
2603,41
2604,38
2605,7
2606,14
2607,25
2608,16
2609,6
261,27
2610,12
2611,6
2612,16
2613,0
2614,13
2615,9
2616,41
2617,67
2618,14
2619,22
262,4
2620,0
2621,5
2622,45
2623,9
2624,0
2625,41
2626,1
2627,20
2628,13
2629,32
263,6
2630,43
2631,94
2632,1
2633,26
2634,18
2635,19
2636,28
2637,10
2638,6
2639,40
264,56
2640,34
2641,97
2642,13
2643,36
2644,37
2645,11
2646,22
2647,17
2648,7
2649,4
265,40
2650,35
2651,15
2652,26
2653,35
2654,3
2655,14
2656,55
2657,12
2658,Not in Microsoft Academic
2659,92
2660,25
2661,17
2662,25
2663,90
2664,34
2665,0
2666,89
2667,7
2668,16
2669,23
267,7
2670,29
2671,81
2672,12
2673,50
2674,9
2675,18
2676,23
2677,25
2678,19
2679,32
268,20
2680,16
2681,93
2682,19
2683,33
2684,5
2685,5
2686,42
2687,5
269,1
2690,17
2691,5
2692,18
2693,27
2694,32
2695,9
2696,9
2697,28
2698,33
2699,24
27,20
270,56
2700,85
2701,25
2702,8
2703,47
2704,46
2705,22
2706,25
2707,9
2708,10
2709,31
271,18
2710,12
2711,36
2712,14
2713,50
2714,15
2715,17
2716,8
2717,6
2718,14
2719,12
272,11
2720,28
2721,5
2722,22
2723,54
2724,17
2725,21
2726,30
2727,2
2728,11
2729,24
273,7
2730,58
2731,44
2732,33
2733,11
2734,0
2735,0
2736,23
2737,42
2738,17
2739,14
274,21
2740,21
2741,22
2742,12
2743,12
2744,40
2745,0
2746,51
2747,45
2748,76
2749,16
275,2
2750,1
2751,81
2752,1
2753,27
2754,48
2755,13
2756,14
2757,14
2758,27
2759,51
276,6
2760,14
2761,40
2762,24
2763,0
2764,20
2765,7
2766,92
2767,10
2768,19
2769,19
277,2
2770,28
2771,49
2772,18
2773,55
2774,65
2775,46
2776,19
2777,9
2778,10
2779,8
278,9
2780,48
2781,20
2782,35
2783,10
2784,50
2785,23
2786,86
2787,14
2788,38
2789,82
279,14
2790,31
2791,1
2792,107
2793,15
2794,44
2795,Not in Microsoft Academic
2796,42
2797,16
2798,15
2799,30
28,7
280,16
2800,58
2801,6
2802,23
2803,132
2804,19
2805,5
2806,18
2807,0
2808,Not in Microsoft Academic
2809,20
281,30
2810,5
2811,32
2812,15
2813,19
2814,15
2815,25
2816,44
2817,13
2818,34
2819,60
282,96
2820,25
2821,39
2822,21
2823,6
2824,22
2825,58
2826,27
2827,68
2828,10
2829,6
283,15
2830,19
2831,24
2832,0
2833,9
2834,14
2835,22
2836,38
2837,7
2838,13
2839,14
284,25
2840,49
2841,16
2842,40
2843,6
2844,0
2845,8
2846,9
2847,82
2848,63
2849,27
285,16
2850,26
2851,42
2852,55
2853,27
2854,20
2855,19
2856,11
2857,4
2858,151
2859,14
286,12
2860,17
2861,2
2862,15
2863,28
2864,30
2865,17
2866,75
2867,32
2868,2
2869,19
287,18
2870,17
2871,22
2872,1
2873,15
2874,10
2875,Not in Microsoft Academic
2876,37
2877,61
2878,52
2879,25
288,9
2880,0
2881,24
2882,16
2883,36
2884,6
2885,38
2886,44
2887,7
2888,14
2889,3
289,4
2890,6
2891,10
2892,6
2893,40
2894,42
2895,9
2896,11
2897,52
2898,135
2899,48
29,3
290,45
2900,21
2901,48
2902,36
2903,20
2904,12
2905,11
2906,19
2907,41
2908,18
2909,42
291,29
2910,6
2911,20
2912,14
2913,10
2914,0
2915,29
2916,16
2917,12
2918,6
2919,18
292,17
2920,34
2921,21
2922,5
2923,33
2924,101
2925,23
2926,56
2927,73
2928,40
2929,21
293,28
2930,36
2931,78
2932,11
2933,36
2934,11
2935,5
2936,8
2937,10
2938,12
2939,15
294,5
2940,38
2941,64
2942,24
2943,8
2944,32
2945,11
2946,60
2947,41
2948,11
2949,53
295,6
2950,12
2951,0
2952,25
2953,11
2954,16
2955,34
2956,56
2957,1
2958,31
2959,43
296,138
2960,102
2961,37
2962,52
2963,2
2964,21
2965,74
2966,34
2967,20
2968,1
2969,9
297,20
2970,24
2971,42
2972,40
2973,8
2974,0
2975,47
2976,74
2977,17
2978,40
2979,2
298,25
2980,38
2981,14
2982,19
2983,7
2984,8
2985,1
2986,16
2987,2
2988,66
2989,64
299,6
2990,49
2991,28
2992,12
2993,20
2994,7
2995,53
2996,6
2997,23
2998,20
2999,Not in Microsoft Academic
3,45
30,18
300,3
3000,12
3001,51
3002,31
3003,12
3004,0
3005,0
3006,13
3007,14
3008,0
3009,22
301,9
3010,65
3011,20
3012,13
3013,0
3014,14
3015,0
3016,18
3017,22
3018,2
3019,0
302,48
3020,26
3021,23
3022,19
3023,26
3024,11
3025,4
3026,8
3027,10
3028,31
3029,24
303,39
3030,20
3031,48
3032,19
3033,10
3034,21
3035,8
3036,6
3037,9
3038,27
3039,20
304,2
3040,8
3041,2
3042,79
3043,17
3044,9
3045,37
3046,9
3047,47
3048,10
3049,7
305,51
3050,43
3051,23
3052,16
3053,4
3054,32
3055,45
3056,11
3057,5
3058,45
3059,2
306,30
3060,3
3061,24
3062,41
3063,43
3064,20
3065,31
3066,24
3067,9
3068,50
3069,21
307,1
3070,9
3071,39
3072,13
3073,32
3074,17
3075,9
3076,71
3077,92
3078,38
3079,9
308,22
3080,38
3081,3
3082,18
3083,3
3084,4
3085,45
3086,73
3087,12
3088,32
3089,0
309,62
3090,6
3091,22
3092,13
3093,94
3094,20
3095,8
3096,25
3097,33
3098,34
3099,15
31,59
310,5
3100,0
3101,18
3102,18
3103,13
3104,28
3105,161
3106,54
3107,103
3108,30
3109,15
3110,51
3111,5
3112,7
3113,14
3114,43
3115,77
3116,47
3117,14
3118,1
3119,0
3120,21
3121,14
3122,21
3123,31
3124,21
3125,44
3126,83
3127,11
3128,2
3129,9
313,43
3130,19
3131,20
3132,13
3133,18
3134,16
3135,1
3136,46
3137,37
3138,26
3139,17
314,13
3140,17
3141,12
3142,9
3143,20
3144,50
3145,12
3146,3
3147,91
3148,16
3149,40
315,38
3150,13
3151,25
3152,0
3153,25
3154,42
3155,30
3156,29
3157,9
3158,0
3159,30
316,27
3160,4
3161,31
3162,71
3163,5
3164,14
3165,47
3166,26
3167,143
3168,30
3169,131
317,39
3170,38
3171,15
3172,18
3173,0
3174,16
3175,14
3176,39
3177,39
3178,55
3179,70
318,15
3180,Not in Microsoft Academic
3181,3
3182,0
3183,6
3184,22
3185,10
3186,14
3187,32
3188,5
3189,10
319,43
3190,2
3191,27
3192,9
3193,22
3194,8
3195,15
3196,44
3197,28
3198,0
3199,5
32,1
320,12
3200,7
3201,18
3202,16
3203,54
3204,79
3205,9
3206,49
3207,6
3208,41
3209,38
321,2
3210,38
3211,22
3212,61
3213,25
3214,14
3215,25
3216,31
3217,88
3218,69
3219,41
322,32
3220,32
3221,39
3222,4
3223,0
3224,20
3225,72
3226,33
3227,20
3228,8
3229,9
323,86
3230,0
3231,47
3232,2
3233,14
3234,31
3235,7
3236,69
3237,8
3238,9
3239,29
324,53
3240,35
3241,26
3242,30
3243,14
3244,49
3245,48
3246,16
3247,34
3248,69
3249,29
325,58
3250,10
3251,22
3252,53
3253,24
3254,11
3255,20
3256,14
3257,32
3258,0
3259,0
326,56
3260,9
3261,50
3262,7
3263,8
3264,13
3265,10
3266,14
3267,4
3268,12
3269,7
327,28
3270,13
3271,22
3272,1
3273,44
3274,5
3275,10
3276,8
3277,19
3278,0
3279,0
328,8
3280,43
3281,19
3282,38
3283,64
3284,36
3285,16
3286,12
3287,21
3288,29
3289,0
329,28
3290,18
3291,35
3292,33
3293,18
3294,108
3295,46
3296,1
3297,0
3298,14
3299,17
33,29
330,113
3300,4
3301,18
3302,13
3303,4
3304,30
3305,0
3306,9
3307,11
3308,28
3309,19
331,41
3310,9
3311,2
3312,6
3313,7
3314,46
3315,53
3316,53
3317,24
3318,17
3319,4
332,44
3320,40
3321,43
3322,43
3323,33
3324,2
3325,36
3326,7
3327,4
3328,6
3329,10
333,6
3330,2
3331,20
3332,31
3333,31
3334,20
3335,55
3336,11
3337,16
3338,34
3339,11
334,36
3340,14
3341,75
3342,6
3343,33
3344,3
3345,29
3346,6
3347,21
3348,15
3349,39
335,5
3350,71
3351,14
3352,17
3353,7
3354,13
3355,28
3356,9
3357,33
3358,7
3359,11
336,33
3360,24
3361,28
3362,39
3363,40
3364,48
3365,15
3366,21
3367,6
3368,9
3369,0
337,12
3370,9
3371,9
3372,9
3373,38
3374,35
3375,8
3376,36
3377,19
3378,32
3379,31
338,27
3380,74
3381,23
3382,10
3383,9
3384,5
3385,20
3386,13
3387,45
3388,51
3389,8
339,2
3390,27
3391,7
3392,0
3393,39
3394,28
3395,19
3396,15
3397,16
3398,4
3399,12
34,1
340,15
3400,50
3401,8
3402,8
3403,18
3404,7
3405,8
3406,95
3407,16
3408,39
3409,32
341,19
3410,14
3411,51
3412,60
3413,10
3414,40
3415,33
3416,18
3417,30
3418,29
3419,13
342,25
3420,18
3421,0
3422,15
3423,0
3424,14
3425,11
3426,22
3427,5
3428,24
3429,83
343,58
3430,6
3431,0
3432,4
3433,103
3434,2
3435,118
3436,12
3437,11
3438,10
3439,11
344,17
3440,11
3441,3
3442,11
3443,4
3444,11
3445,64
3446,29
3447,10
3448,20
3449,93
345,10
3450,13
3451,20
3452,14
3453,24
3454,12
3455,41
3456,8
3457,20
3458,34
3459,94
346,13
3460,17
3461,9
3462,5
3463,54
3464,3
3465,27
3466,29
3467,17
3468,0
3469,17
347,138
3470,21
3471,39
3472,20
3473,11
3474,9
3475,5
3476,2
3477,8
3478,25
3479,34
348,6
3480,26
3481,26
3482,8
3483,7
3484,0
3485,4
3486,2
3487,17
3488,17
3489,15
349,1
3490,23
3491,18
3492,26
3493,60
3494,18
3495,19
3496,22
3497,14
3498,26
3499,0
35,2
350,48
3500,64
3501,53
3502,52
3503,34
3504,0
3505,16
3506,28
3507,50
3508,11
3509,32
351,13
3510,18
3511,15
3512,12
3513,6
3514,29
3515,5
3516,10
3517,11
3518,1
3519,19
352,0
3520,1
3521,10
3522,10
3523,19
3524,36
3525,6
3526,43
3527,44
3528,162
3529,12
353,10
3530,41
3531,23
3532,3
3533,125
3534,15
3535,23
3536,9
3537,36
3538,21
3539,84
354,5
3540,7
3541,24
3542,12
3543,48
3544,20
3545,0
3546,14
3547,10
3548,25
3549,53
355,4
3550,12
3551,36
3552,75
3553,7
3554,27
3555,51
3556,4
3557,8
3558,0
3559,27
356,0
3560,25
3561,11
3562,21
3563,7
3564,71
3565,12
3566,5
3567,100
3568,6
3569,121
357,21
3570,3
3571,21
3572,44
3573,32
3574,52
3575,33
3576,4
3577,12
3578,29
3579,1
358,19
3580,5
3581,7
3582,1
3583,5
3584,34
3585,21
3586,62
3587,1
3588,14
3589,8
359,17
3590,24
3591,13
3592,14
3593,48
3594,11
3595,15
3596,3
3597,0
3598,16
3599,3
36,20
360,32
3600,31
3601,34
3602,26
3603,6
3604,8
3605,32
3606,23
3607,14
3608,8
3609,30
361,6
3610,0
3611,7
3612,15
3613,36
3614,31
3615,6
3616,6
3617,5
3618,8
3619,16
362,49
3620,32
3621,7
3622,27
3623,18
3624,58
3625,0
3626,100
3627,16
3628,24
3629,1
363,20
3630,26
3631,24
3632,15
3633,26
3634,29
3635,9
3636,49
3637,98
3638,26
3639,28
364,54
3640,15
3641,26
3642,6
3643,19
3644,4
3645,21
3646,8
3647,24
3648,19
3649,75
365,12
3650,5
3651,4
3652,29
3653,19
3654,7
3655,23
3656,43
3657,17
3658,33
3659,9
366,9
3660,31
3661,25
3662,69
3663,10
3664,38
3665,8
3666,1
3667,57
3668,25
3669,16
367,36
3670,48
3671,10
3672,8
3673,68
3674,49
3675,20
3676,24
3677,0
3678,32
3679,35
368,22
3680,13
3681,20
3682,26
3683,7
3684,12
3685,60
3686,8
3687,7
3688,95
3689,73
369,6
3690,11
3691,7
3692,24
3693,42
3694,12
3695,27
3696,14
3697,13
3698,19
3699,7
37,9
370,7
3700,47
3701,27
3702,8
3703,61
3704,12
3705,72
3706,8
3707,2
3708,6
3709,2
371,59
3710,63
3711,36
3712,21
3713,24
3714,12
3715,3
3716,13
3717,9
3718,11
3719,15
372,1
3720,47
3721,5
3722,129
3723,3
3724,33
3725,65
3726,2
3727,42
3728,13
3729,6
373,22
3730,4
3731,12
3732,9
3733,0
3734,28
3735,14
3736,11
3737,22
3738,48
3739,15
374,14
3740,7
3741,21
3742,0
3743,20
3744,8
3745,11
3746,46
3747,18
3748,20
3749,14
375,90
3750,2
3751,46
3752,17
3753,24
3754,7
3755,6
3756,7
3757,7
3758,59
3759,15
376,46
3760,43
3761,50
3762,18
3763,17
3764,53
3765,11
3766,3
3767,12
3768,8
3769,4
377,19
3770,17
3771,42
3772,31
3773,15
3774,53
3775,0
3776,18
3777,15
3778,23
3779,45
378,13
3780,65
3781,7
3782,10
3783,8
3784,13
3785,16
3786,80
3787,0
3788,14
3789,12
379,24
3790,9
3791,0
3792,62
3793,11
3794,28
3795,32
3796,43
3797,22
3798,14
3799,10
38,19
380,6
3800,65
3801,9
3802,19
3803,3
3804,35
3805,59
3806,5
3807,12
3808,72
3809,21
381,11
3810,14
3811,2
3812,15
3813,17
3814,65
3815,58
3816,12
3817,24
3818,121
3819,39
382,44
3820,13
3821,12
3822,18
3823,20
3824,11
3825,27
3826,3
3827,7
3828,21
3829,14
383,60
3830,17
3831,0
3832,15
3833,0
3834,67
3835,9
3836,16
3837,6
3838,7
3839,19
384,74
3840,105
3841,97
3842,19
3843,2
3844,35
3845,37
3846,60
3847,36
3848,14
3849,47
385,35
3850,13
3851,0
3852,1
3853,19
3854,18
3855,48
3856,8
3857,13
3858,19
3859,0
386,39
3860,9
3861,39
3862,27
3863,0
3864,13
3865,15
3866,74
3867,21
3868,89
3869,38
387,1
3870,8
3871,11
3872,6
3873,5
3874,79
3875,4
3876,4
3877,10
3878,3
3879,22
388,35
3880,46
3881,17
3882,36
3883,3
3884,6
3885,36
3886,21
3887,9
3888,2
3889,23
389,48
3890,36
3891,15
3892,72
3893,60
3894,12
3895,94
3896,7
3897,21
3898,9
3899,4
39,65
390,100
3900,9
3901,8
3902,2
3903,0
3904,14
3905,1
3906,29
3907,26
3908,33
3909,39
391,28
3910,19
3911,28
3912,59
3913,1
3914,67
3915,9
3916,26
3917,24
3918,35
3919,21
392,66
3920,5
3921,23
3922,2
3923,32
3924,35
3925,29
3926,10
3927,5
3928,37
3929,44
393,30
3930,20
3931,18
3932,0
3933,73
3934,28
3935,61
3936,76
3937,32
3938,19
3939,144
394,65
3940,40
3941,103
3942,1
3943,108
3944,27
3945,9
3946,28
3947,4
3948,6
3949,5
395,26
3950,26
3951,49
3952,24
3953,10
3954,10
3955,8
3956,15
3957,17
3958,39
3959,33
396,4
3960,51
3961,21
3962,30
3963,23
3964,27
3965,33
3966,141
3967,159
3968,9
3969,7
397,11
3970,12
3971,12
3972,28
3973,77
3974,74
3975,6
3976,24
3977,35
3978,10
3979,18
398,45
3980,21
3981,4
3982,20
3983,18
3984,5
3985,0
3986,2
3987,1
3988,6
3989,18
399,30
3990,3
3991,30
3992,37
3993,25
3994,46
3995,30
3996,11
3997,19
3998,5
3999,94
4,52
40,53
400,0
4000,4
4001,15
4002,38
4003,67
4004,5
4005,0
4006,13
4007,10
4008,40
4009,30
401,0
4010,11
4011,15
4012,6
4013,20
4014,10
4015,7
4016,33
4017,2
4018,52
4019,76
402,2
4020,17
4021,8
4022,16
4023,17
4024,41
4025,33
4026,7
4027,110
4028,3
4029,6
403,25
4030,23
4031,9
4032,30
4033,42
4034,25
4035,20
4036,0
4037,20
4038,4
4039,0
404,13
4040,16
4041,20
4042,34
4043,13
4044,17
4045,33
4046,18
4047,28
4048,50
4049,35
405,24
4050,44
4051,46
4052,14
4053,14
4054,17
4055,15
4056,17
4057,44
4058,16
4059,8
406,44
4060,5
4061,12
4062,68
4063,39
4064,3
4065,49
4066,25
4067,17
4068,11
4069,35
407,16
4070,31
4071,36
4072,40
4073,18
4074,15
4075,17
4076,7
4077,12
4078,25
4079,72
408,11
4080,15
4081,61
4082,10
4083,43
4084,42
4085,0
4086,51
4087,11
4088,11
4089,27
409,16
4090,89
4091,22
4092,43
4093,6
4094,68
4095,20
4096,26
4097,7
4098,15
4099,8
41,104
410,28
4100,18
4101,39
4102,12
4103,6
4104,36
4105,87
4106,13
4107,13
4108,17
4109,7
411,15
4110,19
4111,22
4112,88
4113,25
4114,18
4116,13
4117,14
4118,20
4119,21
412,7
4120,8
4121,30
4122,23
4123,33
4124,11
4125,17
4126,5
4127,2
4128,13
4129,18
413,73
4130,7
4131,15
4132,35
4133,31
4134,146
4135,8
4136,10
4137,47
4138,18
4139,67
414,24
4140,51
4141,15
4142,22
4143,10
4144,38
4145,9
4146,11
4147,13
4148,17
4149,20
415,8
4150,15
4151,8
4152,5
4153,63
4154,13
4155,2
4156,13
4157,33
4158,11
4159,9
416,5
4160,12
4161,50
4162,27
4163,75
4164,1
4165,14
4166,20
4167,45
4168,15
4169,11
417,2
4170,3
4171,6
4172,23
4173,142
4174,155
4175,28
4176,57
4177,47
4178,83
4179,10
418,39
4180,79
4181,15
4182,32
4183,17
4184,25
4185,50
4186,19
4187,42
4188,13
4189,20
419,20
4190,7
4191,30
4192,7
4193,16
4194,29
4195,12
4196,28
4197,9
4198,44
4199,70
42,52
420,26
4200,21
4201,53
4202,33
4203,30
4204,161
4205,19
4206,12
4207,10
4208,23
4209,3
421,4
4210,1
4211,14
4212,12
4213,5
4214,14
4215,21
4216,1
4217,15
4218,17
4219,8
422,24
4220,15
4221,29
4222,80
4223,37
4224,26
4225,29
4226,44
4227,17
4228,25
4229,72
423,39
4230,5
4231,10
4232,24
4233,24
4234,13
4235,15
4236,24
4237,24
4238,19
4239,1
424,51
4240,38
4241,32
4242,1
4243,10
4244,29
4245,36
4246,8
4247,0
4248,4
4249,27
425,37
4250,41
4251,7
4252,14
4253,34
4254,63
4255,19
4256,12
4257,7
4258,8
4259,15
426,16
4260,28
4261,13
4262,172
4263,14
4264,20
4265,0
4266,26
4267,2
4268,20
4269,26
427,18
4270,9
4271,0
4272,12
4273,42
4274,5
4275,22
4276,18
4277,34
4278,11
4279,11
428,21
4280,58
4281,22
4282,9
4283,25
4284,15
4285,35
4286,35
4287,7
4288,4
4289,50
429,46
4290,6
4291,78
4292,1
4293,0
4294,10
4295,61
4296,21
4297,10
4298,9
4299,12
43,60
430,31
4300,6
4301,18
4302,24
4303,40
4304,7
4305,3
4306,8
4307,16
4308,2
4309,25
431,29
4310,12
4311,4
4312,22
4313,46
4314,40
4315,31
4316,8
4317,7
4318,5
4319,28
432,1
4320,4
4321,0
4322,8
4323,48
4324,9
4325,14
4326,14
4327,0
4328,18
4329,9
433,35
4330,22
4331,16
4332,29
4333,33
4334,13
4335,9
4336,16
4337,6
4338,14
4339,89
434,4
4340,7
4341,14
4342,15
4343,9
4344,12
4345,7
4346,27
4347,8
4348,28
4349,62
435,8
4350,15
4351,58
4352,32
4353,20
4354,10
4355,55
4356,22
4357,23
4358,29
4359,20
436,64
4360,23
4361,90
4362,15
4363,19
4364,49
4365,21
4366,98
4367,13
4368,14
4369,38
437,64
4370,18
4371,7
4372,12
4373,14
4374,46
4375,8
4376,9
4377,8
4378,3
4379,24
438,24
4380,7
4381,34
4382,10
4383,15
4384,9
4385,11
4386,15
4387,14
4388,6
4389,48
439,46
4390,6
4391,10
4392,0
4393,24
4394,15
4395,73
4396,41
4397,34
4398,23
4399,8
44,39
440,1
4400,40
4401,14
4402,13
4403,10
4404,5
4405,10
4406,22
4407,67
4408,1
4409,14
441,1
4410,63
4411,49
4412,6
4413,32
4414,4
4415,36
4416,70
4417,11
4418,0
4419,6
442,6
4420,3
4421,36
4422,22
4423,19
4424,27
4425,22
4426,22
4427,4
4428,3
4429,8
443,60
4430,3
4431,70
4432,18
4433,56
4434,20
4435,17
4436,8
4437,24
4438,38
4439,21
444,5
4440,14
4441,58
4442,81
4443,28
4444,120
4445,35
4446,15
4447,13
4448,11
4449,3
445,10
4450,31
4451,24
4452,10
4453,18
4454,38
4455,29
4456,29
4457,6
4458,66
4459,12
446,96
4460,56
4461,0
4462,0
4463,9
4464,34
4465,28
4466,2
4467,5
4468,59
4469,45
447,2
4470,32
4471,41
4472,8
4473,19
4474,19
4475,84
4476,10
4477,59
4478,15
4479,21
448,51
4480,67
4481,29
4482,11
4483,117
4484,7
4485,34
4486,6
4487,17
4488,22
4489,23
449,6
4490,58
4491,7
4492,23
4493,103
4494,54
4495,6
4496,Not in Microsoft Academic
4497,28
4498,10
4499,11
45,18
450,0
4500,3
4501,28
4502,5
4503,17
4504,9
4505,28
4506,9
4507,7
4508,4
4509,44
451,18
4510,10
4511,21
4512,48
4513,26
4514,5
4515,14
4516,21
4517,80
4518,33
4519,9
452,4
4520,73
4521,19
4522,7
4523,19
4524,28
4526,47
4527,89
4528,32
4529,7
453,17
4530,35
4531,3
4532,100
4533,43
4534,59
4535,23
4536,12
4537,27
4538,72
4539,7
454,37
4540,45
4541,12
4542,8
4543,9
4544,28
4545,43
4546,24
4547,8
4548,5
4549,4
455,10
4550,29
4551,33
4552,16
4553,3
4554,4
4555,91
4556,21
4557,22
4558,5
4559,5
4560,2
4561,13
4562,8
4563,59
4564,13
4565,32
4566,45
4567,13
4568,72
4569,9
457,19
4570,6
4571,11
4572,2
4573,0
4574,15
4575,62
4576,5
4577,61
4578,75
4579,54
458,36
4580,4
4581,13
4582,46
4583,19
4584,11
4585,16
4586,33
4587,60
4588,5
4589,0
459,47
4590,10
4591,Not in Microsoft Academic
4592,18
4593,0
4594,3
4595,96
4596,17
4597,1
4598,4
4599,8
46,36
460,114
4600,1
4601,19
4602,8
4603,14
4604,3
4605,46
4606,18
4607,28
4608,42
4609,31
461,10
4610,43
4611,8
4612,28
4613,180
4614,4
4615,0
4616,3
4617,5
4618,124
4619,15
462,3
4620,27
4621,50
4622,24
4623,9
4624,49
4625,8
4626,7
4627,19
4628,30
4629,46
463,19
4630,30
4631,79
4632,18
4633,15
4634,34
4635,13
4636,5
4637,4
4638,44
4639,30
464,16
4640,25
4641,70
4642,15
4643,17
4644,19
4645,26
4646,65
4647,13
4648,15
4649,19
465,31
4650,46
4651,31
4652,20
4653,7
4654,10
4655,35
4656,20
4657,3
4658,14
4659,2
466,16
4660,6
4661,3
4662,13
4663,9
4664,9
4665,12
4666,22
4667,93
4668,23
4669,17
467,20
4670,2
4671,8
4672,4
4673,31
4674,10
4675,34
4676,61
4677,11
4678,20
4679,66
468,0
4680,27
4681,6
4682,10
4683,13
4684,0
4685,40
4686,115
4687,93
4688,7
4689,97
469,8
4690,21
4691,175
4692,3
4693,28
4694,5
4695,5
4696,5
4697,22
4698,1
4699,17
47,44
4700,6
4701,65
4702,4
4703,34
4704,21
4705,10
4706,10
4707,35
4708,10
4709,1
471,67
4710,11
4711,9
4712,2
4713,12
4714,13
4715,62
4716,38
4717,7
4718,11
4719,0
472,5
4720,11
4721,13
4722,7
4723,5
4724,53
4725,0
4726,11
4727,41
4728,3
4729,22
473,53
4730,22
4731,4
4732,7
4733,91
4734,9
4735,18
4736,3
4737,0
4738,16
4739,11
474,25
4740,5
4741,10
4742,20
4743,31
4744,4
4745,1
4746,12
4747,8
4748,8
4749,19
475,0
4750,15
4751,6
4752,6
4753,48
4754,17
4755,40
4756,10
4757,8
4758,7
4759,8
476,28
4760,17
4761,37
4762,9
4763,0
4764,21
4765,3
4766,8
4767,61
4768,12
4769,10
477,14
4770,9
4771,11
4772,20
4773,5
4774,6
4775,61
4776,10
4777,9
4778,11
4779,5
478,4
4780,32
4781,17
4782,17
4783,24
4784,20
4785,5
4786,14
4787,32
4788,7
4789,4
479,6
4790,40
4791,53
4792,14
4793,23
4794,54
4795,22
4796,1
4797,3
4798,10
4799,3
48,4
480,10
4800,3
4801,6
4802,3
4803,29
4804,12
4805,14
4806,17
4807,90
4808,12
4809,8
481,6
4810,28
4811,3
4812,6
4813,4
4814,17
4815,8
4816,9
4817,20
4818,7
4819,15
482,29
4820,80
4821,5
4822,6
4823,8
4824,27
4825,30
4826,22
4827,8
4828,28
4829,3
483,1
4830,54
4831,20
4832,67
4833,14
4834,38
4835,0
4836,4
4837,64
4838,10
4839,38
484,7
4840,12
4841,7
4842,10
4843,40
4844,12
4845,10
4846,10
4847,29
4848,0
4849,19
485,18
4850,18
4851,7
4852,11
4853,0
4854,33
4855,11
4856,27
4857,70
4858,26
4859,22
486,14
4860,13
4861,26
4862,18
4863,16
4864,10
4865,9
4866,15
4867,27
4868,6
4869,4
487,5
4870,39
4871,13
4872,7
4873,14
4874,23
4875,15
4876,9
4877,11
4878,10
4879,35
488,30
4880,3
4881,24
4882,11
4883,58
4884,8
4885,29
4886,3
4887,9
4888,3
4889,7
489,67
4890,7
4891,16
4892,22
4893,16
4894,20
4895,1
4896,8
4897,6
4898,22
4899,7
49,3
490,17
4900,7
4901,55
4902,3
4903,20
4904,13
4905,27
4906,6
4907,73
4908,14
4909,9
491,38
4910,16
4911,4
4912,3
4913,17
4914,20
4915,0
4916,0
4917,12
4918,14
4919,11
492,11
4920,29
4921,7
4922,37
4923,7
4924,0
4925,7
4926,14
4927,22
4928,7
4929,18
493,16
4930,23
4931,7
4932,0
4933,12
4934,13
4935,21
4936,15
4937,21
4938,123
4939,19
494,12
4940,11
4941,47
4942,13
4943,8
4944,121
4945,6
4946,10
4947,0
4948,0
4949,44
4950,5
4951,12
4952,3
4953,20
4954,27
4955,10
4956,7
4957,18
4958,13
4959,50
496,22
4960,119
4961,34
4962,13
4963,15
4964,7
4965,12
4966,6
4967,4
4968,3
4969,11
497,21
4970,30
4971,46
4972,21
4973,0
4974,23
4975,6
4976,4
4977,37
4978,19
4979,20
498,28
4980,6
4981,10
4982,0
4983,73
4984,43
4985,5
4986,19
4987,25
4988,15
4989,1
499,11
4990,6
4991,7
4992,39
4993,61
4994,8
4995,5
4996,39
4997,15
4998,1
4999,5
5,33
50,0
500,12
5000,2
5001,7
5002,25
5003,17
5004,100
5005,9
5006,1
5007,0
5008,6
5009,14
501,33
5010,16
5011,3
5012,3
5013,0
5014,3
5015,30
5016,3
5017,6
5018,1
5019,5
502,14
5020,9
5021,27
5022,53
5023,2
5024,15
5025,2
5026,12
5027,10
5028,48
5029,5
503,23
5030,18
5031,2
5032,4
5033,23
5034,12
5035,19
5036,19
5037,12
5038,47
5039,20
504,1
5040,21
5041,12
5042,41
5043,20
5044,47
5045,8
5046,2
5047,1
5048,8
5049,16
505,43
5050,22
5051,3
5052,8
5053,31
5054,27
5055,24
5056,4
5057,3
5058,83
5059,11
506,44
5060,6
5061,12
5062,23
5063,1
5064,104
5065,63
5066,10
5067,14
5068,11
5069,29
507,65
5070,0
5071,4
5072,11
5073,3
5074,5
5075,10
5076,13
5077,7
5078,28
5079,1
508,5
5080,5
5081,43
5082,27
5083,34
5084,10
5085,8
5086,12
5087,30
5088,9
5089,36
509,11
5090,3
5091,37
5092,0
5093,14
5094,5
5095,4
5096,22
5097,37
5098,13
5099,16
51,47
510,16
5100,16
5101,9
5102,11
5103,19
5104,5
5105,35
5106,2
5107,16
5108,9
5109,4
511,9
5110,29
5111,0
5112,21
5113,20
5114,32
5115,31
5116,66
5117,0
5118,22
5119,29
512,11
5120,19
5121,17
5122,25
5123,1
5124,33
5125,91
5126,24
5127,6
5128,8
5129,1
513,50
5130,12
5131,16
5132,80
5133,8
5134,18
5135,8
5136,77
5137,12
5138,0
5139,0
514,19
5140,26
5141,12
5142,24
5143,181
5144,6
5145,9
5146,20
5147,74
5148,18
5149,11
5150,21
5151,8
5152,8
5153,0
5154,10
5155,23
5156,18
5157,92
5158,17
5159,32
516,45
5160,9
5161,15
5162,8
5163,11
5165,11
5166,26
5167,6
5168,7
5169,15
517,34
5170,21
5171,9
5172,67
5173,5
5174,7
5175,13
5176,10
5177,6
5178,10
5179,19
518,35
5180,14
5181,15
5182,9
5183,176
5184,3
5185,21
5186,8
5187,17
5188,6
5189,21
519,20
5190,15
5191,31
5192,0
5193,15
5194,14
5195,1
5196,10
5197,41
5198,14
5199,26
52,43
520,39
5200,43
5201,12
5202,8
5203,8
5204,14
5205,19
5206,32
5207,13
5208,5
5209,12
521,27
5210,27
5211,50
5212,23
5213,4
5214,10
5215,30
5216,3
5217,7
5218,1
5219,30
522,28
5220,6
5221,5
5222,16
5223,0
5224,16
5225,7
5226,1
5227,25
5228,19
5229,17
523,55
5230,51
5231,Not in Microsoft Academic
5232,35
5233,18
5234,9
5235,29
5236,18
5237,6
5238,7
5239,3
524,0
5240,2
5241,22
5242,25
5243,11
5244,11
5245,75
5246,10
5247,5
5248,12
5249,27
525,14
5250,20
5251,10
5252,13
5253,48
5254,29
5255,78
5256,87
5257,8
5258,18
5259,17
526,6
5260,117
5261,56
5262,6
5263,10
5264,5
5265,2
5266,58
5267,37
5268,0
5269,6
527,22
5270,4
5271,5
5272,15
5273,6
5274,12
5275,44
5276,35
5277,10
5278,9
5279,29
528,12
5280,5
5281,0
5282,6
5283,1
5284,5
5285,22
5286,4
5287,5
5288,10
5289,51
529,53
5290,5
5291,0
5292,10
5293,19
5294,5
5295,17
5296,9
5297,6
5298,12
5299,31
53,40
530,39
5300,7
5301,21
5302,32
5303,50
5304,8
5305,21
5306,16
5307,0
5308,18
5309,6
531,43
5310,3
5311,14
5312,6
5313,18
5314,5
5315,33
5316,3
5317,17
5318,32
5319,3
532,2
5320,3
5322,6
5323,6
5324,3
5325,33
5326,17
5327,25
5328,14
5329,7
533,28
5330,15
5331,10
5332,5
5333,156
5334,26
5335,21
5336,28
5337,15
5338,13
5339,22
534,18
5340,65
5341,11
5342,52
5343,2
5344,16
5345,12
5346,38
5347,17
5348,20
5349,4
535,25
5350,8
5351,12
5352,6
5353,1
5354,5
5355,13
5356,21
5357,46
5358,1
5359,13
5360,Not in Microsoft Academic
5361,2
5362,2
5363,30
5364,1
5365,3
5366,4
5367,23
5368,5
5369,12
537,26
5370,4
5371,4
5372,4
5373,7
5374,6
5375,18
5376,0
5377,10
5378,1
5379,0
5380,13
5381,27
5382,48
5383,59
5384,5
5385,40
5386,11
5387,27
5388,19
5389,13
539,107
5390,3
5391,39
5392,5
5393,10
5394,8
5395,18
5396,5
5397,21
5398,6
5399,3
54,118
540,0
5400,6
5401,21
5402,5
5403,14
5404,7
5405,15
5406,18
5407,23
5408,47
5409,9
541,16
5410,40
5411,6
5412,5
5413,8
5414,11
5415,25
5416,58
5417,82
5418,26
5419,3
542,8
5420,13
5421,6
5422,83
5423,24
5424,4
5425,11
5426,14
5427,48
5428,3
5429,2
543,5
5430,0
5431,54
5432,36
5433,14
5434,24
5435,8
5436,3
5437,30
5438,31
5439,39
544,8
5440,2
5441,26
5442,6
5443,0
5444,6
5445,6
5446,12
5447,4
5448,44
5449,17
545,5
5450,70
5451,11
5452,19
5453,5
5454,21
5455,2
5456,8
5457,7
5458,17
5459,40
546,44
5460,18
5461,30
5462,29
5463,13
5464,51
5465,6
5466,10
5467,48
5468,14
5469,0
547,13
5470,6
5471,10
5472,11
5473,9
5474,12
5475,3
5476,13
5477,10
5478,28
5479,68
548,1
5480,15
5481,9
5482,89
5483,8
5484,12
5485,45
5486,35
5487,9
5488,14
5489,25
549,54
5490,10
5491,27
5492,9
5493,25
5494,9
5495,8
5496,15
5497,14
5498,10
5499,29
55,5
550,19
5500,7
5501,4
5502,22
5503,8
5504,10
5505,5
5506,13
5507,13
5508,30
5509,53
551,23
5510,17
5511,20
5512,35
5513,53
5514,7
5515,0
5516,41
5517,23
5518,10
5519,15
552,22
5520,45
5521,5
5522,1
5523,13
5524,12
5525,0
5526,0
5527,27
5528,33
5529,12
5530,21
5531,3
5532,7
5533,4
5534,117
5535,22
5536,Not in Microsoft Academic
5537,10
5538,0
5539,12
554,27
5540,7
5541,22
5542,9
5543,4
5544,91
5545,3
5546,40
5547,33
5548,4
5549,49
555,29
5550,23
5551,12
5552,27
5553,6
5554,32
5555,0
5556,30
5557,37
5558,11
5559,65
556,74
5560,19
5561,20
5562,55
5563,4
5564,2
5565,35
5567,6
5568,1
5569,22
557,21
5570,31
5571,33
5572,13
5573,28
5574,12
5575,2
5576,71
5577,55
5578,3
5579,24
558,102
5580,1
5581,4
5582,8
5583,33
5584,29
5585,3
5586,5
5587,5
5588,12
5589,9
559,22
5590,7
5591,6
5592,48
5593,55
5594,10
5595,15
5596,9
5597,13
5598,63
5599,0
56,11
560,11
5600,5
5601,1
5602,29
5603,9
5604,3
5605,20
5606,38
5607,9
5608,23
5609,2
561,34
5610,53
5611,43
5612,0
5613,3
5614,14
5615,7
5616,36
5617,4
5618,35
5619,37
562,37
5620,5
5621,6
5622,26
5623,15
5624,5
5625,13
5626,3
5627,13
5628,6
5629,75
563,4
5630,40
5631,22
5632,1
5633,32
5634,4
5635,47
5636,18
5637,42
5638,13
5639,17
564,22
5640,0
5641,35
5642,47
5643,5
5644,18
5645,5
5646,55
5647,7
5648,22
5649,6
565,20
5650,33
5651,11
5652,7
5653,11
5654,7
5655,10
5656,40
5657,6
5658,80
5659,4
566,0
5660,15
5661,18
5662,6
5663,41
5664,0
5665,12
5666,26
5667,10
5668,17
5669,80
567,14
5670,42
5671,7
5672,7
5673,2
5674,8
5675,2
5676,4
5677,4
5678,4
5679,47
568,24
5680,52
5681,29
5682,14
5683,8
5684,25
5685,53
5686,13
5687,0
5688,11
5689,45
569,34
57,51
570,37
571,3
5713,20
572,13
573,1
574,1
575,37
576,8
577,18
578,43
579,12
58,56
580,10
581,10
582,16
583,28
5837,7
5838,17
584,11
585,73
586,47
587,53
588,23
589,17
59,2
590,9
591,12
592,42
593,25
594,40
595,0
596,3
597,2
598,2
599,31
6,23
60,48
601,14
602,5
603,39
604,4
605,56
606,31
607,51
608,20
609,12
61,40
610,11
611,1
612,6
614,30
615,18
616,5
617,56
618,47
619,5
62,48
620,35
621,74
622,1
624,5
625,127
626,4
6268,21
6269,6
627,60
6270,5
6271,20
6272,65
6273,7
6274,14
6275,6
6276,14
6277,34
6278,36
6279,31
628,56
6280,16
6281,12
6282,0
6283,43
6284,38
6285,3
6286,15
6287,8
6288,6
6289,0
629,44
6290,13
6291,3
6292,2
6293,51
6294,16
6295,13
6296,6
6297,33
6298,7
6299,39
63,36
630,68
6300,7
6301,13
6302,8
6303,46
6304,27
6305,14
6306,6
6307,3
6308,4
6309,12
631,68
6310,3
6311,13
6312,7
6313,0
6314,51
6315,15
6316,1
6317,1
6318,4
6319,16
632,76
6320,17
6321,90
6322,0
6323,100
6324,10
6325,9
6326,6
6327,27
6328,59
6329,52
633,1
6330,1
6331,4
6332,6
6333,73
6334,42
6335,60
6336,0
6337,24
6338,113
6339,4
634,16
6340,8
6341,9
6342,35
6343,10
6344,0
6345,1
6346,17
6347,8
6348,49
6349,9
635,8
6350,8
6351,2
6352,3
6353,13
6354,4
6356,6
6357,18
6358,9
6359,9
636,23
6360,10
6361,26
6362,25
6363,5
6364,12
6365,6
6366,21
6367,7
6368,55
6369,24
637,29
6370,81
6371,4
6372,1
6373,52
6374,11
6375,14
6376,19
6377,7
6378,36
6379,2
638,25
6380,22
6381,15
6382,107
6383,4
6384,102
6385,80
6386,3
6387,8
6388,8
6389,5
639,24
6390,19
6391,63
6392,7
6393,15
6394,58
6395,7
6396,5
6397,13
6398,17
6399,50
64,8
640,77
6400,4
6401,6
6402,14
6403,5
6404,4
6405,8
6406,22
6407,0
6408,4
6409,13
641,45
6410,4
6411,10
6412,32
6413,55
6414,22
6415,29
6416,20
6417,16
6418,35
6419,13
642,50
6420,80
6421,15
6422,56
6423,13
6424,10
6425,13
6426,43
6427,34
6428,19
6429,22
643,33
6430,7
6431,5
6432,129
6433,21
6434,4
6435,0
6436,33
6437,2
6438,12
6439,27
644,1
6440,5
6441,16
6442,7
6443,25
6444,2
6445,9
6446,29
6447,5
6448,1
6449,32
645,7
6450,8
6451,41
6452,56
6453,57
6454,24
6455,99
6456,66
6457,12
6458,9
6459,4
646,49
6460,42
6461,105
6462,20
6463,10
6464,26
6465,7
6466,6
6467,3
6468,4
6469,3
647,39
6470,7
6471,26
6472,13
6473,13
6474,34
6475,21
6476,63
6477,27
6478,7
6479,13
648,24
6480,6
6481,72
6482,3
6483,4
6484,33
6485,74
6486,8
6487,48
6488,22
6489,10
649,147
6490,3
6491,35
6492,4
6493,10
6494,12
6495,3
6496,0
6497,13
6498,14
6499,1
65,17
650,26
6500,38
6501,41
6502,6
6503,4
6504,19
6505,17
6506,12
6507,90
6508,15
6509,3
651,5
6510,13
6511,13
6512,6
6513,9
6514,7
6515,15
6516,7
6517,8
6518,4
6519,10
652,20
6520,1
6521,0
6522,35
6523,24
6524,15
6525,6
6526,15
6527,61
6528,18
6529,20
653,39
6530,34
6531,11
6532,2
6533,14
6534,29
6535,13
6536,2
6537,93
6538,16
6539,4
654,33
6540,28
6541,8
6542,17
6543,23
6544,23
6545,9
6546,51
6547,0
6548,78
6549,5
655,42
6550,15
6551,11
6552,17
6553,6
6554,13
6555,27
6556,46
6557,19
6558,12
6559,88
656,0
6560,7
6561,73
6562,4
6563,13
6564,2
6565,14
6566,59
6567,27
6568,8
6569,6
657,0
6570,25
6571,22
6572,2
6573,39
6574,6
6575,1
6576,20
6577,6
6578,14
6579,4
658,10
6580,43
6581,8
6582,18
6583,11
6584,9
6585,41
6586,55
6587,3
6588,3
6589,7
659,16
6590,126
6591,7
6592,49
6593,14
6594,6
6595,8
6596,29
6597,20
6598,12
6599,1
66,39
660,23
6600,54
6601,2
6602,12
6603,7
6604,24
6605,13
6606,4
6607,11
6608,24
6609,14
661,31
6610,14
6611,0
6612,0
6613,45
6614,0
6615,4
6616,0
6617,38
6618,3
6619,12
662,17
6620,49
6621,0
6622,13
6623,5
6624,36
6625,2
6626,45
6627,50
6628,28
6629,2
663,41
6630,11
6631,6
6632,32
6633,24
6634,36
6635,0
6636,20
6637,9
6638,8
6639,5
664,7
6640,4
6641,12
6642,6
6643,19
6644,9
6645,12
6646,6
6647,46
6648,7
6649,15
6650,21
6651,9
6652,28
6653,32
6654,4
6655,7
6656,5
6657,91
6658,67
6659,20
666,30
6660,13
6661,73
6662,5
6663,9
6664,9
6665,3
6666,66
6667,Not in Microsoft Academic
6668,5
6669,58
667,37
6670,22
6671,8
6672,10
6673,18
6674,51
6675,17
6676,5
6677,29
6678,10
6679,4
668,2
6680,4
6681,7
6682,2
6683,47
6684,5
6685,7
6686,15
6687,3
6688,17
6689,8
669,37
6690,6
6691,9
6692,24
6693,5
6694,6
6695,23
6696,1
6697,58
6698,3
6699,3
67,24
670,9
6700,23
6701,5
6702,1
6703,4
6704,37
6705,2
6706,7
6707,3
6708,15
6709,8
671,18
6710,3
6711,43
6712,21
6713,7
6714,40
6715,80
6716,121
6717,8
6718,0
6719,12
672,7
6720,0
6721,7
6722,27
6723,33
6724,6
6725,19
6726,0
6727,4
6728,33
6729,10
673,0
6730,39
6731,62
6732,7
6733,7
6734,8
6735,16
6736,17
6737,10
6738,2
6739,27
674,51
6740,40
6741,5
6742,21
6743,6
6744,11
6745,47
6746,7
6747,9
6748,8
6749,3
675,31
6750,88
6751,6
6752,3
6753,6
6754,7
6755,5
6756,5
6757,4
6758,11
6759,5
676,11
6760,9
6761,9
6762,22
6763,1
6764,16
6765,76
6766,18
6767,9
6768,7
6769,5
677,8
6770,57
6771,12
6772,3
6773,5
6774,3
6775,15
6776,37
6777,18
6778,8
6779,0
678,74
6780,64
6781,16
6782,19
6783,0
6784,8
6785,46
6786,6
6787,0
6788,9
6789,58
679,99
6790,8
6791,14
6792,15
6793,17
6794,16
6795,64
6796,21
6797,17
6798,69
6799,9
68,7
680,88
6800,1
6801,2
6802,71
6803,62
6804,0
6805,0
6806,6
6808,0
6809,59
681,36
6810,46
6811,14
6812,47
6813,6
6814,1
6815,24
6816,63
6817,87
6818,8
6819,11
682,1
6820,39
6829,13
683,9
6830,47
6832,108
6833,5
6834,29
6835,76
6836,29
6837,0
6838,35
6839,16
684,7
6840,2
6841,2
6842,13
6843,3
6844,36
6845,100
6846,3
6847,13
6848,98
6849,17
685,1
6850,5
6851,11
6852,2
6853,0
6854,1
6856,17
6857,1
6858,5
6859,31
686,25
6860,11
6861,7
6862,14
6863,44
6864,15
6866,60
6868,15
6869,5
687,1
6870,27
6871,7
6872,16
6873,43
6874,7
6875,26
6876,21
6877,4
6878,5
6879,32
688,17
6880,23
6881,1
6882,78
6883,25
6884,27
6885,21
6886,47
6887,71
6888,8
6889,23
689,12
6890,32
6891,39
6892,6
6893,12
6894,16
6895,13
6896,14
6897,14
6898,28
6899,21
69,7
690,81
6900,89
6901,16
6902,20
6903,75
6904,36
6905,20
6906,11
6907,27
6909,29
6910,90
6911,18
6912,42
6913,32
6914,35
6916,6
6917,18
6918,23
6919,9
692,44
6920,6
6921,15
6922,15
6923,53
6924,11
6925,36
6926,22
6927,4
6928,11
6929,17
693,11
6930,10
6931,37
6932,13
6933,8
6934,12
6935,12
6936,56
6937,14
6938,22
6939,69
694,2
6940,17
6941,11
6942,82
6943,73
6944,36
6945,13
6946,18
6947,51
6948,26
6949,118
695,76
6950,14
6951,10
6952,40
6953,129
6954,11
6955,8
6956,85
6957,33
6958,43
6959,7
696,8
6960,18
6961,19
6962,33
6963,20
6964,37
6965,83
6966,28
6967,45
6968,12
6969,6
697,13
6970,10
6971,16
6972,16
6973,9
6974,3
6975,35
6976,55
6977,14
6978,29
6979,12
698,26
6980,77
6981,46
6982,3
6983,4
6984,20
6985,7
6987,0
6988,40
699,7
6991,8
6992,11
6993,30
6994,20
6995,7
6997,118
6998,42
6999,5
7,8
70,18
700,5
7000,113
7003,18
7004,32
7005,37
7006,15
7007,23
7008,18
7009,18
701,7
7010,Not in Microsoft Academic
7011,8
7012,4
7013,78
7014,8
7015,10
7016,14
7017,26
7018,22
7019,16
7020,42
7021,14
7022,18
7023,36
7024,3
7025,55
7026,5
7027,49
7028,49
7029,4
703,12
7030,3
7032,3
7033,3
7035,6
7036,3
7037,28
7038,13
7039,0
704,40
7040,3
7041,7
7042,10
7043,4
7044,24
7045,24
7047,0
7048,0
7049,19
705,8
7050,0
7053,24
7054,97
7055,10
7056,34
7057,34
7058,38
7059,114
706,17
7060,22
7061,13
7062,16
7064,15
7065,94
7066,42
7067,58
7068,71
7069,26
707,29
7070,51
7071,45
7072,42
7073,0
7074,23
7075,6
7076,18
7077,58
7078,25
7079,32
708,57
7080,16
7081,35
7082,15
7083,11
7084,104
7085,9
7086,25
7087,11
7088,95
709,29
7090,43
7091,76
7092,25
7093,51
7094,76
7095,6
7096,3
7097,14
7098,0
7099,47
71,26
710,65
7100,107
7102,26
7103,85
7104,22
7105,57
7106,20
7107,41
7108,40
7109,32
711,19
7110,11
7111,20
7112,30
7113,72
7114,15
7115,40
7116,71
7117,11
7118,19
7119,26
7120,58
7124,3
7125,24
7126,10
7127,18
7128,12
7129,1
7130,3
7131,13
7132,4
7133,8
7134,13
7135,0
7136,27
7137,32
7138,5
7139,3
714,41
7140,16
7141,48
7142,9
7143,2
7144,8
7145,7
7146,4
7147,11
7148,19
7149,5
715,25
7150,10
7151,2
7152,7
7153,6
7154,8
7155,3
7156,14
7157,9
7158,59
7159,5
716,65
7160,3
7161,13
7162,2
7163,42
7164,7
7165,0
7166,5
7167,3
7168,33
7169,6
717,11
7170,20
7171,3
7172,1
7173,1
7174,5
7175,111
7176,20
7177,87
7178,4
7179,2
7180,9
7181,12
7182,3
7183,10
7184,11
7185,17
7186,4
7187,0
7188,2
7189,6
719,68
7190,17
7191,61
7192,35
7193,0
7194,16
7195,10
7196,4
7197,41
7198,1
7199,33
72,48
7200,25
7201,29
7202,27
7203,3
7204,8
7205,36
7206,10
7207,30
7208,97
7209,11
721,11
7210,9
7211,1
7212,11
7213,3
7214,10
7215,6
7216,11
7217,4
7218,81
7219,10
722,27
7220,4
7221,19
7222,21
7223,37
7224,13
7225,2
7226,2
7227,19
7228,4
7229,33
723,8
7230,7
7231,4
7232,19
7233,21
7234,8
7235,17
7236,5
7237,0
7238,21
7239,27
724,2
7240,7
7241,13
7242,2
7243,13
7244,4
7245,5
7246,12
7247,9
7248,14
7249,36
725,7
7250,6
7251,Not in Microsoft Academic
7252,5
7253,16
7254,3
7255,6
7256,43
7257,2
7258,13
7259,22
726,27
7260,2
7261,16
7262,9
7263,13
7264,64
7265,11
7266,7
7267,4
7268,30
7269,35
727,2
7270,2
7271,4
7272,15
7273,14
7274,21
7275,15
7276,6
7277,20
7278,1
7279,2
728,19
7280,2
7281,1
7282,7
7283,2
7284,20
7285,9
7286,36
7287,38
7288,11
7289,18
729,31
7290,48
7291,7
7292,26
7293,84
7294,15
7295,10
7296,5
7297,43
7298,11
7299,14
730,53
7300,18
7301,24
7302,2
7303,20
7304,62
7305,15
7306,5
7307,20
7308,70
7309,34
731,8
7310,14
7311,2
7312,27
7313,4
7314,2
7315,36
7316,3
7317,2
7318,7
7319,0
732,62
7320,15
7321,3
7322,0
7323,0
7324,16
7325,45
7326,5
7327,52
7328,5
7329,37
733,13
7330,68
7331,5
7332,4
7333,25
7334,12
7335,10
7336,9
7337,21
7338,5
7339,4
734,22
7340,18
7341,0
7342,0
7343,1
7344,21
7345,4
7346,47
7347,1
7348,1
7349,32
735,34
7350,6
7351,35
7352,25
7353,1
7354,1
7355,5
7356,12
7357,7
7358,6
7359,43
736,50
7360,23
7361,1
7362,28
7363,4
7364,93
7365,22
7366,13
7367,50
7368,22
7369,8
737,1
7370,12
7371,11
7372,1
7373,24
7374,8
7375,45
7376,7
7377,26
7378,10
7379,3
738,22
7380,4
7381,15
7382,20
7383,9
7384,4
7385,22
7386,7
7387,1
7388,11
7389,0
739,44
7390,32
7391,11
7392,18
7393,14
7394,17
7395,8
7396,4
7397,17
7398,30
7399,5
74,17
740,8
7400,29
7401,18
7402,17
7403,Not in Microsoft Academic
7404,11
7405,18
7406,4
7407,70
7408,16
7409,5
741,37
7410,69
7411,18
7412,12
7413,42
7414,24
7415,4
7416,5
7417,9
7418,1
7419,5
742,8
7420,8
7421,13
7422,46
7423,6
7424,2
7425,10
7426,9
7427,52
7428,0
7429,10
743,25
7430,4
7431,17
7432,10
7433,75
7434,10
7435,10
7436,9
7437,21
7438,4
7439,5
744,4
7440,20
7441,5
7442,6
7443,17
7444,10
7445,4
7446,6
7447,16
7448,14
7449,32
745,10
7450,2
7451,6
7452,0
7453,0
7454,5
7455,3
7456,11
7457,0
7458,15
7459,8
746,16
7460,4
7461,14
7462,10
7463,10
7464,4
7465,2
7466,16
7467,4
7468,44
7469,13
747,2
7470,28
7471,68
7472,10
7473,21
7474,15
7475,8
7476,15
7477,5
7478,47
7479,13
748,73
7480,2
7481,18
7482,3
7483,19
7484,99
7485,7
7486,41
7487,15
7488,5
7489,4
749,31
7490,3
7491,5
7492,8
7493,50
7494,25
7495,14
7496,32
7497,4
7498,4
7499,2
75,55
750,18
7500,3
7501,13
7502,3
7503,7
7504,4
7505,52
7506,7
7507,1
7508,30
7509,17
751,4
7510,1
7511,13
7512,18
7513,63
7514,0
7515,1
7516,100
7517,16
7518,6
7519,12
752,1
7520,49
7521,1
7522,8
7523,11
7524,5
7525,3
7526,37
7527,2
7528,4
7529,33
753,25
7530,26
7531,3
7532,1
7533,12
7534,3
7535,68
7536,50
7537,5
7538,34
7539,13
754,75
7540,38
7541,19
7542,28
7543,10
7544,1
7545,7
7546,3
7547,6
7548,13
7549,4
755,42
7550,0
7551,44
7552,81
7553,11
7554,3
7555,10
7556,19
7557,4
7558,10
7559,4
756,7
7560,9
7561,15
7562,7
7563,0
7564,29
7565,1
7566,5
7567,12
7568,87
7569,6
757,24
7570,40
7571,6
7572,49
7573,7
7574,4
7575,30
7576,16
7577,13
7578,47
7579,6
758,43
7580,8
7581,3
7582,17
7583,7
7584,46
7585,2
7586,7
7587,6
7588,7
7589,22
759,44
7590,5
7591,5
7592,28
7593,17
7594,1
7595,8
7596,9
7597,3
7598,23
7599,8
76,30
760,19
7600,30
7601,1
7602,32
7603,13
7604,2
7605,26
7606,45
7607,18
7608,11
7609,11
761,21
7610,45
7611,55
7612,4
7613,1
7614,8
7615,13
7616,9
7617,6
7618,3
7619,8
762,60
7620,2
7621,19
7622,0
7623,11
7624,10
7625,37
7626,64
7627,4
7628,2
7629,9
763,0
7630,19
7631,3
7632,5
7633,32
7634,15
7635,8
7636,15
7637,57
7638,13
7639,3
764,48
7640,15
7641,4
7642,10
7643,31
7644,21
7645,6
7646,2
7647,9
7648,3
7649,46
765,14
7650,41
7651,13
7652,23
7653,15
7654,6
7655,9
7656,7
7657,18
7658,4
7659,7
766,28
7660,55
7661,1
7662,10
7663,20
7664,10
7665,26
7666,3
7667,2
7668,20
7669,21
767,24
7670,50
7671,2
7672,2
7673,5
7674,22
7675,13
7676,47
7677,1
7678,15
7679,73
768,14
7680,59
7681,51
7682,2
7683,40
7684,4
7685,2
7686,4
7687,0
7688,3
7689,6
769,53
7690,26
7691,10
7692,6
7693,2
7694,31
7695,34
7696,10
7697,19
7698,17
7699,36
77,14
770,27
7700,47
7701,12
7702,17
7703,17
7704,43
7705,29
7706,46
7707,8
7708,121
7709,25
771,10
7710,0
7711,26
7712,73
7713,17
7714,35
7715,40
7716,34
7717,31
7718,11
7719,118
772,49
7720,2
7721,24
7722,26
7723,26
7724,38
7725,15
7726,40
7727,7
7728,27
7729,88
773,22
7730,30
7731,27
7732,7
7733,7
7734,34
7735,109
7736,163
7737,0
7738,0
7739,0
774,4
7740,3
7741,29
7742,16
7743,28
7744,101
7745,25
7746,19
7747,33
7748,39
7749,56
775,3
7750,Not in Microsoft Academic
7751,32
7752,131
7753,111
7754,31
7755,41
7756,62
7757,39
7758,45
7759,26
776,0
7760,1
7761,16
7762,7
7763,107
7764,46
7765,25
7766,136
7767,54
7768,25
7769,39
7770,64
7771,28
7772,65
7773,15
7774,Not in Microsoft Academic
7775,65
7776,20
7777,29
7778,37
7779,18
778,3
7780,45
7781,16
7782,0
7783,54
7784,21
7785,39
7786,14
7787,19
7788,71
7789,2
779,8
7790,18
7791,9
7792,16
7793,20
7795,35
7797,14
7798,Not in Microsoft Academic
7799,161
78,0
780,43
7800,45
7801,19
7802,52
7803,73
7804,0
7805,0
7806,69
7807,20
7808,34
7809,19
781,13
7810,50
7811,76
7813,44
7814,21
7815,22
7816,16
7817,36
7818,14
7819,7
782,12
7820,48
7821,3
7822,29
7823,52
7824,25
7825,68
7826,27
7827,19
7828,43
7829,20
783,9
7830,4
7831,9
7832,34
7833,58
7834,65
7835,15
7836,7
7837,19
7838,44
7839,15
784,15
7840,74
7841,98
7842,16
7843,74
7844,57
7845,1
7846,10
7847,99
7848,39
7849,30
785,8
7850,2
7851,16
7852,40
7853,7
7854,0
7855,48
7856,52
7857,Not in Microsoft Academic
7858,Not in Microsoft Academic
786,7
7860,4
7861,31
7862,30
7863,12
7864,11
7865,6
7866,18
7867,31
7868,24
7869,2
787,56
7870,10
7871,106
7872,23
7873,5
7874,3
7875,12
7876,28
7877,101
7878,12
7879,19
788,10
7880,4
7881,6
7882,80
7883,32
7884,4
7885,1
7886,6
7887,3
7888,12
7889,1
789,6
7890,33
7891,3
7892,18
7893,7
7894,4
7895,8
7896,38
7897,14
7898,14
7899,3
79,11
790,71
7900,6
7901,4
7902,15
7903,3
7904,11
7905,0
7906,7
7907,27
7908,8
7909,28
791,28
7910,5
7911,3
7912,9
7913,2
7914,28
7915,17
7916,5
7917,49
7918,23
7919,33
792,56
7920,9
7921,15
7922,10
7923,5
7924,76
7925,0
7926,1
7927,7
7928,1
7929,22
793,6
7930,5
7931,10
7932,16
7933,69
7934,64
7935,2
7936,0
7937,16
7938,18
7939,6
7940,20
7941,8
7942,62
7943,27
7944,8
7945,44
7946,2
7947,6
7948,5
7949,13
795,25
7950,0
7951,7
7952,5
7953,2
7954,3
7955,1
7956,18
7957,0
7958,12
7959,107
796,29
7960,1
7961,3
7962,34
7963,0
7964,3
7965,20
7966,6
7967,54
7968,16
7969,7
797,12
7970,7
7971,Not in Microsoft Academic
7972,73
7973,2
7974,0
7975,13
7976,15
7977,3
7978,76
7979,1
798,9
7980,1
7981,3
7982,11
7983,3
7984,32
7985,72
7986,66
7987,2
7988,82
7989,2
799,10
7990,9
7991,54
7992,0
7993,5
7994,0
7995,1
7996,6
7997,22
7998,21
7999,2
8,7
80,30
800,1
8000,18
8001,4
8002,3
8003,31
8004,0
8005,5
8006,1
8007,0
8008,3
8009,1
801,58
8010,4
8011,11
8012,2
8013,36
8014,29
8015,5
8016,7
8017,9
8018,5
8019,1
802,8
8020,10
8021,14
8022,Not in Microsoft Academic
8023,32
8024,62
8025,42
8026,31
8027,12
8028,156
8029,3
803,15
8030,9
8031,20
8032,6
8033,4
8035,11
8036,12
8037,27
8038,13
8039,7
804,4
8040,8
8041,54
8042,1
8043,2
8044,4
8045,32
8046,7
8047,11
8048,5
8049,2
805,18
8050,0
8051,0
8052,5
8053,0
8054,30
8055,3
8056,31
8057,11
8058,8
8059,1
806,14
8060,25
8062,2
8063,7
8064,13
8065,74
8066,6
8067,3
8068,11
8069,10
807,12
8070,12
8071,4
8072,13
8073,6
8074,4
8075,8
8076,4
8077,4
8078,3
8079,15
808,0
8080,2
8081,5
8082,16
8083,33
8084,6
8085,8
8086,20
8087,14
8088,10
8089,5
809,24
8090,0
8091,7
8092,33
8093,21
8094,79
8095,45
8096,19
8097,5
8098,92
8099,6
81,4
810,31
8100,4
8101,53
8102,6
8103,32
8104,68
8105,7
8106,16
8107,36
8108,22
8109,1
811,81
8110,6
8111,1
8112,12
8113,8
8114,55
8115,1
8116,25
8117,109
8118,28
8119,35
812,20
8120,65
8121,2
8122,19
8123,5
8124,0
8125,4
8126,2
8127,8
8128,24
8129,1
813,19
8130,0
8131,34
8132,3
8133,11
8134,21
8135,9
8136,2
8137,5
8138,3
8139,1
814,4
8140,58
8141,14
8142,16
8143,11
8144,7
8145,2
8146,22
8147,0
8148,1
8149,15
815,5
8150,97
8151,2
8152,4
8153,21
8154,2
8155,14
8156,34
8157,36
8158,12
8159,0
816,7
8160,15
8161,3
8162,4
8163,7
8164,46
8165,10
8166,29
8167,6
8168,7
8169,13
817,45
8170,26
8171,7
8172,5
8173,36
8174,2
8175,35
8176,7
8177,9
8178,10
8179,5
818,95
8180,3
8181,4
8182,2
8183,0
8184,8
8185,0
8186,17
8187,10
8188,3
8189,9
819,18
8190,4
8191,4
8192,2
8193,13
8194,12
8195,38
8196,3
8197,16
8198,0
8199,5
82,9
820,6
8200,2
8201,28
8202,40
8203,7
8204,18
8205,1
8206,1
8207,25
8208,3
8209,7
821,40
8210,1
8211,12
8212,6
8213,9
8214,2
8215,13
8216,54
8217,27
8218,30
8219,11
8220,138
8221,1
8222,14
8223,5
8224,3
8225,4
8226,46
8227,10
8228,74
8229,2
823,9
8230,28
8231,0
8232,1
8233,3
8235,7
8236,32
8237,7
8238,9
8239,14
824,139
8240,53
8241,26
8242,61
8243,25
8244,12
8245,4
8246,18
8247,3
8248,6
8249,14
825,7
8250,2
8251,18
8252,55
8253,7
8254,8
8255,2
8256,3
8257,1
8258,10
8259,2
826,9
8260,5
8261,16
8262,7
8263,5
8264,6
8265,11
8266,4
8267,1
8268,0
8269,1
827,33
8270,2
8271,16
8272,6
8273,6
8274,37
8275,4
8276,4
8277,83
8278,2
8279,0
828,16
8280,52
8281,11
8282,13
8283,1
8284,15
8285,10
8286,87
8287,20
8288,20
8289,7
829,10
8290,4
8291,18
8292,19
8293,3
8294,1
8295,6
8296,2
8297,13
8298,6
8299,2
83,8
830,6
8300,14
8301,12
8302,20
8303,2
8304,3
8305,2
8306,4
8307,3
8308,6
8309,6
831,20
8310,13
8311,13
8312,20
8313,10
8314,11
8315,0
8316,7
8317,39
8318,4
8319,2
832,36
8320,9
8321,1
8322,9
8323,10
8324,3
8325,5
8326,118
8327,88
8328,0
8329,16
833,17
8330,0
8331,108
8332,7
8333,16
8334,0
8335,41
8336,5
8337,1
8338,8
8339,2
834,5
8340,9
8341,15
8342,26
8343,8
8344,45
8345,50
8346,24
8347,3
8348,19
8349,3
835,19
8350,38
8351,4
8352,18
8353,21
8354,39
8355,16
8356,25
8357,4
8358,5
8359,5
836,40
8360,19
8361,4
8362,19
8363,37
8364,39
8365,1
8366,4
8367,4
8368,21
8369,39
837,13
8370,15
8371,20
8372,15
8373,58
8374,6
8375,5
8376,8
8377,20
8378,11
8379,9
838,54
8380,6
8381,49
8382,55
8383,40
8384,24
8385,19
8386,4
8387,10
8388,42
8389,8
839,42
8390,17
8391,13
8392,8
8393,41
8394,43
8395,2
8396,8
8397,10
8398,1
8399,5
84,0
8400,12
8401,3
8402,4
8403,83
8404,97
8405,10
8406,9
8407,4
8408,3
8409,5
841,11
8410,15
8411,17
8412,29
8413,56
8414,10
8415,15
8416,5
8417,81
8418,26
8419,1
842,23
8420,6
8421,32
8422,4
8423,7
8424,24
8425,47
8426,3
8427,9
8428,4
8429,69
843,21
8430,52
8431,1
8432,19
8433,3
8434,9
8435,3
8436,16
8437,6
8438,15
8439,2
844,71
8440,8
8442,12
8443,15
8444,18
8445,8
8447,65
845,3
8450,1
8451,8
8452,6
8453,0
8454,39
8455,0
8456,2
8457,2
8458,4
8459,3
846,11
8460,1
8461,6
8462,0
8463,35
8464,56
8465,33
8466,36
8467,17
8468,49
8469,6
847,0
8470,2
8471,3
8472,4
8473,0
8474,8
8475,1
8476,1
8477,76
8478,29
8479,2
848,3
8480,18
8481,16
8482,1
8483,2
8484,1
8485,108
8486,110
8487,35
8488,11
8489,8
849,38
8490,9
8491,3
8492,0
8493,7
8494,33
8495,1
8496,4
8497,0
8498,27
8499,11
85,12
850,10
8500,36
8501,2
8502,29
8503,8
8505,3
8506,2
8507,46
8508,21
8509,4
851,25
8510,3
8511,10
8512,0
8513,40
8514,7
8515,15
8516,1
8517,5
8518,12
8519,5
852,11
8520,0
8521,3
8522,3
8523,1
8524,2
8525,6
8526,14
8527,13
8528,6
8529,2
853,0
8530,6
8531,2
8532,8
8533,3
8534,18
8535,17
8536,6
8537,3
8538,133
8539,5
854,12
8540,4
8541,14
8542,24
8543,17
8544,3
8545,35
8546,4
8547,0
8548,56
8549,41
855,76
8550,25
8551,17
8552,40
8553,3
8554,10
8555,2
8556,1
8557,3
8558,14
8559,73
856,5
8560,57
8561,11
8562,2
8563,1
8564,4
8565,5
8566,3
8567,6
8568,18
8569,0
857,65
8570,0
8571,4
8572,3
8573,1
8574,3
8575,1
8576,5
8577,3
8578,24
8579,3
858,34
8580,15
8581,9
8582,6
8583,6
8584,4
8585,4
8586,15
8587,73
8588,2
8589,14
859,64
8590,1
8591,19
8592,1
8593,4
8594,0
8595,7
8596,2
8597,3
8598,8
8599,3
86,12
860,75
8600,37
8601,68
8602,15
8603,11
8604,71
8605,1
8606,0
8607,5
8608,9
8609,4
861,6
8610,1
8611,6
8612,8
8613,0
8614,3
8615,3
8616,3
8617,12
8618,5
8619,8
862,34
8620,32
8621,1
8622,16
8623,2
8624,0
8625,15
8626,12
8627,11
8628,2
8629,20
863,46
8630,12
8631,3
8632,3
8633,5
8634,16
8635,5
8636,3
8637,Not in Microsoft Academic
8638,44
8639,55
864,16
8640,6
8641,0
8642,37
8643,31
8644,44
8645,14
8646,2
8647,6
8648,12
8649,41
865,38
8650,17
8651,0
8652,34
8653,3
8654,2
8655,1
8656,2
8657,17
8658,13
8659,4
866,73
8660,7
8661,79
8662,33
8663,19
8664,5
8665,1
8666,27
8667,13
8668,1
8669,18
867,47
8670,141
8671,32
8672,103
8673,29
8674,2
8675,5
8676,0
8677,46
8678,5
8679,19
868,39
8680,1
8681,5
8682,2
8683,1
8684,6
8685,4
8686,15
8687,17
8688,67
8689,33
869,27
8690,3
8691,5
8692,50
8693,2
8694,23
8695,2
8696,72
8697,10
8698,35
8699,16
87,0
870,23
8700,12
8701,4
8702,3
8703,44
8704,1
8705,77
8706,72
8707,2
8708,1
8709,1
871,13
8710,13
8711,5
8712,2
8713,9
8714,0
8715,2
8716,24
8717,20
8718,3
8719,3
8720,12
8721,12
8722,13
8723,6
8724,21
8725,21
8726,100
8727,10
8728,1
8729,20
8730,5
8731,7
8732,6
8733,43
8734,4
8735,10
8736,8
8737,11
8738,2
8739,0
8740,6
8741,1
8742,5
8743,65
8744,38
8745,77
8746,6
8747,16
8748,18
8749,11
875,9
8750,0
8751,12
8752,20
8753,6
8754,5
8755,6
8756,1
8757,6
8758,20
8759,3
876,8
8760,2
8761,31
8762,6
8763,2
8764,0
8765,0
8766,4
8767,11
8768,6
8769,9
877,0
8770,2
8771,28
8772,58
8773,40
8774,2
8775,5
8776,1
8777,10
8778,11
8779,96
878,45
8780,46
8781,35
8782,22
8783,0
8784,5
8785,2
8786,37
8787,12
8788,6
8789,27
879,54
8790,0
8791,0
8792,5
8793,0
8794,17
8795,20
8796,29
8797,12
8798,6
8799,34
88,19
880,46
8800,22
8801,2
8802,90
8803,5
8804,32
8805,5
8806,5
8807,11
8808,1
8809,26
881,28
8810,1
8811,2
8812,0
8813,3
8814,4
8815,50
8816,1
8817,97
8818,78
8819,0
882,5
8820,25
8821,19
8822,3
8823,2
8824,2
8825,10
8826,1
8827,2
8828,25
8829,1
883,13
8830,5
8831,6
8832,3
8833,36
8834,28
8835,32
8836,1
8837,10
8838,37
8839,9
884,9
8840,11
8841,12
8842,4
8843,15
8844,0
8845,32
8846,10
8847,13
8848,0
8849,5
8850,22
8851,2
8852,20
8853,7
8854,10
8855,8
8856,1
8857,5
8858,24
8859,2
886,12
8860,11
8861,9
8862,3
8863,57
8864,5
8865,44
8866,72
8867,19
8868,29
8869,0
887,9
8870,3
8871,25
8872,12
8873,2
8874,5
8875,2
8876,33
8877,0
8878,3
8879,1
888,17
8880,24
8881,1
8882,1
8883,17
8884,0
8885,1
8886,17
8887,1
8888,15
8889,62
889,17
8890,3
8891,0
8892,3
8893,4
8894,5
8895,4
8896,15
8897,19
8898,3
8899,57
89,32
890,86
8900,29
8901,4
8902,2
8903,21
8904,13
8905,1
8906,4
8907,3
8908,10
8909,21
891,11
8910,1
8911,6
8912,19
8913,3
8914,1
8915,3
8916,6
8917,15
8918,24
8919,70
892,22
8920,7
8921,13
8922,25
8923,13
8924,1
8925,1
8926,1
8927,4
8928,5
8929,40
893,56
8930,1
8931,1
8932,14
8933,14
8934,2
8935,1
8936,10
8937,23
8938,30
8939,20
894,3
8940,1
8941,4
8942,23
8943,39
8944,30
8945,2
8946,2
8947,7
8948,32
8949,1
895,16
8950,34
8951,4
8952,5
8953,96
8954,4
8955,16
8956,15
8957,21
8958,28
8959,122
896,38
8960,7
8961,0
8962,20
8963,29
8964,5
8965,17
8966,3
8967,28
8968,1
8969,8
897,48
8970,7
8971,20
8972,37
8973,17
8974,21
8975,5
8976,18
8977,5
8978,8
8979,28
898,8
8980,1
8981,7
8982,1
8983,0
8984,1
8985,4
8986,2
8987,16
8988,2
8989,5
899,19
8990,60
8991,3
8992,67
8993,23
8994,0
8995,9
8996,49
8997,Not in Microsoft Academic
8998,8
8999,17
9,16
90,25
900,44
9000,5
9001,12
9002,22
9003,0
9004,59
9005,1
9006,33
9007,70
9008,11
9009,40
901,75
9010,70
9011,71
9012,9
9013,70
9014,69
9015,2
9016,2
9017,57
9018,2
9019,64
902,12
9020,5
9021,25
9022,0
9023,9
9024,9
9025,28
9026,16
9027,13
9028,3
9029,5
9030,11
9031,7
9032,1
9033,8
9034,57
9035,1
9036,2
9037,13
9038,2
9039,14
904,1
9040,9
9041,1
9042,4
9043,57
9044,0
9045,37
9046,9
9047,8
9048,2
9049,5
905,35
9050,9
9051,0
9052,1
9053,6
9054,26
9055,25
9056,3
9057,5
9058,6
9059,38
906,14
9060,32
9061,7
9062,14
9063,3
9064,108
9065,9
9066,12
9067,20
9068,11
9069,45
907,4
9070,0
9071,5
9072,3
9073,9
9074,26
9075,37
9076,2
9077,3
9078,51
9079,8
908,8
9080,31
9081,3
9082,8
9083,4
9084,84
9085,28
9086,28
9087,2
9088,2
9089,3
909,2
9090,2
9091,9
9092,2
9093,19
9094,52
9095,40
9096,42
9097,5
9098,3
9099,2
91,10
910,31
9100,0
9101,31
9102,31
9103,0
9104,16
9105,1
9106,48
9107,8
9108,0
9109,6
911,55
9110,1
9111,1
9112,3
9113,11
9114,5
9115,20
9116,3
9117,78
9118,6
9119,2
912,20
9120,4
9121,1
9122,1
9123,45
9124,3
9125,9
9126,5
9127,4
9128,2
9129,5
913,89
9130,4
9131,16
9132,4
9133,3
9134,8
9135,0
9136,42
9137,54
9138,34
9139,22
914,17
9140,20
9141,2
9142,6
9143,13
9144,31
9145,60
9146,2
9147,4
9148,17
9149,7
915,0
9150,29
9151,50
9152,10
9153,2
9154,4
9155,17
9156,1
9157,30
9158,7
9159,Not in Microsoft Academic
916,27
9160,22
9161,55
9162,20
9163,2
9164,53
9165,7
9166,9
9167,32
9168,56
9169,7
917,4
9170,16
9171,101
9172,19
9173,19
9174,1
9175,28
9176,33
9177,2
9178,24
9179,3
918,14
9180,87
9181,50
9182,108
9183,21
9184,89
9185,Not in Microsoft Academic
9186,0
9187,3
9188,23
9189,0
919,15
9190,25
9191,12
9192,7
9193,163
9194,2
9195,15
9196,Not in Microsoft Academic
9197,1
9198,10
9199,4
92,12
920,13
9200,15
9201,3
9202,18
9203,2
9204,2
9205,1
9206,46
9207,12
9208,3
9209,47
921,11
9210,31
9211,67
9212,18
9213,3
9214,0
9215,19
9216,3
9217,13
9218,14
9219,40
922,39
9220,0
9221,0
9222,38
9223,4
9224,48
9225,1
9226,16
9227,11
9228,24
9229,2
923,26
9230,5
9231,2
9232,0
9233,0
9234,2
9235,1
9236,6
9237,40
9238,0
9239,2
924,26
9240,0
9241,1
9242,35
9243,32
9244,2
9245,13
9246,0
9247,5
9248,13
9249,77
925,15
9250,31
9251,42
9252,4
9253,7
9254,2
9255,43
9256,10
9257,7
9258,1
9259,19
926,29
9260,1
9261,0
9262,0
9263,20
9264,26
9265,13
9266,48
9267,59
9268,2
9269,26
927,19
9270,73
9272,11
9273,19
9274,107
9275,2
9276,2
9277,2
9278,6
9279,35
928,13
9280,18
9281,12
9282,5
9283,2
9284,18
9285,33
9286,119
9287,6
9288,5
9289,3
929,34
9290,4
9291,0
9292,10
9293,3
9294,13
9295,6
9296,53
9297,2
9298,39
9299,34
93,5
930,11
9300,13
9301,8
9302,4
9303,21
9304,1
9305,4
9306,0
9307,1
9308,21
9309,4
931,72
9310,17
9311,3
9312,5
9313,0
9314,12
9315,3
9316,11
9317,1
9318,23
9319,83
932,5
9320,15
9321,49
9322,0
9323,0
9324,4
9325,66
9326,2
9327,6
9328,90
9329,43
933,50
9330,24
9331,18
9332,2
9333,4
9334,28
9335,7
9336,90
9337,13
9338,26
9339,3
934,12
9340,13
9341,16
935,6
936,98
937,68
938,14
939,48
94,23
940,2
941,39
942,9
943,37
944,19
945,8
946,16
947,25
948,20
949,82
95,9
950,101
951,10
952,11
953,0
954,13
956,13
957,30
96,25
960,92
961,4
962,39
963,22
964,8
966,35
967,3
968,48
969,86
97,25
970,21
971,0
972,18
973,4
974,23
975,40
976,54
977,30
978,56
979,20
98,12
980,11
981,66
982,26
983,44
984,14
985,10
986,5
987,20
988,9
989,25
99,75
990,19
991,14
992,39
993,0
994,11
996,4
997,16
998,36
999,43
