paperId,topicId,topicWeight
1,3,0.4093
10,2,0.5585
100,4,0.717
1000,1,0.6251
1001,1,0.4914
1002,3,0.4969
1003,2,0.3329
1004,4,0.6008
1005,4,0.4148
1006,4,0.7293
1007,5,0.5688
1008,1,0.8158
1009,3,0.7452
101,3,0.7011
1010,7,0.58
1011,1,0.3177
1012,3,0.7247
1013,2,0.9002
1014,2,0.8525
1015,3,0.5782
1016,3,0.8722
1017,2,0.9236
1018,5,0.7393
1019,7,0.4263
102,2,0.5394
1020,2,0.427
1021,3,0.4225
1022,6,0.3697
1023,4,0.6669
1024,2,0.4432
1025,2,0.8836
1026,2,0.754
1027,3,0.9067
1028,6,0.2784
1029,1,0.6757
103,3,0.4946
1030,4,0.8792
1031,4,0.3841
1032,2,0.5534
1033,2,0.5805
1034,3,0.4686
1035,2,0.6705
1036,1,0.607
1037,4,0.6353
1038,5,0.5059
1039,3,0.9838
104,3,0.5609
1040,2,0.3295
1041,2,0.5147
1042,5,0.5967
1043,5,0.3776
1044,1,0.4759
1045,0,0.5161
1046,2,0.4842
1047,3,0.3293
1048,1,0.6705
1049,4,0.4454
105,3,0.7779
1050,3,0.3095
1051,3,0.5875
1052,1,0.3356
1053,2,0.4918
1054,3,0.3698
1055,2,0.5235
1056,3,0.7103
1057,4,0.8637
1058,3,0.4538
1059,3,0.5351
106,7,0.4532
1060,3,0.6524
1061,3,0.4873
1062,4,0.3107
1063,7,0.395
1064,1,0.6636
1065,1,0.3369
1066,4,0.3429
1067,3,0.6948
1068,2,0.7182
1069,4,0.5694
107,3,0.5315
1070,3,0.5986
1071,2,0.8268
1072,3,0.5324
1073,5,0.789
1074,7,0.3632
1075,3,0.6316
1076,3,0.5623
1077,7,0.3747
1078,2,0.3659
1079,7,0.3624
108,0,0.3884
1080,1,0.4597
1081,1,0.4386
1082,7,0.5315
1083,4,0.4777
1084,3,0.3466
1085,0,0.125
1086,3,0.4946
1087,2,0.596
1088,3,0.5081
1089,5,0.5182
109,3,0.8216
1090,0,0.125
1091,7,0.329
1092,4,0.3559
1094,2,0.7734
1095,6,0.3294
1096,5,0.6994
1097,1,0.4589
1098,1,0.6104
1099,3,0.7687
11,4,0.6567
110,4,0.8387
1100,3,0.7069
1101,3,0.603
1102,3,0.849
1103,2,0.6882
1104,3,0.6716
1105,2,0.5173
1106,3,0.8622
1107,3,0.6654
1108,3,0.5522
1109,5,0.8657
111,4,0.5533
1111,1,0.6078
1112,3,0.4318
1113,3,0.8711
1114,5,0.3663
1115,1,0.3297
1116,0,0.4501
1117,5,0.4749
1118,0,0.6284
1119,3,0.6544
112,2,0.5512
1120,4,0.6208
1121,5,0.9233
1122,3,0.5502
1123,4,0.554
1124,5,0.4137
1125,4,0.4428
1126,3,0.7292
1127,3,0.9098
1128,2,0.4183
1129,4,0.6203
113,3,0.5487
1130,6,0.424
1131,1,0.3514
1132,1,0.5034
1133,5,0.8455
1134,4,0.6818
1135,4,0.6727
1136,3,0.8689
1138,5,0.3688
1139,3,0.4764
114,3,0.6981
1140,3,0.4806
1141,2,0.2752
1142,2,0.4941
1143,5,0.594
1144,1,0.4389
1145,4,0.7698
1146,4,0.6968
1147,3,0.5177
1148,0,0.125
1149,3,0.5316
115,4,0.7378
1150,2,0.3074
1151,3,0.7555
1152,3,0.7722
1153,0,0.3768
1154,2,0.5993
1155,1,0.6526
1156,3,0.543
1157,4,0.7676
1158,4,0.8597
1159,3,0.4735
116,2,0.3259
1160,3,0.6561
1161,3,0.4313
1162,3,0.7722
1163,4,0.459
1164,2,0.5242
1165,3,0.9984
1166,3,0.7047
1167,3,0.5035
1168,0,0.5161
1169,5,0.5037
1170,3,0.4724
1171,3,0.6846
1172,3,0.526
1173,4,0.8526
1174,0,0.125
1175,1,0.4425
1176,3,0.9295
1177,2,0.4737
1178,2,0.7843
1179,7,0.4748
118,3,0.7561
1180,0,0.4253
1181,3,0.7237
1182,3,0.56
1183,6,0.2994
1184,6,0.44
1185,7,0.511
1186,1,0.7028
1187,6,0.4729
1188,2,0.8939
1189,3,0.5682
119,3,0.7107
1190,2,0.2701
1191,1,0.7139
1192,4,0.502
1193,3,0.7347
1194,5,0.3437
1195,6,0.4054
1196,3,0.651
1197,1,0.6367
1198,1,0.5467
1199,4,0.7829
12,4,0.3286
120,4,0.8886
1200,2,0.8273
1201,3,0.4314
1202,7,0.3616
1203,1,0.4094
1204,3,0.4073
1205,4,0.9436
1206,4,0.6611
1207,1,0.4214
1208,3,0.6199
1209,2,0.6029
121,2,0.8699
1210,6,0.5076
1211,1,0.7102
1212,2,0.8721
1213,4,0.5133
1214,6,0.5255
1215,3,0.7104
1216,4,0.5305
1217,1,0.6029
1218,1,0.7574
1219,3,0.6992
122,3,0.4073
1220,3,0.4635
1221,3,0.3075
1222,4,0.6699
1223,0,0.4991
1224,5,0.6641
1225,3,0.5581
1226,2,0.6736
1227,3,0.7738
1228,4,0.3488
1229,5,0.5922
123,6,0.5618
1230,5,0.8797
1231,3,0.726
1232,1,0.7939
1233,3,0.9739
1234,2,0.4322
1235,3,0.3141
1236,2,0.5443
1238,6,0.4326
1239,3,0.6409
124,2,0.7113
1240,3,0.7168
1241,1,0.4456
1242,6,0.4319
1243,3,0.4226
1244,2,0.8825
1245,5,0.531
1247,3,0.565
1248,6,0.6752
1249,4,0.5577
125,3,0.8456
1250,3,0.7752
1251,2,0.2758
1252,1,0.4855
1253,3,0.6632
1254,6,0.3659
1255,2,0.6843
1256,3,0.5737
1257,5,0.4855
1258,3,0.8943
1259,1,0.364
126,4,0.8064
1260,6,0.5474
1261,1,0.4269
1262,2,0.8401
1263,3,0.4816
1264,1,0.4996
1265,4,0.8322
1266,2,0.3465
1267,5,0.3036
1268,1,0.4598
1269,5,0.7275
127,4,0.6133
1270,3,0.4793
1271,3,0.5057
1272,1,0.7979
1273,5,0.562
1274,4,0.3917
1275,3,0.8832
1276,3,0.4835
1277,2,0.7861
1278,5,0.7568
1279,3,0.9418
128,4,0.5355
1280,3,0.7652
1281,4,0.9226
1282,4,0.2976
1283,1,0.3791
1284,5,0.4619
1285,2,0.3135
1286,4,0.4334
1287,2,0.7199
1288,1,0.6463
1289,2,0.2938
129,3,0.8458
1290,0,0.5469
1291,3,0.3789
1292,5,0.5112
1293,3,0.3406
1294,2,0.5258
1295,3,0.4032
1296,2,0.767
1297,5,0.7357
1298,6,0.4321
1299,5,0.295
13,2,0.4763
130,3,0.5176
1301,2,0.7441
1302,5,0.8043
1303,3,0.6793
1304,2,0.9452
1305,4,0.5535
1306,3,0.5017
1307,4,0.9344
1308,1,0.6001
1309,2,0.4495
131,4,0.9985
1310,2,0.8788
1311,3,0.5811
1312,2,0.7315
1313,3,0.4799
1314,6,0.4712
1315,6,0.5105
1316,1,0.6631
1317,5,0.8385
1318,1,0.911
1319,4,0.8239
132,2,0.5742
1320,2,0.5869
1321,2,0.7516
1322,4,0.9791
1323,3,0.5259
1324,2,0.6611
1325,1,0.5218
1326,3,0.3822
1327,3,0.293
1328,1,0.3622
1329,2,0.4023
133,3,0.6596
1330,2,0.8451
1331,0,0.3848
1332,6,0.4014
1333,3,0.4728
1334,1,0.4523
1335,3,0.4634
1336,4,0.4217
1337,4,0.8838
1338,4,0.9986
1339,3,0.5906
134,3,0.8232
1340,3,0.5788
1341,1,0.7075
1342,6,0.6407
1343,7,0.3314
1344,2,0.5377
1345,2,0.5587
1346,7,0.3827
1347,1,0.7682
1348,7,0.4633
1349,3,0.7547
135,3,0.7469
1350,2,0.3413
1351,0,0.4331
1352,2,0.5948
1353,1,0.4828
1354,2,0.533
1355,7,0.4091
1356,2,0.4603
1357,3,0.5151
1358,3,0.3292
1359,3,0.4565
136,3,0.6333
1360,4,0.764
1361,3,0.6647
1362,5,0.8698
1363,1,0.6373
1364,4,0.6292
1365,2,0.6382
1366,3,0.2831
1367,4,0.5295
1368,4,0.4941
1369,2,0.5076
137,4,0.7448
1370,3,0.7653
1371,2,0.9672
1372,6,0.6608
1373,3,0.6446
1374,2,0.8626
1375,1,0.9045
1376,1,0.4219
1377,2,0.4635
1378,7,0.4745
1379,3,0.9367
138,2,0.5765
1380,1,0.5991
1381,2,0.3878
1382,5,0.5289
1383,5,0.8802
1384,5,0.7062
1385,3,0.6117
1386,5,0.4086
1387,6,0.4587
1388,1,0.5929
1389,3,0.4812
139,2,0.5488
1390,3,0.5796
1391,2,0.7724
1392,1,0.7902
1393,3,0.5395
1394,3,0.6498
1395,4,0.9258
1396,4,0.6503
1397,1,0.4572
1398,6,0.4837
1399,2,0.5513
14,2,0.4901
140,7,0.2669
1400,2,0.8112
1401,2,0.8488
1402,2,0.5493
1403,2,0.8123
1404,5,0.6135
1405,3,0.9324
1406,3,0.2968
1407,3,0.3586
1408,1,0.4977
1409,5,0.7989
141,3,0.8549
1410,4,0.417
1411,2,0.4909
1412,1,0.5491
1413,1,0.5184
1414,2,0.3481
1415,2,0.3622
1416,2,0.427
1417,3,0.4003
1418,3,0.616
1419,5,0.5173
142,3,0.4433
1420,5,0.8573
1421,7,0.4771
1422,1,0.7204
1423,2,0.6309
1424,6,0.4854
1425,3,0.5064
1426,3,0.7925
1427,5,0.8654
1429,3,0.4647
143,3,0.4458
1430,2,0.5281
1431,1,0.3751
1432,3,0.7718
1433,2,0.3428
1434,5,0.5364
1435,7,0.3277
1436,0,0.5939
1437,2,0.3279
1438,2,0.327
1439,2,0.7757
144,4,0.4783
1440,3,0.4475
1441,1,0.3956
1442,4,0.4138
1443,3,0.3334
1444,1,0.9001
1445,0,0.3246
1446,6,0.3414
1447,5,0.8449
1449,3,0.4063
145,2,0.703
1450,0,0.4213
1452,1,0.7554
1453,6,0.8007
1454,3,0.4753
1455,2,0.2961
1456,4,0.4967
1457,3,0.3513
1458,2,0.6873
1459,7,0.6357
146,3,0.5749
1460,2,0.6028
1461,4,0.904
1462,2,0.859
1463,7,0.3263
1464,1,0.446
1465,5,0.6004
1466,7,0.4594
1467,3,0.4362
1468,7,0.4125
1469,2,0.602
147,2,0.4729
1470,3,0.6062
1471,2,0.8479
1472,2,0.4082
1473,3,0.4281
1474,0,0.3473
1475,1,0.493
1476,5,0.647
1477,4,0.6446
1478,6,0.4041
1479,3,0.5796
148,3,0.5561
1480,1,0.8658
1481,3,0.574
1482,2,0.3645
1483,3,0.4386
1484,3,0.3611
1485,1,0.4191
1486,4,0.6422
1487,5,0.7137
1488,3,0.4556
1489,4,0.4733
149,3,0.7179
1490,3,0.6341
1491,6,0.6015
1492,5,0.6111
1493,4,0.6239
1494,2,0.4413
1495,3,0.6904
1496,4,0.2923
1497,1,0.597
1498,0,0.6669
1499,4,0.4627
15,4,0.905
150,3,0.5535
1500,6,0.5108
1501,1,0.4456
1502,2,0.5393
1503,1,0.6244
1504,0,0.6881
1505,7,0.4369
1506,0,0.342
1507,1,0.5027
1508,3,0.7523
1509,5,0.9429
151,4,0.9368
1510,2,0.8156
1511,2,0.3666
1512,1,0.5965
1513,3,0.33
1514,2,0.4148
1515,3,0.6435
1516,7,0.5289
1517,6,0.7476
1518,4,0.7428
1519,3,0.7865
152,4,0.4046
1520,1,0.6636
1521,1,0.5068
1522,1,0.3909
1523,1,0.7385
1525,1,0.6768
1526,2,0.7743
1527,2,0.3173
1528,2,0.6581
1529,1,0.5337
153,6,0.3337
1530,3,0.4704
1531,5,0.9589
1532,1,0.7088
1533,2,0.735
1534,2,0.4732
1535,3,0.4943
1536,2,0.8711
1537,1,0.5881
1538,7,0.5012
1539,1,0.8411
154,3,0.7728
1540,0,0.4325
1541,4,0.8151
1542,7,0.6591
1543,3,0.3691
1544,1,0.6044
1545,4,0.4182
1546,2,0.5631
1547,2,0.7953
1548,3,0.6108
1549,1,0.6751
155,4,0.7715
1550,5,0.5659
1551,5,0.6604
1552,1,0.3877
1553,1,0.6781
1554,4,0.6764
1555,2,0.5914
1556,2,0.854
1557,3,0.2816
1558,4,0.5618
1559,2,0.6952
156,3,0.7214
1560,7,0.3996
1561,1,0.7568
1562,4,0.2418
1563,1,0.4519
1564,3,0.5411
1565,5,0.627
1567,1,0.3761
1568,7,0.5263
1569,2,0.5123
157,4,0.6085
1570,1,0.54
1571,1,0.3738
1572,4,0.8318
1573,5,0.5057
1574,2,0.492
1575,1,0.6529
1576,5,0.855
1577,6,0.4158
1578,3,0.4612
1579,3,0.4612
158,3,0.7031
1580,2,0.3436
1581,3,0.3505
1582,1,0.4551
1583,5,0.3873
1584,0,0.4267
1585,4,0.3468
1586,5,0.8988
1587,2,0.498
1588,1,0.4785
1589,2,0.7168
159,4,0.7442
1590,0,0.4809
1591,5,0.6927
1592,3,0.2627
1593,1,0.5428
1594,1,0.5005
1596,0,0.4156
1597,1,0.6579
1598,1,0.5048
1599,5,0.7027
16,3,0.7025
160,2,0.5365
1600,4,0.8206
1601,2,0.948
1602,0,0.3727
1603,5,0.9634
1604,1,0.3562
1605,3,0.4834
1606,3,0.5694
1607,5,0.9387
1608,5,0.8255
1609,0,0.4935
161,2,0.5337
1610,1,0.3373
1611,2,0.4524
1612,6,0.512
1613,2,0.5329
1614,5,0.6552
1615,1,0.8921
1616,0,0.125
1617,1,0.9302
1618,2,0.716
1619,3,0.3685
162,3,0.6745
1620,4,0.9884
1621,4,0.5377
1622,1,0.6761
1623,6,0.4992
1624,3,0.3993
1625,1,0.7401
1626,2,0.5997
1627,6,0.5045
1628,4,0.5043
1629,0,0.5046
163,3,0.9549
1630,2,0.5425
1631,1,0.5172
1632,1,0.5387
1633,4,0.7323
1634,3,0.7684
1635,4,0.7924
1636,4,0.7725
1637,1,0.3426
1638,2,0.4293
1639,1,0.3111
164,3,0.7477
1640,1,0.8126
1641,1,0.7569
1642,2,0.39
1643,1,0.7205
1644,1,0.8473
1645,1,0.8093
1646,4,0.5596
1647,2,0.5749
1648,6,0.3063
1649,3,0.2872
165,3,0.8361
1650,1,0.5077
1651,1,0.6674
1652,1,0.6021
1653,6,0.3725
1654,1,0.81
1655,3,0.6209
1656,4,0.6661
1657,4,0.8156
1658,4,0.9368
1659,3,0.5535
166,4,0.8591
1660,1,0.2919
1661,1,0.5591
1662,2,0.5794
1663,1,0.3858
1664,5,0.7568
1665,5,0.7069
1666,7,0.5696
1667,5,0.8139
1668,2,0.4502
1669,2,0.6334
167,4,0.5573
1670,2,0.7214
1671,6,0.5315
1672,1,0.9179
1673,1,0.6499
1674,1,0.808
1675,7,0.5146
1676,2,0.6116
1677,6,0.5287
1678,2,0.5043
1679,1,0.5958
168,2,0.3989
1680,7,0.2442
1681,6,0.3808
1682,1,0.4619
1683,7,0.6886
1685,3,0.4322
1686,2,0.4456
1687,6,0.7183
1688,3,0.7793
1689,1,0.4376
169,4,0.5283
1690,4,0.9405
1691,1,0.8213
1692,3,0.726
1693,3,0.5746
1694,1,0.8713
1695,2,0.6548
1696,2,0.551
1697,3,0.5154
1698,0,0.6406
1699,1,0.8716
17,2,0.4578
170,4,0.8274
1700,1,0.3611
1702,3,0.6547
1703,4,0.8321
1704,3,0.7484
1705,2,0.6508
1706,1,0.4881
1707,2,0.5952
1708,1,0.2401
1709,1,0.5567
171,2,0.5013
1710,3,0.434
1711,1,0.8343
1712,1,0.5696
1713,5,0.9064
1714,7,0.2814
1715,1,0.3519
1716,5,0.3721
1717,6,0.6416
1718,3,0.6498
1719,1,0.7827
172,4,0.8964
1720,4,0.8242
1721,1,0.8129
1722,1,0.9307
1723,6,0.4875
1724,2,0.3098
1725,4,0.931
1726,1,0.8531
1727,6,0.3499
1728,4,0.7089
1729,0,0.5728
173,4,0.3992
1730,2,0.6406
1731,2,0.6272
1732,2,0.5206
1733,1,0.9012
1734,2,0.6175
1735,6,0.8666
1736,1,0.5974
1737,1,0.795
1738,3,0.4285
1739,6,0.6413
174,3,0.8406
1740,5,0.6113
1741,1,0.7608
1742,7,0.4009
1743,1,0.4677
1744,4,0.6376
1745,1,0.9528
1746,2,0.8706
1747,0,0.5913
1748,5,0.5419
1749,3,0.4348
175,3,0.6623
1750,2,0.4636
1751,2,0.6242
1752,2,0.6128
1753,1,0.5626
1754,5,0.5039
1755,1,0.4765
1757,1,0.4939
1758,4,0.903
1759,2,0.5555
1760,2,0.6982
1761,7,0.4286
1762,3,0.6715
1763,5,0.6127
1764,1,0.308
1765,1,0.4906
1766,1,0.7906
1767,1,0.9285
1768,1,0.3783
1769,6,0.345
177,7,0.3516
1770,5,0.8399
1771,1,0.6419
1772,5,0.7465
1773,3,0.4988
1774,4,0.6903
1775,3,0.3508
1776,4,0.4885
1777,7,0.4497
1778,3,0.7567
1779,1,0.4104
178,2,0.7713
1780,3,0.6395
1781,4,0.5678
1782,3,0.6555
1783,4,0.7745
1784,0,0.4143
1785,0,0.411
1786,5,0.5729
1787,3,0.5259
1788,4,0.3258
1789,1,0.4585
179,3,0.6998
1790,6,0.7319
1791,6,0.5574
1792,2,0.4516
1793,6,0.354
1794,3,0.3819
1795,1,0.8053
1796,7,0.3561
1797,1,0.7974
1798,7,0.5012
1799,4,0.4967
18,4,0.9345
180,3,0.4369
1800,1,0.3973
1801,2,0.6261
1802,1,0.744
1803,1,0.3779
1804,7,0.3461
1805,6,0.6216
1806,7,0.3507
1807,3,0.3711
1808,6,0.6292
1809,4,0.5021
181,3,0.6136
1810,1,0.3374
1811,5,0.6902
1812,0,0.3469
1813,4,0.8855
1814,1,0.4388
1815,1,0.826
1816,2,0.4938
1817,3,0.7712
1818,1,0.6814
1819,3,0.6657
182,4,0.564
1820,3,0.4486
1821,5,0.7379
1822,1,0.4198
1823,6,0.3704
1824,4,0.6151
1825,1,0.5954
1826,6,0.4447
1827,2,0.5026
1828,2,0.621
1829,4,0.4075
183,7,0.3884
1830,1,0.4161
1831,5,0.6813
1832,1,0.8573
1833,6,0.4525
1834,2,0.9682
1835,1,0.2791
1836,2,0.2929
1837,5,0.778
1838,1,0.4304
1839,3,0.8379
184,4,0.7023
1840,3,0.5093
1841,5,0.6225
1842,2,0.6504
1843,3,0.3968
1844,1,0.7851
1845,7,0.6685
1846,1,0.6786
1847,4,0.5382
1848,3,0.4298
1849,5,0.617
185,3,0.9158
1850,1,0.5991
1851,2,0.5674
1852,7,0.3863
1853,1,0.486
1854,6,0.5466
1855,3,0.4454
1856,1,0.5256
1857,1,0.6381
1858,4,0.3185
1859,0,0.4008
186,3,0.471
1860,2,0.897
1861,6,0.4856
1862,6,0.4743
1863,2,0.3596
1864,1,0.4028
1865,1,0.5852
1866,0,0.125
1867,4,0.5017
1868,6,0.4483
1869,3,0.6362
187,4,0.9795
1870,1,0.4019
1871,1,0.4837
1872,2,0.3873
1873,6,0.5523
1874,0,0.5858
1875,1,0.6233
1876,1,0.4362
1877,2,0.3892
1878,2,0.6035
1879,1,0.9098
188,3,0.9984
1880,1,0.4423
1881,6,0.4944
1882,4,0.7875
1883,2,0.6874
1884,2,0.3926
1885,2,0.2513
1886,0,0.4237
1887,7,0.3059
1888,5,0.7383
1889,2,0.6898
189,4,0.6018
1890,1,0.7806
1891,6,0.5421
1892,1,0.2488
1893,1,0.6238
1894,2,0.3924
1895,3,0.8414
1896,1,0.6047
1897,7,0.3182
1898,0,0.2558
1899,1,0.7948
19,2,0.2826
190,2,0.6788
1900,1,0.6879
1901,3,0.5574
1902,2,0.617
1903,4,0.5843
1904,2,0.7235
1905,4,0.9141
1906,1,0.7281
1907,1,0.8845
1908,3,0.4921
1909,2,0.7282
191,3,0.4483
1910,4,0.5484
1911,5,0.7263
1912,4,0.5528
1913,0,0.7041
1914,1,0.5766
1915,5,0.6378
1916,2,0.6344
1917,3,0.6021
1918,1,0.7728
1919,1,0.4619
192,3,0.9944
1920,3,0.4294
1921,0,0.3891
1922,1,0.5989
1923,4,0.9911
1924,6,0.4812
1925,1,0.6596
1926,1,0.3704
1927,4,0.4038
1928,1,0.7928
1929,1,0.5563
193,2,0.4071
1930,1,0.5419
1931,7,0.8617
1932,0,0.3966
1933,3,0.4503
1934,1,0.4932
1935,6,0.6533
1936,5,0.7019
1937,2,0.5858
1938,2,0.3652
1939,2,0.5394
194,5,0.9014
1940,1,0.6092
1941,5,0.7881
1942,0,0.2734
1943,7,0.4817
1944,5,0.998
1945,3,0.7438
1946,3,0.3684
1947,4,0.5006
1948,7,0.4531
1949,3,0.5551
195,3,0.6977
1950,2,0.9663
1951,3,0.7616
1952,1,0.6442
1953,5,0.5853
1954,1,0.6423
1955,5,0.7334
1956,1,0.6774
1957,4,0.896
1958,3,0.4586
1959,7,0.3741
196,2,0.6187
1960,3,0.557
1961,6,0.5553
1962,0,0.4991
1963,1,0.5569
1964,1,0.8221
1965,1,0.63
1966,7,0.4776
1967,1,0.7433
1968,1,0.5573
1969,5,0.3782
197,3,0.8727
1970,1,0.6264
1971,3,0.8373
1972,4,0.654
1973,1,0.4093
1974,4,0.4884
1975,2,0.4952
1976,1,0.5975
1977,4,0.9988
1978,1,0.5033
1979,1,0.7361
198,3,0.3705
1980,6,0.418
1981,5,0.7735
1982,2,0.6255
1983,5,0.8019
1984,5,0.9825
1985,0,0.2862
1986,5,0.8198
1987,3,0.4827
1988,2,0.5839
1989,2,0.4893
199,5,0.4211
1990,1,0.4756
1991,2,0.6448
1992,6,0.5156
1993,7,0.7272
1994,2,0.8491
1995,2,0.5236
1996,7,0.437
1997,2,0.4428
1998,7,0.5627
1999,7,0.3034
2,2,0.4548
20,3,0.3937
200,2,0.5155
2000,4,0.4119
2001,1,0.8049
2002,6,0.3775
2003,5,0.4879
2004,6,0.464
2005,3,0.5713
2006,4,0.4413
2007,1,0.5863
2008,1,0.7182
2009,1,0.7598
201,3,0.8854
2010,1,0.4017
2011,2,0.5771
2012,3,0.3102
2013,0,0.3938
2014,1,0.7234
2015,6,0.3624
2016,3,0.6146
2017,5,0.7973
2018,2,0.3826
2019,0,0.5462
202,3,0.593
2020,1,0.9264
2021,2,0.6033
2022,2,0.53
2023,6,0.4318
2024,2,0.2844
2025,4,0.3122
2026,2,0.4047
2027,1,0.8058
2028,1,0.6488
2029,3,0.3803
203,3,0.8606
2030,7,0.463
2031,2,0.656
2032,4,0.6904
2033,6,0.6546
2034,2,0.9051
2035,7,0.3571
2036,6,0.3917
2037,1,0.3975
2038,2,0.4796
2039,3,0.2953
204,2,0.3466
2040,1,0.5332
2041,3,0.7914
2042,1,0.765
2043,5,0.8042
2044,3,0.565
2045,4,0.7075
2046,7,0.3326
2047,1,0.66
2048,5,0.4951
2049,1,0.4579
205,3,0.7825
2050,3,0.589
2051,1,0.559
2052,5,0.6889
2053,5,0.8719
2054,1,0.5223
2055,1,0.6585
2056,4,0.6429
2057,1,0.5367
2058,3,0.3391
2059,1,0.5308
206,4,0.5846
2060,1,0.6229
2061,3,0.4581
2062,3,0.4788
2063,3,0.6976
2064,1,0.4679
2065,3,0.5806
2066,1,0.8079
2067,2,0.8436
2068,3,0.6882
2069,1,0.7635
207,3,0.85
2070,1,0.8286
2071,1,0.8452
2072,6,0.7925
2073,5,0.5568
2074,0,0.5599
2075,2,0.8216
2076,4,0.9178
2077,1,0.2741
2078,1,0.559
2079,5,0.3856
208,3,0.4857
2080,4,0.4593
2081,3,0.4358
2082,0,0.3032
2083,6,0.3217
2084,3,0.5106
2085,1,0.6299
2086,7,0.3
2087,0,0.5616
2088,2,0.3998
2089,3,0.7594
209,2,0.6568
2090,1,0.7667
2091,1,0.4579
2092,6,0.5733
2093,3,0.3861
2094,6,0.4432
2095,3,0.6583
2096,1,0.5924
2097,1,0.5836
2098,0,0.7642
2099,2,0.5043
21,2,0.6155
210,7,0.396
2100,3,0.5671
2101,5,0.5696
2102,6,0.3348
2103,2,0.4482
2104,3,0.5028
2105,1,0.8902
2106,1,0.4235
2107,1,0.896
2108,1,0.8642
2109,0,0.6521
211,3,0.6298
2110,2,0.8245
2111,3,0.6307
2112,4,0.8631
2113,1,0.4524
2114,4,0.5018
2115,4,0.7826
2116,5,0.7196
2117,2,0.71
2118,7,0.4815
2119,3,0.2882
212,4,0.4529
2120,1,0.6389
2121,1,0.7015
2122,1,0.7725
2123,6,0.4709
2124,4,0.9616
2125,6,0.6304
2126,1,0.4865
2127,6,0.8475
2128,1,0.4716
2129,5,0.6769
213,3,0.8367
2130,3,0.5904
2131,3,0.6871
2132,6,0.7017
2133,1,0.8665
2134,5,0.8152
2135,1,0.8112
2136,6,0.569
2137,3,0.6288
2138,3,0.238
2139,1,0.7166
214,7,0.7522
2140,5,0.3561
2141,6,0.5178
2142,4,0.592
2143,5,0.8578
2144,6,0.3273
2145,2,0.4266
2146,1,0.6062
2147,5,0.9988
2148,1,0.3797
2149,1,0.2868
215,4,0.9431
2150,1,0.9426
2151,2,0.3406
2152,2,0.5308
2153,1,0.4165
2154,1,0.4419
2155,1,0.5127
2156,1,0.5229
2157,2,0.3614
2158,7,0.6071
2159,3,0.664
216,3,0.6824
2160,1,0.9173
2161,3,0.6756
2162,1,0.5412
2163,1,0.3994
2164,1,0.59
2165,6,0.5569
2166,1,0.5827
2167,2,0.6777
2168,3,0.4129
2169,1,0.4884
217,4,0.8132
2170,4,0.7438
2171,5,0.9967
2172,1,0.6979
2173,1,0.6598
2174,3,0.6212
2175,1,0.4221
2176,3,0.4231
2177,2,0.3735
2178,2,0.3911
2179,1,0.3409
218,4,0.4722
2180,6,0.4016
2181,1,0.6365
2182,0,0.5147
2183,1,0.4869
2184,2,0.7525
2185,1,0.7284
2186,2,0.2845
2187,6,0.459
2188,4,0.6378
2189,4,0.7555
219,4,0.8939
2190,4,0.8818
2191,1,0.8508
2192,5,0.4045
2193,1,0.5589
2194,1,0.4252
2195,7,0.3037
2196,6,0.7813
2197,7,0.357
2198,3,0.4786
2199,1,0.7035
22,4,0.9
220,4,0.9889
2200,0,0.5155
2201,4,0.4969
2202,1,0.3894
2203,6,0.3476
2204,5,0.9773
2205,4,0.3444
2206,1,0.838
2207,6,0.3224
2208,6,0.6059
2209,2,0.6644
221,2,0.4835
2210,1,0.3068
2211,4,0.6184
2212,0,0.6618
2213,5,0.542
2214,1,0.8714
2215,1,0.5054
2216,1,0.5269
2217,0,0.4412
2218,0,0.5983
2219,5,0.4946
222,3,0.867
2220,1,0.7328
2221,1,0.6426
2222,3,0.4743
2223,1,0.6281
2224,7,0.3894
2225,2,0.8659
2226,1,0.4852
2227,1,0.6044
2228,5,0.857
2229,2,0.7271
223,4,0.9057
2230,1,0.5632
2231,2,0.4949
2232,1,0.5913
2233,4,0.9709
2234,1,0.5759
2235,1,0.334
2236,4,0.8209
2237,4,0.6497
2238,7,0.3844
2239,1,0.575
224,2,0.6054
2240,1,0.7955
2241,5,0.7084
2242,3,0.6225
2243,4,0.7154
2244,1,0.6691
2245,4,0.3612
2246,7,0.4599
2247,2,0.6034
2248,1,0.7285
2249,1,0.4609
225,3,0.8489
2250,1,0.8552
2251,2,0.3445
2252,7,0.4669
2253,3,0.6995
2254,4,0.8458
2255,6,0.4111
2256,7,0.48
2257,1,0.6112
2258,6,0.4426
2259,3,0.7754
226,3,0.5438
2260,1,0.5564
2261,1,0.5471
2262,1,0.5201
2263,5,0.5208
2264,6,0.3725
2265,4,0.667
2266,1,0.6692
2267,1,0.7217
2268,0,0.7978
2269,1,0.3769
227,3,0.5801
2270,2,0.8491
2271,0,0.4049
2272,3,0.732
2273,1,0.4074
2274,6,0.4074
2275,1,0.6582
2276,1,0.3564
2277,0,0.4517
2278,7,0.4728
2279,1,0.6923
228,3,0.7686
2280,1,0.4945
2281,1,0.6447
2282,1,0.5485
2283,4,0.3138
2284,7,0.6189
2285,3,0.6637
2286,0,0.2992
2287,1,0.369
2288,0,0.782
2289,3,0.4385
229,3,0.7907
2290,6,0.6031
2291,1,0.586
2292,1,0.7127
2293,1,0.842
2294,2,0.5193
2295,1,0.5569
2296,5,0.4958
2297,3,0.4536
2298,1,0.9355
2299,3,0.7604
23,4,0.5007
230,4,0.3078
2300,6,0.7168
2301,3,0.5296
2302,7,0.4232
2303,5,0.8096
2304,5,0.674
2305,7,0.4924
2306,6,0.5035
2307,4,0.6225
2308,1,0.6069
2309,6,0.7899
231,3,0.7118
2310,2,0.4619
2311,2,0.441
2312,2,0.6312
2313,1,0.4489
2314,2,0.5243
2315,0,0.4683
2316,1,0.5818
2317,1,0.9198
2318,3,0.3707
2319,5,0.6369
232,4,0.584
2320,7,0.4538
2321,1,0.5582
2322,6,0.5804
2323,0,0.5657
2324,3,0.4699
2325,3,0.603
2326,2,0.5991
2327,3,0.5883
2328,5,0.6142
2329,2,0.6456
233,3,0.5569
2330,4,0.7889
2331,4,0.9733
2332,7,0.8409
2333,1,0.7737
2334,2,0.5894
2335,2,0.5436
2336,1,0.6977
2337,4,0.8161
2338,0,0.6744
2339,1,0.893
234,3,0.6798
2340,1,0.7304
2341,0,0.3177
2342,4,0.5783
2343,1,0.4548
2344,4,0.6018
2345,1,0.9551
2346,2,0.4535
2347,2,0.2731
2348,7,0.3997
2349,1,0.8425
235,4,0.4337
2350,1,0.5879
2351,3,0.4288
2352,1,0.7743
2353,1,0.2979
2354,1,0.8221
2355,0,0.3066
2356,2,0.6693
2357,1,0.3027
2358,3,0.4278
2359,6,0.5508
236,3,0.6803
2360,6,0.5742
2361,1,0.4161
2362,1,0.7432
2363,3,0.5303
2364,3,0.5434
2365,6,0.3997
2366,1,0.6423
2367,5,0.6678
2368,1,0.4126
2369,4,0.8231
237,4,0.827
2370,0,0.5106
2371,3,0.3138
2372,5,0.544
2373,6,0.7222
2374,3,0.4254
2375,4,0.8656
2376,6,0.5571
2377,7,0.5128
2378,5,0.8582
2379,6,0.3827
238,3,0.7558
2380,5,0.504
2381,0,0.5444
2382,5,0.7399
2383,3,0.4475
2384,7,0.3491
2385,3,0.4099
2386,0,0.6122
2387,1,0.6064
2388,6,0.5624
2389,4,0.6605
239,4,0.8652
2390,5,0.9839
2391,1,0.4034
2392,2,0.6116
2393,1,0.7092
2394,4,0.5802
2395,4,0.7433
2396,1,0.7094
2397,1,0.7489
2398,2,0.8511
2399,6,0.6334
24,4,0.7136
240,2,0.4958
2400,1,0.5627
2401,2,0.5663
2402,0,0.4023
2403,6,0.5125
2404,1,0.8011
2405,1,0.7032
2406,1,0.6015
2407,1,0.7895
2408,4,0.8597
2409,4,0.4344
241,0,0.7398
2410,1,0.5879
2411,1,0.5009
2412,2,0.4848
2413,5,0.7516
2414,2,0.4447
2415,4,0.9839
2416,6,0.5372
2417,3,0.385
2418,5,0.5624
2419,1,0.6961
242,3,0.5549
2420,5,0.6197
2421,3,0.7241
2422,2,0.3952
2423,7,0.5523
2424,5,0.5504
2425,2,0.7403
2426,0,0.4656
2427,1,0.7249
2428,1,0.5823
2429,1,0.8267
243,3,0.7248
2430,5,0.5373
2431,6,0.5143
2432,5,0.9078
2433,1,0.6094
2434,6,0.7551
2435,1,0.8371
2436,2,0.425
2437,5,0.5612
2438,1,0.709
2439,1,0.7418
244,6,0.3207
2440,5,0.7048
2441,4,0.8044
2442,6,0.4473
2443,1,0.3337
2444,1,0.6656
2445,1,0.413
2446,2,0.6768
2447,1,0.6483
2448,5,0.5738
2449,7,0.5094
245,4,0.7276
2450,1,0.4003
2451,1,0.5809
2452,2,0.349
2453,5,0.7484
2454,1,0.6892
2455,5,0.4342
2456,5,0.7682
2457,6,0.5525
2458,7,0.3799
2459,2,0.5772
246,2,0.7022
2460,7,0.4259
2461,6,0.5807
2462,1,0.4145
2463,6,0.7209
2464,1,0.5753
2465,1,0.5886
2466,1,0.7194
2467,3,0.7687
2468,1,0.7327
2469,3,0.4982
2470,1,0.479
2471,4,0.8342
2472,4,0.5683
2473,1,0.4552
2474,0,0.4587
2475,2,0.888
2476,5,0.736
2477,6,0.6329
2478,1,0.502
2479,7,0.4529
248,4,0.669
2480,3,0.4768
2481,1,0.4879
2482,3,0.3549
2483,1,0.6299
2484,7,0.3104
2485,5,0.8858
2486,1,0.7405
2487,0,0.2844
2488,1,0.8838
2489,5,0.9599
249,4,0.9301
2490,3,0.4732
2491,2,0.459
2492,4,0.6106
2493,7,0.3327
2494,7,0.687
2495,5,0.6924
2496,1,0.6285
2497,0,0.2645
2498,1,0.6456
2499,0,0.4182
25,2,0.5499
250,3,0.898
2500,3,0.7319
2501,6,0.546
2502,2,0.329
2503,5,0.9494
2504,6,0.6366
2505,1,0.5487
2506,1,0.6993
2507,6,0.7087
2508,7,0.6064
2509,0,0.6714
251,2,0.6097
2510,1,0.2827
2511,3,0.464
2512,1,0.5567
2513,6,0.5486
2514,2,0.7786
2515,6,0.4001
2516,6,0.3649
2517,6,0.454
2518,1,0.5803
2519,1,0.5142
252,2,0.7112
2520,0,0.5803
2521,3,0.5187
2522,4,0.5636
2523,3,0.846
2524,2,0.3517
2525,7,0.3018
2526,1,0.6325
2527,1,0.6099
2528,3,0.6862
2529,1,0.469
253,3,0.8928
2530,7,0.322
2531,1,0.6846
2532,1,0.9562
2533,4,0.9567
2534,5,0.3629
2535,1,0.7652
2536,3,0.6317
2537,5,0.8315
2538,1,0.8165
2539,2,0.8076
254,4,0.761
2540,1,0.5995
2541,7,0.6317
2542,6,0.5253
2543,7,0.362
2544,1,0.7718
2545,5,0.5949
2546,1,0.4598
2547,6,0.6013
2548,2,0.6311
2549,3,0.3562
255,4,0.5908
2550,6,0.507
2551,7,0.4857
2552,5,0.6471
2553,1,0.4435
2554,7,0.3934
2555,7,0.495
2556,1,0.5503
2557,1,0.5992
2558,3,0.3947
2559,1,0.3432
256,3,0.5803
2560,6,0.8067
2561,1,0.6367
2562,4,0.6238
2563,2,0.3927
2564,1,0.5047
2565,3,0.4737
2566,0,0.4017
2567,7,0.5088
2568,5,0.6916
2569,5,0.5364
257,3,0.4111
2570,2,0.6679
2571,0,0.4
2572,3,0.4313
2573,4,0.6282
2574,7,0.365
2575,1,0.374
2576,0,0.3849
2577,1,0.4966
2578,1,0.7237
2579,1,0.6937
258,4,0.8494
2580,6,0.5936
2581,2,0.6882
2582,2,0.455
2583,1,0.6983
2584,1,0.33
2585,1,0.609
2586,1,0.6411
2587,3,0.3953
2588,4,0.7486
2589,4,0.8523
259,3,0.9893
2590,1,0.5949
2591,1,0.3247
2592,5,0.4421
2593,1,0.7701
2594,6,0.7829
2595,1,0.5743
2596,6,0.5733
2597,5,0.8987
2598,6,0.5021
2599,5,0.5358
26,3,0.9328
260,2,0.5305
2600,6,0.7137
2601,0,0.5994
2602,1,0.6372
2603,1,0.7772
2604,2,0.6027
2605,1,0.7076
2606,1,0.6331
2607,7,0.4007
2608,3,0.5713
2609,1,0.6266
261,3,0.4535
2610,1,0.6456
2611,2,0.493
2612,3,0.4936
2613,1,0.6835
2614,2,0.3084
2615,6,0.6646
2616,1,0.4679
2617,6,0.3834
2618,0,0.4352
2619,6,0.5396
262,4,0.3652
2620,2,0.5108
2621,5,0.4945
2622,0,0.7053
2623,5,0.4568
2624,7,0.5417
2625,3,0.3745
2626,1,0.5637
2627,1,0.3962
2628,6,0.8863
2629,1,0.4939
263,3,0.7304
2630,1,0.5022
2631,3,0.4255
2632,1,0.6469
2633,5,0.856
2634,5,0.6419
2635,3,0.5026
2636,1,0.7891
2637,6,0.3571
2638,0,0.7624
2639,1,0.6299
264,2,0.7346
2640,0,0.561
2641,0,0.5557
2642,0,0.5309
2643,4,0.453
2644,7,0.3212
2645,1,0.8242
2646,0,0.401
2647,6,0.4457
2648,3,0.4129
2649,2,0.6323
265,3,0.7675
2650,3,0.5286
2651,1,0.5142
2652,0,0.5646
2653,2,0.4378
2654,0,0.3506
2655,6,0.7668
2656,1,0.45
2657,1,0.4922
2658,0,0.7294
2659,3,0.7772
266,2,0.4829
2660,7,0.6396
2661,1,0.9023
2662,7,0.3273
2663,0,0.4247
2664,7,0.5112
2665,6,0.4302
2666,3,0.442
2667,3,0.8301
2668,7,0.399
2669,1,0.7693
267,3,0.6125
2670,6,0.4633
2671,4,0.4058
2672,1,0.7118
2673,5,0.9619
2674,4,0.7019
2675,4,0.463
2676,1,0.4364
2677,1,0.5597
2678,1,0.4635
2679,1,0.8299
268,3,0.7047
2680,5,0.8949
2681,1,0.4713
2682,1,0.7891
2683,4,0.5371
2684,1,0.5039
2685,6,0.5957
2686,6,0.4447
2687,5,0.633
2688,5,0.3815
2689,0,0.2875
269,3,0.7125
2690,4,0.8832
2691,3,0.4857
2692,6,0.6753
2693,1,0.7348
2694,4,0.7762
2695,1,0.5211
2696,7,0.7339
2697,4,0.7316
2698,1,0.8069
2699,1,0.501
27,4,0.7552
270,2,0.6002
2700,6,0.5556
2701,6,0.5413
2702,1,0.4818
2703,4,0.771
2704,5,0.6067
2705,1,0.7466
2706,3,0.5951
2707,4,0.7326
2708,0,0.4291
2709,1,0.4637
2710,6,0.4849
2711,2,0.3861
2712,7,0.4539
2713,6,0.4315
2714,3,0.6534
2715,2,0.475
2716,4,0.6573
2717,6,0.5116
2718,1,0.7491
2719,1,0.7838
272,4,0.4919
2720,7,0.5335
2721,1,0.362
2722,6,0.7919
2723,5,0.5438
2724,6,0.4382
2725,1,0.6484
2726,6,0.7241
2727,5,0.874
2728,1,0.5157
2729,1,0.472
273,3,0.8172
2730,5,0.982
2731,4,0.6987
2732,0,0.5224
2733,1,0.5249
2734,5,0.9733
2735,0,0.6259
2736,2,0.359
2737,4,0.7929
2738,1,0.6623
2739,1,0.7428
274,1,0.4262
2740,1,0.8472
2741,1,0.5602
2742,3,0.4787
2743,6,0.3978
2744,2,0.4255
2745,7,0.5023
2746,0,0.5087
2747,2,0.2884
2748,0,0.4037
2749,5,0.3675
275,3,0.8713
2750,4,0.7145
2751,0,0.4708
2752,2,0.4122
2753,1,0.8158
2754,6,0.643
2755,5,0.3896
2756,6,0.5002
2757,6,0.5809
2758,0,0.5729
2759,6,0.5634
276,4,0.7232
2760,1,0.4494
2761,2,0.6243
2762,6,0.8897
2763,1,0.869
2764,7,0.4481
2765,2,0.3662
2766,1,0.3953
2767,5,0.7703
2768,1,0.6835
2769,4,0.388
277,3,0.5982
2770,7,0.5218
2771,6,0.6821
2772,0,0.6702
2773,2,0.504
2774,1,0.7967
2775,1,0.4694
2776,1,0.3115
2777,7,0.5903
2778,5,0.7269
2779,6,0.8301
2780,6,0.64
2781,2,0.4225
2782,4,0.7895
2783,1,0.3738
2784,7,0.4808
2785,5,0.4306
2786,5,0.7991
2787,3,0.6581
2788,1,0.8408
2789,1,0.4346
279,2,0.5797
2790,1,0.535
2791,7,0.3184
2792,1,0.5279
2793,6,0.6351
2794,1,0.4039
2795,1,0.4884
2796,0,0.7168
2797,6,0.356
2798,6,0.3693
2799,2,0.4799
28,7,0.348
280,6,0.4763
2800,6,0.4801
2801,1,0.3326
2802,2,0.4788
2803,4,0.6355
2804,1,0.6129
2805,7,0.5813
2806,5,0.332
2807,7,0.4597
2808,1,0.7126
2809,6,0.3375
281,3,0.882
2810,1,0.3747
2811,1,0.4664
2812,4,0.4996
2813,7,0.3623
2814,0,0.5983
2815,5,0.5231
2816,3,0.7256
2817,1,0.5413
2818,6,0.7103
2819,7,0.4808
282,2,0.4355
2820,1,0.6415
2821,1,0.599
2822,7,0.5971
2823,4,0.5488
2824,4,0.8058
2825,5,0.5526
2826,5,0.6909
2827,2,0.3018
2828,6,0.7996
2829,1,0.4596
283,3,0.3394
2830,7,0.4126
2831,1,0.3136
2832,0,0.7786
2833,1,0.7868
2834,5,0.9777
2835,1,0.4493
2836,2,0.4369
2837,0,0.4773
2838,0,0.398
2839,1,0.5679
284,3,0.4443
2840,4,0.6777
2841,1,0.3181
2842,5,0.5074
2843,1,0.7307
2844,1,0.7129
2845,4,0.7723
2846,1,0.5227
2847,0,0.4577
2848,1,0.3132
2849,2,0.3919
285,2,0.5466
2850,1,0.6918
2851,1,0.6185
2852,4,0.9748
2853,3,0.5946
2854,6,0.5366
2855,7,0.4644
2856,6,0.3532
2857,1,0.8551
2858,4,0.8106
2859,4,0.9036
286,3,0.4156
2860,1,0.8555
2861,1,0.4344
2862,1,0.7707
2863,6,0.5845
2864,4,0.7163
2865,6,0.5583
2866,0,0.3945
2867,2,0.5063
2868,7,0.3399
2869,6,0.3961
287,2,0.7345
2870,1,0.3989
2871,6,0.524
2872,3,0.3505
2873,4,0.7031
2874,2,0.5188
2875,7,0.6685
2876,2,0.3503
2877,5,0.6631
2878,1,0.6449
2879,1,0.5398
288,2,0.6275
2880,1,0.4962
2881,1,0.8168
2882,1,0.7531
2883,5,0.6965
2884,6,0.6688
2885,2,0.6329
2886,4,0.68
2887,1,0.6784
2888,4,0.6426
2889,4,0.6559
289,3,0.4667
2890,1,0.5272
2891,6,0.8604
2892,2,0.4927
2893,2,0.7621
2894,2,0.9356
2895,7,0.3527
2896,1,0.6144
2897,1,0.4898
2898,1,0.629
2899,6,0.5864
29,2,0.4442
290,3,0.6314
2900,7,0.3174
2901,2,0.6547
2902,1,0.7072
2903,1,0.9176
2904,7,0.3379
2905,1,0.6754
2906,1,0.727
2907,3,0.4769
2908,2,0.3456
2909,1,0.5211
291,3,0.6183
2910,5,0.7608
2911,1,0.3762
2912,2,0.5168
2913,1,0.5984
2914,6,0.3287
2915,3,0.657
2916,1,0.4974
2917,6,0.3112
2918,5,0.3526
2919,3,0.5842
292,5,0.4757
2920,1,0.3398
2921,0,0.6558
2922,3,0.3377
2923,4,0.7675
2924,6,0.4547
2925,1,0.7197
2926,0,0.4749
2927,2,0.4322
2928,1,0.5603
2929,1,0.7758
293,3,0.6579
2930,4,0.6043
2931,3,0.4262
2932,1,0.7988
2933,1,0.7602
2934,1,0.685
2935,1,0.9969
2936,2,0.4178
2937,0,0.4973
2938,6,0.574
2939,2,0.8428
294,3,0.4311
2940,1,0.3674
2941,1,0.4802
2942,6,0.682
2943,1,0.9019
2944,1,0.4562
2945,6,0.4306
2946,7,0.5634
2947,6,0.5923
2948,1,0.8204
2949,7,0.5127
295,3,0.8049
2950,4,0.3728
2951,5,0.9475
2952,1,0.6182
2953,1,0.782
2954,3,0.4684
2955,4,0.7491
2956,5,0.5615
2957,0,0.428
2958,7,0.415
2959,1,0.9937
296,2,0.6853
2960,1,0.448
2961,1,0.77
2962,2,0.3217
2963,1,0.7243
2964,0,0.4387
2965,1,0.779
2966,1,0.535
2967,4,0.4885
2968,5,0.6028
2969,1,0.5894
297,2,0.3831
2970,6,0.3918
2971,1,0.6511
2972,1,0.7713
2973,1,0.6632
2974,3,0.7081
2975,1,0.3025
2976,0,0.7047
2977,6,0.4258
2978,1,0.7313
2979,6,0.5608
298,3,0.7918
2980,6,0.5344
2981,0,0.3707
2982,1,0.5761
2983,1,0.3637
2984,6,0.4504
2985,7,0.5675
2986,4,0.7837
2987,5,0.4444
2988,1,0.524
2989,6,0.9389
299,2,0.9983
2990,5,0.7179
2991,6,0.5006
2992,1,0.6168
2993,5,0.6691
2994,1,0.7895
2995,2,0.521
2996,1,0.4082
2997,6,0.6226
2998,1,0.8086
2999,1,0.529
3,3,0.7716
30,3,0.3699
300,3,0.7334
3000,1,0.512
3001,1,0.6669
3002,5,0.5383
3003,1,0.71
3004,6,0.654
3005,6,0.5043
3006,4,0.4363
3007,1,0.4837
3008,1,0.4705
3009,2,0.5882
301,3,0.5639
3010,0,0.5955
3011,2,0.7538
3012,5,0.7667
3013,1,0.6062
3014,6,0.5093
3015,1,0.4678
3016,0,0.7656
3017,1,0.453
3018,2,0.5169
3019,1,0.7036
302,2,0.795
3020,3,0.6407
3021,0,0.4627
3022,7,0.369
3023,1,0.5143
3024,1,0.361
3025,1,0.8127
3026,7,0.3224
3027,1,0.4558
3028,4,0.6072
3029,1,0.7085
303,3,0.7522
3030,0,0.4567
3031,4,0.746
3032,1,0.5496
3033,1,0.7232
3034,1,0.3877
3035,0,0.5008
3036,7,0.3903
3037,0,0.4735
3038,1,0.3731
3039,6,0.4359
304,4,0.6321
3040,2,0.4629
3041,1,0.7871
3042,1,0.3417
3043,1,0.6904
3044,1,0.5097
3045,4,0.5356
3046,1,0.7636
3047,1,0.7262
3048,0,0.5778
3049,6,0.6489
3050,4,0.3277
3051,1,0.4356
3052,5,0.9987
3053,5,0.7846
3054,0,0.9195
3055,2,0.4326
3056,1,0.5164
3057,1,0.6924
3058,1,0.6941
3059,1,0.7327
306,4,0.5034
3060,6,0.5333
3061,7,0.5919
3062,7,0.6268
3063,0,0.5727
3064,1,0.7164
3065,1,0.9103
3066,6,0.7694
3067,6,0.5486
3068,1,0.4962
3069,6,0.4773
307,2,0.6033
3070,4,0.7405
3071,5,0.4955
3072,1,0.6058
3073,1,0.5945
3074,1,0.7786
3075,1,0.8526
3076,0,0.4466
3077,3,0.3249
3078,0,0.5965
3079,5,0.6634
308,3,0.7356
3080,1,0.6313
3081,0,0.3812
3082,5,0.5662
3083,0,0.4807
3084,1,0.8097
3085,0,0.7971
3086,6,0.5359
3087,5,0.6119
3088,1,0.4002
3089,7,0.4308
309,4,0.5693
3090,7,0.4429
3091,5,0.3176
3092,5,0.8223
3093,2,0.3512
3094,5,0.4387
3095,7,0.3717
3096,2,0.4753
3097,5,0.3124
3098,5,0.9431
3099,1,0.4917
31,4,0.7758
310,6,0.6073
3100,1,0.4169
3101,3,0.6467
3102,4,0.5302
3103,6,0.7224
3104,6,0.7092
3105,7,0.492
3106,4,0.7622
3107,6,0.5204
3108,1,0.9408
3109,0,0.6814
311,2,0.8966
3110,1,0.8481
3111,7,0.3804
3112,0,0.6957
3113,1,0.9685
3114,2,0.8009
3115,1,0.5694
3116,6,0.6435
3117,1,0.7005
3118,1,0.9494
3119,1,0.6738
312,3,0.5501
3120,1,0.8554
3121,6,0.6012
3122,2,0.3852
3123,4,0.7934
3124,1,0.446
3125,1,0.4072
3126,0,0.7012
3127,0,0.4305
3128,1,0.5936
3129,3,0.7436
313,4,0.3391
3130,6,0.5833
3131,0,0.5617
3132,6,0.74
3133,7,0.5555
3134,6,0.2734
3135,1,0.5609
3136,1,0.614
3137,1,0.6066
3138,1,0.5792
3139,3,0.5927
314,6,0.4467
3140,4,0.6262
3141,7,0.699
3142,5,0.9187
3143,6,0.5895
3144,6,0.5368
3145,1,0.5577
3146,0,0.6328
3147,1,0.8663
3148,1,0.5069
3149,1,0.9762
315,3,0.6551
3150,3,0.3358
3151,5,0.4711
3152,1,0.421
3153,1,0.4073
3154,5,0.4989
3155,1,0.7424
3156,7,0.4569
3157,2,0.3167
3158,1,0.4927
3159,2,0.3542
316,4,0.6793
3160,7,0.4943
3161,4,0.8838
3162,1,0.6285
3163,5,0.9672
3164,1,0.8206
3165,7,0.522
3166,1,0.8429
3167,1,0.78
3168,4,0.5214
3169,7,0.534
317,2,0.4046
3170,1,0.5023
3171,1,0.45
3172,7,0.3921
3173,7,0.3777
3174,4,0.5828
3175,1,0.4226
3176,6,0.5799
3177,1,0.615
3178,5,0.8598
3179,6,0.6021
318,3,0.9889
3180,6,0.5256
3181,1,0.5537
3182,6,0.5516
3183,6,0.4114
3184,2,0.3895
3185,1,0.9678
3186,1,0.7181
3187,6,0.7317
3188,6,0.4815
3189,1,0.7032
319,2,0.4493
3190,1,0.5243
3191,6,0.7977
3192,3,0.4959
3193,1,0.7014
3194,6,0.585
3195,1,0.2967
3196,3,0.508
3197,5,0.7758
3198,1,0.7395
3199,7,0.6475
32,4,0.809
320,3,0.4785
3200,1,0.5292
3201,1,0.6317
3202,6,0.6955
3203,1,0.7072
3204,4,0.4541
3205,7,0.419
3206,0,0.5084
3207,7,0.5173
3208,7,0.3907
3209,6,0.3465
321,5,0.4016
3210,0,0.5763
3211,1,0.4817
3212,1,0.4986
3213,3,0.7705
3214,7,0.6138
3215,1,0.5224
3216,1,0.3489
3217,0,0.8194
3218,6,0.3552
3219,7,0.5795
322,2,0.7685
3220,2,0.6066
3221,2,0.9708
3222,1,0.4112
3223,1,0.7666
3224,2,0.4187
3225,6,0.5714
3226,0,0.3525
3227,1,0.4648
3228,3,0.604
3229,4,0.4128
323,3,0.7606
3230,6,0.7968
3231,1,0.4274
3232,7,0.4939
3233,5,0.6776
3234,6,0.5986
3235,1,0.5078
3236,2,0.4606
3237,2,0.4719
3238,1,0.9066
3239,6,0.6625
324,2,0.4245
3240,1,0.4734
3241,6,0.4653
3242,2,0.3552
3243,1,0.6913
3244,2,0.5356
3245,6,0.5033
3246,1,0.6237
3247,1,0.7218
3248,1,0.7868
3249,5,0.8015
325,3,0.7682
3250,5,0.72
3251,5,0.4997
3252,1,0.6935
3253,5,0.8019
3254,0,0.734
3255,1,0.6102
3256,4,0.4156
3257,6,0.4298
3258,5,0.7994
3259,7,0.7782
326,4,0.8477
3260,1,0.9616
3261,4,0.4833
3262,6,0.353
3263,3,0.4546
3264,7,0.5955
3265,3,0.4627
3266,1,0.6283
3267,7,0.4199
3268,0,0.5523
3269,6,0.5124
327,5,0.5357
3270,1,0.775
3271,0,0.7357
3272,3,0.5947
3273,2,0.5266
3274,1,0.7121
3275,1,0.7402
3276,1,0.8721
3277,1,0.6819
3278,0,0.6201
3279,0,0.5103
328,3,0.8468
3280,6,0.6748
3281,3,0.5118
3282,1,0.8729
3283,1,0.5605
3284,1,0.7101
3285,1,0.5671
3286,1,0.7256
3287,0,0.3931
3288,1,0.9712
3289,7,0.4878
329,0,0.6218
3290,5,0.8217
3291,5,0.7657
3292,1,0.4147
3293,5,0.8659
3294,1,0.7558
3295,1,0.8083
3296,1,0.7934
3297,5,0.4297
3298,1,0.5649
3299,4,0.398
33,5,0.6486
330,3,0.9142
3300,4,0.3566
3301,7,0.5818
3302,1,0.5568
3303,1,0.6331
3304,0,0.5995
3305,1,0.6522
3306,5,0.9596
3307,1,0.386
3308,1,0.8419
3309,1,0.7037
331,4,0.2581
3310,1,0.7284
3311,5,0.5717
3312,1,0.5858
3313,2,0.6341
3314,1,0.3121
3315,1,0.3544
3316,4,0.8991
3317,1,0.4581
3318,5,0.8822
3319,6,0.718
332,1,0.4704
3320,2,0.399
3321,1,0.769
3322,2,0.3206
3323,6,0.5008
3324,3,0.3842
3325,1,0.6599
3326,7,0.4074
3327,3,0.4639
3328,1,0.8461
3329,5,0.9036
333,2,0.8835
3330,1,0.5704
3331,5,0.6861
3332,3,0.5535
3333,5,0.8313
3334,2,0.904
3335,1,0.5176
3336,1,0.587
3337,3,0.5589
3338,6,0.402
3339,6,0.8164
334,4,0.6646
3340,1,0.6352
3341,7,0.3746
3342,1,0.9686
3343,1,0.5122
3344,1,0.5568
3345,1,0.8246
3346,1,0.7801
3347,5,0.8074
3348,1,0.7656
3349,4,0.8082
335,3,0.3515
3350,5,0.6335
3351,1,0.8895
3352,6,0.7955
3353,1,0.7337
3354,1,0.9347
3355,5,0.5265
3356,6,0.491
3357,1,0.5727
3358,6,0.4784
3359,7,0.3769
336,2,0.5986
3360,7,0.5484
3361,1,0.8537
3362,1,0.7642
3363,0,0.5986
3364,4,0.8573
3365,1,0.455
3366,2,0.3245
3367,0,0.3843
3368,1,0.5331
3369,7,0.5442
337,5,0.6861
3370,7,0.4917
3371,5,0.7539
3372,6,0.5592
3373,6,0.6968
3374,1,0.8193
3375,1,0.7366
3376,1,0.6457
3377,7,0.6211
3378,2,0.6361
3379,1,0.5829
338,3,0.5272
3380,1,0.7132
3381,1,0.7616
3382,2,0.4691
3383,6,0.277
3384,1,0.6478
3385,1,0.5657
3386,5,0.4713
3387,1,0.6268
3388,1,0.8337
3389,0,0.5465
339,4,0.6323
3390,1,0.6264
3391,4,0.3103
3392,6,0.8442
3393,1,0.434
3394,4,0.8572
3395,1,0.5638
3396,6,0.4866
3397,1,0.4411
3398,1,0.605
3399,1,0.6186
34,2,0.5333
340,3,0.8472
3400,6,0.9518
3401,5,0.9985
3402,1,0.7905
3403,5,0.385
3404,1,0.4361
3405,3,0.417
3406,3,0.4766
3407,7,0.5183
3408,4,0.4942
3409,6,0.4689
341,3,0.9377
3410,1,0.825
3411,5,0.6448
3412,1,0.4586
3413,1,0.7917
3414,1,0.9216
3415,1,0.6516
3416,1,0.4526
3417,1,0.9796
3418,6,0.6056
3419,4,0.4242
342,4,0.6772
3420,1,0.5691
3421,2,0.4795
3422,6,0.5395
3423,5,0.509
3424,6,0.4487
3425,1,0.6843
3426,1,0.785
3427,1,0.5889
3428,1,0.5749
3429,7,0.3691
343,2,0.3572
3430,0,0.3663
3431,6,0.7285
3432,6,0.8069
3433,6,0.5822
3434,7,0.7384
3435,0,0.5477
3436,6,0.6302
3437,6,0.4967
3438,1,0.6219
3439,4,0.5129
344,3,0.4901
3440,1,0.7392
3441,1,0.3687
3442,6,0.5372
3443,3,0.6192
3444,1,0.9364
3445,5,0.5425
3446,1,0.3594
3447,6,0.8609
3448,0,0.501
3449,3,0.6136
3450,0,0.4993
3451,1,0.4117
3452,5,0.8747
3453,3,0.6338
3454,1,0.756
3455,1,0.9408
3456,7,0.7459
3457,6,0.6973
3458,2,0.9177
3459,5,0.8473
346,2,0.544
3460,6,0.6312
3461,1,0.5767
3462,1,0.697
3463,1,0.6304
3464,0,0.4769
3465,7,0.526
3466,6,0.6421
3467,4,0.4635
3468,2,0.4894
3469,1,0.6367
347,4,0.8644
3470,6,0.3603
3471,6,0.9059
3472,0,0.7222
3473,6,0.5896
3474,7,0.382
3475,1,0.5737
3476,3,0.4218
3477,1,0.6248
3478,6,0.5103
3479,1,0.6958
348,3,0.6374
3480,6,0.4936
3481,2,0.7282
3482,3,0.4478
3483,0,0.4678
3484,6,0.849
3485,1,0.4891
3486,6,0.4726
3487,6,0.6062
3488,1,0.6637
3489,1,0.5865
349,3,0.5924
3490,1,0.7928
3491,1,0.8674
3492,1,0.5439
3493,0,0.693
3494,4,0.3823
3495,1,0.4706
3496,1,0.5344
3497,1,0.7005
3498,1,0.5534
3499,6,0.673
35,3,0.5548
350,2,0.6433
3500,1,0.7222
3501,5,0.7177
3502,1,0.7597
3503,5,0.4052
3504,5,0.8188
3505,7,0.4643
3506,0,0.6903
3507,7,0.5106
3508,5,0.423
3509,2,0.3817
351,2,0.5679
3510,6,0.6386
3511,5,0.3523
3512,1,0.7453
3513,4,0.537
3514,1,0.4209
3515,1,0.6848
3516,2,0.4075
3517,4,0.4928
3518,1,0.6784
3519,7,0.4249
352,3,0.4661
3520,6,0.7178
3521,2,0.5395
3522,1,0.5479
3523,5,0.8736
3524,3,0.4458
3525,1,0.5205
3526,6,0.9062
3527,3,0.4518
3528,2,0.574
3529,7,0.4548
353,4,0.8324
3530,2,0.6188
3531,2,0.4552
3532,1,0.862
3533,0,0.6582
3534,1,0.4676
3535,4,0.3068
3536,1,0.4959
3537,1,0.7993
3538,1,0.331
3539,1,0.5555
354,4,0.6002
3540,0,0.6929
3541,0,0.5605
3542,1,0.3115
3543,6,0.4225
3544,6,0.5301
3545,5,0.6358
3546,1,0.6033
3547,5,0.4944
3548,1,0.5608
3549,1,0.6021
355,3,0.4663
3550,1,0.568
3551,1,0.8
3552,1,0.5006
3553,1,0.7317
3554,6,0.4062
3555,4,0.4385
3556,1,0.589
3557,5,0.7747
3558,1,0.2891
3559,1,0.5221
356,2,0.6174
3560,7,0.5088
3561,6,0.6706
3562,1,0.6093
3563,7,0.427
3564,1,0.6086
3565,0,0.8101
3566,6,0.4852
3567,0,0.3792
3568,1,0.8625
3569,5,0.7368
357,3,0.469
3570,4,0.9842
3571,1,0.5977
3572,6,0.5621
3573,3,0.5468
3574,1,0.4132
3575,6,0.7685
3576,0,0.5455
3577,7,0.3384
3578,1,0.6721
3579,7,0.7127
358,3,0.9891
3580,5,0.9648
3581,3,0.4271
3582,2,0.4221
3583,3,0.7477
3584,1,0.8038
3585,6,0.6895
3586,6,0.5245
3587,7,0.6619
3588,7,0.4701
3589,5,0.7035
359,3,0.9599
3590,1,0.7585
3591,1,0.5916
3592,1,0.5996
3593,1,0.5745
3594,1,0.7981
3595,1,0.4757
3596,6,0.8431
3597,1,0.5532
3598,1,0.3813
3599,1,0.731
36,4,0.4636
360,3,0.9277
3600,5,0.7787
3601,7,0.4412
3602,1,0.3536
3603,1,0.5635
3604,1,0.4774
3605,5,0.4791
3606,4,0.505
3607,7,0.4501
3608,1,0.4808
3609,7,0.4283
361,7,0.2889
3610,4,0.7617
3611,6,0.6903
3612,6,0.5112
3613,1,0.9395
3614,6,0.6868
3615,5,0.5811
3616,1,0.5773
3617,1,0.5441
3618,1,0.5042
3619,4,0.4738
362,2,0.7336
3620,0,0.5032
3621,7,0.4936
3622,1,0.8066
3623,1,0.6426
3624,1,0.8415
3625,1,0.8244
3626,5,0.7924
3627,1,0.7635
3628,0,0.4399
3629,1,0.6832
363,3,0.6229
3630,1,0.8472
3631,2,0.6912
3632,6,0.4912
3633,6,0.3637
3634,5,0.9464
3635,6,0.7347
3636,4,0.4676
3637,1,0.4314
3638,1,0.9695
3639,6,0.5071
364,4,0.7271
3640,5,0.4494
3641,7,0.3855
3642,1,0.2957
3643,7,0.5022
3644,7,0.4826
3645,2,0.6258
3646,6,0.8404
3647,0,0.6186
3648,1,0.7681
3649,6,0.5664
365,5,0.7264
3650,0,0.3051
3651,2,0.4953
3652,1,0.4924
3653,7,0.4473
3654,3,0.4242
3655,0,0.6376
3656,4,0.5596
3657,1,0.8328
3658,6,0.4179
3659,7,0.4266
366,2,0.9577
3660,7,0.326
3661,6,0.8578
3662,1,0.8039
3663,7,0.6565
3664,6,0.8703
3665,2,0.5451
3666,1,0.6948
3667,3,0.3808
3668,7,0.3347
3669,1,0.6529
367,4,0.6836
3670,5,0.852
3671,7,0.4525
3672,2,0.3797
3673,1,0.7576
3674,3,0.4889
3675,6,0.5141
3676,1,0.8555
3677,6,0.7245
3678,1,0.7793
3679,1,0.5712
368,4,0.6467
3680,0,0.528
3681,6,0.6664
3682,1,0.8492
3683,5,0.8381
3684,6,0.735
3685,1,0.6217
3686,6,0.4205
3687,1,0.7238
3688,1,0.5258
3689,6,0.7922
369,3,0.7303
3690,1,0.7776
3691,0,0.6125
3692,6,0.5867
3693,1,0.5336
3694,1,0.3077
3695,4,0.5586
3696,1,0.4092
3697,6,0.8325
3698,6,0.8852
3699,1,0.8016
37,4,0.4979
370,3,0.7605
3700,1,0.6841
3701,0,0.5512
3702,6,0.54
3703,6,0.4886
3704,6,0.8255
3705,1,0.4538
3706,1,0.5464
3707,6,0.6009
3708,1,0.4483
3709,6,0.6234
371,4,0.9029
3710,1,0.4194
3711,2,0.4806
3712,1,0.354
3713,5,0.8794
3714,1,0.2933
3715,0,0.6726
3716,1,0.4404
3717,1,0.6352
3718,0,0.8309
3719,5,0.4684
372,3,0.9653
3720,7,0.4448
3721,1,0.779
3722,5,0.4976
3723,1,0.5976
3724,1,0.5441
3725,1,0.4354
3726,2,0.9784
3727,7,0.5929
3728,0,0.5892
3729,0,0.6596
373,3,0.6009
3730,3,0.4113
3731,7,0.4422
3732,0,0.3227
3733,4,0.6164
3734,6,0.4185
3735,7,0.4076
3736,6,0.6635
3737,1,0.8974
3738,1,0.7327
3739,1,0.4546
374,4,0.4884
3740,1,0.3712
3741,6,0.6772
3742,1,0.6378
3743,1,0.6049
3744,4,0.5216
3745,1,0.7793
3746,1,0.4775
3747,7,0.4496
3748,7,0.3663
3749,1,0.3248
375,2,0.8198
3750,1,0.8899
3751,1,0.4478
3752,1,0.6504
3753,6,0.6509
3754,1,0.7919
3755,5,0.5179
3756,6,0.4554
3757,2,0.3687
3758,1,0.7715
3759,0,0.6747
376,4,0.5784
3760,3,0.4773
3761,5,0.5373
3762,6,0.4465
3763,1,0.4921
3764,2,0.3848
3765,6,0.9281
3766,0,0.8616
3767,5,0.4985
3768,1,0.7117
3769,1,0.5295
377,4,0.379
3770,1,0.4808
3771,7,0.5205
3772,4,0.6743
3773,1,0.3808
3774,2,0.7167
3775,1,0.5581
3776,7,0.6269
3777,6,0.9979
3778,1,0.8416
3779,1,0.6029
378,0,0.5859
3780,5,0.7851
3781,5,0.5919
3782,2,0.4142
3783,1,0.4311
3784,6,0.8764
3785,2,0.7191
3786,1,0.6645
3787,5,0.3812
3788,1,0.4656
3789,0,0.5385
379,2,0.5654
3790,0,0.7138
3791,6,0.3907
3792,1,0.3581
3793,6,0.8853
3794,2,0.6977
3795,5,0.6464
3796,1,0.715
3797,2,0.3693
3798,0,0.7068
3799,6,0.443
38,4,0.7479
380,7,0.6251
3800,1,0.8238
3801,1,0.4042
3802,3,0.546
3803,1,0.5127
3804,3,0.3792
3805,1,0.5958
3806,1,0.948
3807,3,0.5848
3808,0,0.7592
3809,5,0.5623
381,3,0.9979
3810,1,0.6223
3811,6,0.4839
3812,1,0.625
3813,1,0.5775
3814,5,0.8915
3815,1,0.6012
3816,3,0.4532
3817,6,0.9454
3818,1,0.5541
3819,1,0.6367
382,6,0.2881
3820,0,0.6114
3821,1,0.7648
3822,6,0.5465
3823,1,0.8997
3824,6,0.4798
3825,5,0.7637
3826,6,0.7931
3827,1,0.8847
3828,7,0.636
3829,1,0.4782
383,3,0.5368
3830,1,0.6873
3831,2,0.4198
3832,5,0.5292
3833,1,0.6154
3834,2,0.526
3835,1,0.982
3836,1,0.552
3837,6,0.2809
3838,1,0.7322
3839,1,0.5341
384,4,0.5306
3840,1,0.457
3841,4,0.7805
3842,6,0.361
3843,1,0.7032
3844,1,0.6302
3845,3,0.5445
3846,1,0.8909
3847,6,0.7344
3848,1,0.4653
3849,7,0.48
385,5,0.4385
3850,1,0.5433
3851,1,0.4025
3852,6,0.5585
3853,1,0.8882
3854,1,0.8674
3855,1,0.6558
3856,1,0.7522
3857,5,0.8215
3858,1,0.7914
3859,5,0.6906
386,3,0.5357
3860,0,0.4544
3861,0,0.3493
3862,1,0.5171
3863,1,0.5052
3864,1,0.6364
3865,1,0.5074
3866,6,0.6147
3867,1,0.7864
3868,0,0.4832
3869,1,0.4934
387,3,0.5003
3870,7,0.5322
3871,5,0.4681
3872,0,0.6784
3873,1,0.4639
3874,0,0.5298
3875,6,0.6656
3876,1,0.7679
3877,5,0.8021
3878,6,0.7923
3879,1,0.4353
388,5,0.8217
3880,6,0.4744
3881,1,0.4754
3882,6,0.7994
3883,5,0.8514
3884,1,0.6176
3885,0,0.4206
3886,7,0.3875
3887,0,0.4514
3888,6,0.4319
3889,6,0.5152
389,3,0.3763
3890,6,0.7249
3891,1,0.6605
3892,1,0.6038
3893,1,0.4129
3894,6,0.7027
3895,0,0.5728
3896,5,0.5163
3897,1,0.5417
3898,5,0.6233
3899,1,0.7941
39,3,0.4492
390,3,0.8847
3900,4,0.605
3901,6,0.5911
3902,1,0.7842
3903,5,0.7294
3904,6,0.9494
3905,7,0.5475
3906,1,0.7459
3907,6,0.4536
3908,1,0.8364
3909,0,0.5119
391,3,0.5978
3910,2,0.6819
3911,1,0.4384
3912,7,0.334
3913,1,0.6261
3914,2,0.3838
3915,3,0.336
3916,1,0.9364
3917,4,0.8537
3918,5,0.561
3919,1,0.8385
392,3,0.597
3920,1,0.8059
3921,1,0.6603
3922,5,0.8048
3923,1,0.4355
3924,1,0.6589
3925,3,0.4945
3926,1,0.5118
3927,5,0.6473
3928,6,0.5243
3929,0,0.5084
393,5,0.6137
3930,6,0.3761
3931,6,0.528
3932,6,0.4501
3933,6,0.7858
3934,1,0.8381
3935,1,0.5812
3936,6,0.7773
3937,7,0.4033
3938,1,0.6912
3939,4,0.471
394,3,0.7905
3940,1,0.5818
3941,1,0.3942
3942,1,0.6876
3943,7,0.5517
3944,1,0.7965
3945,1,0.4458
3946,3,0.5743
3947,1,0.9127
3948,2,0.6167
3949,1,0.613
395,3,0.5914
3950,4,0.8884
3951,3,0.4963
3952,5,0.5897
3953,0,0.3668
3954,6,0.6543
3955,0,0.3635
3956,1,0.8912
3957,1,0.5549
3958,6,0.791
3959,1,0.7722
396,0,0.3331
3960,1,0.6092
3961,1,0.4132
3962,5,0.7343
3963,1,0.6614
3964,5,0.8107
3965,6,0.6171
3966,1,0.8136
3967,4,0.5425
3968,0,0.726
3969,1,0.3659
397,3,0.6581
3970,4,0.6756
3971,5,0.6719
3972,6,0.5456
3973,6,0.7005
3974,6,0.8543
3975,3,0.4424
3976,1,0.6799
3977,5,0.7312
3978,1,0.9533
3979,1,0.544
398,6,0.3822
3980,2,0.4597
3981,1,0.7152
3982,2,0.7234
3983,4,0.5135
3984,6,0.9856
3985,6,0.4763
3986,1,0.4709
3987,5,0.7702
3988,1,0.5088
3989,7,0.4667
399,4,0.4058
3990,1,0.7879
3991,1,0.9856
3992,5,0.8306
3993,1,0.4746
3994,6,0.6426
3995,4,0.9176
3996,1,0.6736
3997,6,0.4987
3998,6,0.5102
3999,1,0.7248
4,6,0.5615
40,4,0.7678
400,3,0.6887
4000,6,0.7539
4001,1,0.4157
4002,1,0.8364
4003,0,0.7028
4004,1,0.4377
4005,6,0.9504
4006,6,0.6764
4007,0,0.7207
4008,0,0.7694
4009,1,0.7423
401,3,0.6824
4010,1,0.7005
4011,1,0.7065
4012,0,0.5271
4013,5,0.5996
4014,1,0.7813
4015,6,0.9769
4016,2,0.5474
4017,6,0.547
4018,7,0.3639
4019,1,0.8741
402,5,0.4027
4020,2,0.5724
4021,6,0.6648
4022,3,0.4706
4023,1,0.7648
4024,1,0.8282
4025,5,0.4466
4026,6,0.836
4027,1,0.5014
4028,6,0.6325
4029,4,0.4201
403,3,0.6495
4030,0,0.838
4031,5,0.8503
4032,6,0.6695
4033,1,0.4761
4034,1,0.5011
4035,1,0.4481
4036,1,0.8529
4037,1,0.7197
4038,1,0.5746
4039,6,0.5776
404,4,0.4435
4040,1,0.7667
4041,1,0.4657
4042,1,0.7284
4043,0,0.5321
4044,1,0.472
4045,1,0.4382
4046,6,0.6397
4047,1,0.4191
4048,5,0.9552
4049,0,0.4892
405,7,0.5374
4050,2,0.3941
4051,2,0.8538
4052,5,0.8893
4053,1,0.5041
4054,6,0.2149
4055,6,0.6663
4056,3,0.7234
4057,1,0.3647
4058,2,0.456
4059,7,0.4622
406,3,0.7421
4060,0,0.3216
4061,0,0.698
4062,6,0.68
4063,1,0.5804
4064,0,0.4132
4065,2,0.4985
4066,2,0.8604
4067,3,0.5122
4068,1,0.6012
4069,3,0.4917
407,3,0.5896
4070,4,0.5904
4071,1,0.6156
4072,1,0.7561
4073,1,0.416
4074,7,0.4799
4075,1,0.4392
4076,2,0.5307
4077,6,0.8004
4078,1,0.4997
4079,6,0.3354
408,3,0.6232
4080,2,0.37
4081,1,0.4428
4082,1,0.8418
4083,5,0.6328
4084,6,0.7463
4085,7,0.495
4086,5,0.5215
4087,1,0.7018
4088,1,0.515
4089,0,0.4657
4090,5,0.8323
4091,7,0.3867
4092,0,0.5541
4093,6,0.3624
4094,1,0.6505
4095,1,0.5229
4096,6,0.7695
4097,2,0.553
4098,1,0.6187
4099,6,0.8336
41,2,0.5631
410,3,0.8503
4100,7,0.6807
4101,1,0.6251
4102,6,0.7237
4103,1,0.4644
4104,0,0.7028
4105,0,0.5352
4106,1,0.5636
4107,1,0.7829
4108,1,0.6939
4109,7,0.3154
411,3,0.6214
4110,6,0.8905
4111,6,0.6884
4112,7,0.4877
4113,1,0.6783
4114,1,0.9482
4115,1,0.5053
4116,5,0.4161
4117,5,0.7197
4118,0,0.5315
4119,1,0.5615
412,3,0.3767
4120,0,0.4991
4121,7,0.397
4122,1,0.5107
4123,5,0.8275
4124,6,0.8024
4125,6,0.7796
4126,1,0.5518
4127,4,0.4058
4128,1,0.6179
4129,7,0.4317
413,4,0.6341
4130,2,0.7437
4131,6,0.6109
4132,2,0.4968
4133,0,0.7914
4134,1,0.5126
4135,1,0.7327
4136,0,0.8379
4137,6,0.7707
4138,0,0.5041
4139,7,0.5315
414,4,0.4291
4140,1,0.4378
4141,7,0.5833
4142,5,0.6259
4143,0,0.7679
4144,6,0.7467
4145,6,0.2613
4146,5,0.9107
4147,0,0.841
4148,0,0.3222
4149,0,0.5811
415,2,0.4277
4150,1,0.611
4151,1,0.7618
4152,1,0.8556
4153,1,0.7415
4154,1,0.6229
4155,4,0.7157
4156,1,0.9121
4157,6,0.2687
4158,0,0.4003
4159,6,0.4628
416,3,0.5348
4160,5,0.8325
4161,1,0.569
4162,7,0.4949
4163,6,0.7037
4164,6,0.6749
4165,1,0.6785
4166,5,0.5828
4167,2,0.2721
4168,6,0.5005
4169,3,0.4818
417,3,0.8142
4170,1,0.6661
4171,5,0.7805
4172,4,0.5026
4173,1,0.6555
4174,1,0.351
4175,1,0.5276
4176,1,0.7645
4177,0,0.406
4178,1,0.5478
4179,0,0.5661
418,4,0.5351
4180,5,0.9458
4181,5,0.6079
4182,5,0.5777
4183,1,0.4307
4184,1,0.6987
4185,1,0.5515
4186,6,0.2731
4187,7,0.468
4188,5,0.5213
4189,0,0.6612
419,3,0.702
4190,1,0.485
4191,5,0.8279
4192,6,0.6449
4193,1,0.3825
4194,1,0.7255
4195,1,0.5477
4196,6,0.9398
4197,3,0.4229
4198,6,0.8887
4199,5,0.4697
42,3,0.7285
420,3,0.3589
4200,6,0.8249
4201,0,0.5545
4202,1,0.5851
4203,1,0.4482
4204,3,0.5855
4205,4,0.4549
4206,1,0.6493
4207,1,0.8866
4208,1,0.5162
4209,1,0.7406
421,4,0.5385
4210,1,0.8161
4211,1,0.7175
4212,3,0.4621
4213,1,0.4074
4214,4,0.7476
4215,1,0.3926
4216,6,0.7394
4217,5,0.4742
4218,6,0.595
4219,1,0.4362
422,4,0.519
4220,1,0.7752
4221,1,0.8794
4222,6,0.9923
4223,5,0.9935
4224,0,0.7139
4225,5,0.7605
4226,0,0.5306
4227,5,0.7192
4228,0,0.7413
4229,6,0.3821
423,3,0.5976
4230,1,0.8112
4231,6,0.797
4232,1,0.9406
4233,0,0.6034
4234,1,0.9148
4235,6,0.9448
4236,0,0.4837
4237,1,0.8819
4238,5,0.6688
4239,1,0.8038
424,4,0.5948
4240,5,0.7291
4241,1,0.8562
4242,1,0.7703
4243,5,0.5858
4244,6,0.5312
4245,5,0.4971
4246,6,0.5601
4247,6,0.5754
4248,6,0.678
4249,0,0.4451
425,3,0.365
4250,0,0.4653
4251,5,0.8375
4252,6,0.4113
4253,6,0.3122
4254,1,0.8331
4255,1,0.6144
4256,0,0.3837
4257,4,0.4524
4258,1,0.8777
4259,6,0.6072
426,4,0.9327
4260,1,0.5447
4261,6,0.6401
4262,5,0.6055
4263,1,0.8381
4264,5,0.8524
4265,6,0.644
4266,6,0.8574
4267,5,0.6327
4268,1,0.604
4269,7,0.6466
427,4,0.5691
4270,6,0.8865
4271,2,0.3558
4272,6,0.6161
4273,1,0.6164
4274,5,0.7002
4275,6,0.7481
4276,4,0.5614
4277,6,0.8732
4278,1,0.6759
4279,7,0.4488
428,5,0.5432
4280,3,0.3677
4281,1,0.7427
4282,6,0.5182
4283,1,0.8903
4284,2,0.4553
4285,1,0.7926
4286,1,0.7208
4287,1,0.671
4288,5,0.7718
4289,4,0.4539
429,3,0.7782
4290,1,0.5699
4291,1,0.7534
4292,6,0.6023
4293,0,0.6162
4294,1,0.5762
4295,1,0.7918
4296,0,0.6462
4297,5,0.6884
4298,6,0.5729
4299,1,0.677
430,3,0.6875
4300,5,0.8597
4301,1,0.5383
4302,5,0.7433
4303,6,0.6837
4304,5,0.4163
4305,1,0.7393
4306,1,0.663
4307,0,0.6299
4308,6,0.4441
4309,1,0.4335
431,3,0.9983
4310,1,0.6936
4311,1,0.5652
4312,1,0.6914
4313,1,0.6769
4314,3,0.523
4315,4,0.8002
4316,6,0.9713
4317,2,0.382
4318,2,0.5032
4319,0,0.6405
432,0,0.3559
4320,2,0.4315
4321,5,0.6993
4322,1,0.4992
4323,1,0.5095
4324,0,0.42
4325,1,0.5288
4326,6,0.5852
4327,4,0.7612
4328,6,0.5185
4329,3,0.6461
433,2,0.6167
4330,1,0.6203
4331,2,0.7679
4332,5,0.4826
4333,3,0.3934
4334,0,0.4813
4335,6,0.8026
4336,6,0.5345
4337,6,0.6574
4338,0,0.3408
4339,1,0.8531
434,3,0.4973
4340,1,0.4247
4341,1,0.7001
4342,6,0.5486
4343,1,0.5904
4344,1,0.6016
4345,1,0.6759
4346,1,0.4821
4347,0,0.5777
4348,1,0.4887
4349,6,0.8805
435,3,0.6675
4350,1,0.3811
4351,1,0.6016
4352,0,0.3858
4353,1,0.423
4354,0,0.4577
4355,4,0.7161
4356,7,0.5333
4357,1,0.8192
4358,1,0.6895
4359,6,0.6241
436,3,0.4678
4360,1,0.5957
4361,1,0.5461
4362,1,0.3501
4363,1,0.453
4364,2,0.4267
4365,1,0.8902
4366,5,0.7989
4367,5,0.9095
4368,0,0.4925
4369,7,0.64
437,2,0.423
4370,1,0.9014
4371,2,0.3725
4372,7,0.9355
4373,1,0.7083
4374,3,0.615
4375,6,0.3303
4376,6,0.551
4377,5,0.3958
4378,1,0.497
4379,3,0.5236
438,2,0.3404
4380,1,0.6381
4381,1,0.407
4382,5,0.3695
4383,4,0.662
4384,2,0.6405
4385,5,0.8164
4386,6,0.9082
4387,4,0.6568
4388,5,0.8133
4389,1,0.8312
439,3,0.3473
4390,6,0.6047
4391,1,0.7807
4392,1,0.7226
4393,2,0.4251
4394,1,0.745
4395,1,0.476
4396,1,0.5016
4397,1,0.7286
4398,6,0.721
4399,1,0.637
44,4,0.6767
440,3,0.6346
4400,6,0.5686
4401,4,0.4394
4402,6,0.9014
4403,1,0.4277
4404,2,0.4348
4405,1,0.8203
4406,1,0.5664
4407,1,0.9679
4408,1,0.5905
4409,0,0.4886
441,3,0.7083
4410,5,0.5087
4411,2,0.4289
4412,6,0.8995
4413,6,0.8582
4414,1,0.7308
4415,5,0.9509
4416,4,0.4703
4417,5,0.8719
4418,0,0.7518
4419,6,0.5213
442,3,0.5159
4420,5,0.6027
4421,6,0.465
4422,1,0.6856
4423,7,0.4742
4424,1,0.5036
4425,6,0.7018
4426,2,0.4522
4427,1,0.5434
4428,1,0.5569
4429,6,0.5565
443,3,0.7942
4430,1,0.7017
4431,1,0.5245
4432,6,0.9429
4433,1,0.6571
4434,6,0.917
4435,5,0.533
4436,1,0.5104
4437,5,0.435
4438,6,0.8412
4439,1,0.8507
444,4,0.906
4440,7,0.355
4441,0,0.5785
4442,7,0.7851
4443,1,0.5302
4444,1,0.4456
4445,7,0.4604
4446,5,0.4882
4447,0,0.7381
4448,1,0.7979
4449,5,0.6828
445,3,0.6202
4450,1,0.8641
4451,7,0.5216
4452,6,0.9586
4453,6,0.9646
4454,6,0.7582
4455,1,0.5488
4456,6,0.5103
4457,6,0.7122
4458,1,0.5966
4459,3,0.4752
446,2,0.5916
4460,0,0.5463
4461,0,0.8903
4462,6,0.8379
4463,1,0.8445
4464,1,0.7206
4465,5,0.5117
4466,7,0.369
4467,0,0.6128
4468,4,0.7909
4469,1,0.6654
447,3,0.569
4470,0,0.7194
4471,2,0.3782
4472,5,0.7891
4473,0,0.7516
4474,0,0.6053
4475,6,0.4469
4476,1,0.5815
4477,5,0.8481
4478,5,0.9078
4479,5,0.7677
448,4,0.4447
4480,1,0.4229
4481,0,0.7315
4482,6,0.5022
4483,1,0.5703
4484,1,0.3252
4485,5,0.6845
4486,6,0.8666
4487,5,0.5598
4488,6,0.5568
4489,2,0.7792
449,3,0.8368
4490,7,0.4303
4491,1,0.7587
4492,6,0.5897
4493,1,0.757
4494,1,0.6816
4495,1,0.7398
4496,1,0.7802
4497,0,0.5302
4498,6,0.5034
4499,1,0.5572
45,4,0.675
450,4,0.7051
4500,1,0.9643
4501,1,0.6883
4502,7,0.4192
4503,1,0.5916
4504,6,0.8302
4505,6,0.6745
4506,1,0.6645
4507,6,0.5703
4508,1,0.723
4509,6,0.6187
451,3,0.415
4510,1,0.7723
4511,1,0.6121
4512,1,0.8299
4513,7,0.5368
4514,5,0.6239
4515,7,0.4922
4516,1,0.3754
4517,1,0.765
4518,6,0.7301
4519,1,0.419
452,5,0.6128
4520,1,0.5237
4521,1,0.8006
4522,1,0.7401
4523,6,0.9589
4524,6,0.7668
4525,1,0.6975
4526,7,0.47
4527,6,0.3183
4528,1,0.519
4529,5,0.7822
453,4,0.8396
4530,1,0.8468
4531,1,0.4967
4532,7,0.3771
4533,3,0.5345
4534,1,0.9741
4535,1,0.8637
4536,1,0.729
4537,6,0.9091
4538,6,0.6428
4539,6,0.7346
454,3,0.365
4540,5,0.4164
4541,1,0.5167
4542,1,0.5102
4543,6,0.978
4544,3,0.4917
4545,5,0.6913
4546,1,0.5198
4547,5,0.3882
4548,1,0.6177
4549,1,0.458
455,4,0.8073
4550,6,0.8914
4551,5,0.7656
4552,1,0.5228
4553,1,0.8254
4554,1,0.6112
4555,1,0.4205
4556,5,0.5962
4557,5,0.4548
4558,6,0.7389
4559,1,0.6578
456,3,0.5573
4560,6,0.4713
4561,1,0.427
4562,0,0.8917
4563,5,0.812
4564,1,0.8936
4565,6,0.6625
4566,6,0.4253
4567,1,0.6815
4568,1,0.7632
4569,5,0.9372
457,3,0.6341
4570,0,0.5822
4571,6,0.4761
4572,1,0.8686
4573,1,0.9335
4574,6,0.8537
4575,1,0.5566
4576,6,0.4496
4577,1,0.354
4578,6,0.6438
4579,1,0.9244
458,3,0.7975
4580,5,0.4979
4581,1,0.689
4582,1,0.639
4583,1,0.6204
4584,1,0.8012
4585,4,0.7374
4586,1,0.6436
4587,1,0.4965
4588,6,0.7945
4589,1,0.922
459,3,0.5973
4590,0,0.5528
4591,1,0.6915
4592,6,0.3011
4593,4,0.5619
4594,5,0.2777
4595,4,0.8855
4596,6,0.7576
4597,1,0.7623
4598,1,0.8093
4599,5,0.5673
46,4,0.4214
460,4,0.5511
4600,6,0.4041
4601,6,0.911
4602,1,0.817
4603,6,0.7898
4604,1,0.4788
4605,1,0.5099
4606,1,0.8561
4607,1,0.6002
4608,7,0.4879
4609,1,0.6764
461,3,0.6329
4610,0,0.8294
4611,1,0.5088
4612,7,0.3616
4613,1,0.5611
4614,1,0.9877
4615,6,0.9145
4616,7,0.5102
4617,1,0.8791
4618,6,0.8153
4619,7,0.4422
462,0,0.4246
4620,7,0.4753
4621,1,0.5956
4622,6,0.4047
4623,1,0.9668
4624,1,0.7408
4625,6,0.4458
4626,6,0.6686
4627,1,0.8078
4628,3,0.5162
4629,0,0.3439
463,2,0.372
4630,6,0.6124
4631,7,0.5841
4632,6,0.6785
4633,6,0.8935
4634,1,0.8482
4635,1,0.6073
4636,1,0.672
4637,1,0.5843
4638,6,0.599
4639,1,0.5723
464,4,0.6503
4640,5,0.9887
4641,1,0.6869
4642,5,0.8204
4643,1,0.445
4644,1,0.7422
4645,6,0.953
4646,6,0.4336
4647,1,0.4593
4648,1,0.7865
4649,1,0.958
465,5,0.5206
4650,1,0.9949
4651,1,0.6501
4652,1,0.8717
4653,6,0.6302
4654,2,0.4485
4655,1,0.3773
4656,0,0.5364
4657,1,0.8642
4658,1,0.3874
4659,1,0.602
466,4,0.5922
4660,1,0.8019
4661,3,0.4196
4662,5,0.5484
4663,6,0.7332
4664,5,0.6757
4665,1,0.6005
4666,5,0.9283
4667,1,0.5797
4668,1,0.4165
4669,6,0.6483
467,3,0.7606
4670,7,0.4926
4671,1,0.4298
4672,0,0.3929
4673,1,0.8519
4674,6,0.7832
4675,1,0.5203
4676,1,0.5998
4677,1,0.9809
4678,1,0.7152
4679,5,0.5109
468,3,0.701
4680,0,0.7668
4681,4,0.4867
4682,1,0.6858
4683,0,0.6961
4684,1,0.6852
4685,6,0.6684
4686,0,0.6776
4687,0,0.3669
4688,0,0.5025
4689,6,0.7049
469,4,0.4088
4690,4,0.5816
4691,0,0.7752
4692,1,0.5364
4693,5,0.4535
4694,4,0.7048
4695,4,0.4006
4696,1,0.687
4697,6,0.6529
4698,4,0.7249
4699,6,0.9486
47,2,0.3013
470,3,0.5867
4700,1,0.5205
4701,1,0.4188
4702,1,0.7893
4703,2,0.8859
4704,0,0.8418
4705,1,0.6358
4706,0,0.4695
4707,1,0.602
4708,0,0.5244
4709,5,0.5934
471,4,0.6638
4710,6,0.3923
4711,1,0.424
4712,0,0.4773
4713,6,0.9845
4714,0,0.9078
4715,1,0.5963
4716,1,0.6002
4717,0,0.7332
4718,4,0.5779
4719,0,0.5302
472,2,0.6101
4720,6,0.4074
4721,5,0.5898
4722,1,0.5122
4723,1,0.8384
4724,3,0.4086
4725,1,0.7616
4726,6,0.7408
4727,1,0.6968
4728,6,0.5457
4729,6,0.68
473,3,0.5617
4730,0,0.7538
4731,1,0.7221
4732,1,0.4936
4733,1,0.7035
4734,1,0.4194
4735,1,0.6711
4736,1,0.5646
4737,5,0.7041
4738,4,0.8045
4739,6,0.5765
474,4,0.6479
4740,6,0.9106
4741,0,0.6663
4742,2,0.697
4743,1,0.725
4744,1,0.5313
4745,6,0.8084
4746,1,0.7447
4747,0,0.557
4748,1,0.5082
4749,0,0.6215
475,3,0.8497
4750,4,0.8937
4752,5,0.7047
4753,5,0.8597
4754,6,0.7442
4755,5,0.8948
4756,5,0.5365
4757,1,0.3981
4758,0,0.4736
4759,2,0.6077
476,3,0.8087
4760,0,0.4731
4761,7,0.5869
4762,5,0.8474
4763,1,0.5328
4764,6,0.5417
4765,6,0.6834
4766,1,0.8651
4767,5,0.7345
4768,1,0.9244
4769,0,0.7865
477,4,0.9789
4770,0,0.592
4771,2,0.2931
4772,1,0.4977
4773,0,0.7564
4774,0,0.8356
4775,3,0.6668
4776,2,0.564
4777,6,0.5356
4778,1,0.5066
4779,1,0.562
478,2,0.9986
4780,4,0.2647
4781,1,0.5465
4782,1,0.7573
4783,2,0.4316
4784,1,0.6992
4785,6,0.9689
4786,1,0.6312
4787,0,0.7015
4788,1,0.8292
4789,1,0.6338
479,4,0.8779
4790,1,0.8491
4791,6,0.3898
4792,0,0.5275
4793,1,0.4461
4794,0,0.6329
4795,1,0.7762
4796,2,0.5142
4797,6,0.9534
4798,1,0.8631
4799,0,0.6355
48,3,0.6633
480,3,0.8731
4800,5,0.9081
4801,6,0.52
4802,1,0.8265
4803,5,0.9044
4804,7,0.417
4805,5,0.5994
4806,1,0.6897
4807,6,0.638
4808,0,0.4189
4809,6,0.5438
481,3,0.8072
4810,6,0.5072
4811,1,0.4968
4812,5,0.7362
4813,2,0.4144
4814,2,0.6903
4815,1,0.504
4816,5,0.8504
4817,1,0.4159
4818,1,0.5612
4819,1,0.4513
482,3,0.5943
4820,6,0.7795
4821,1,0.3848
4822,1,0.8149
4823,6,0.9375
4824,0,0.7857
4825,1,0.6491
4826,1,0.6767
4827,0,0.5171
4828,1,0.553
4829,7,0.5311
483,2,0.625
4830,1,0.406
4831,0,0.372
4832,1,0.6193
4833,1,0.6643
4834,1,0.529
4835,1,0.4617
4836,1,0.3722
4837,1,0.8423
4838,3,0.4514
4839,1,0.9844
484,3,0.9202
4840,1,0.5285
4841,6,0.8452
4842,0,0.7379
4843,6,0.7184
4844,6,0.8037
4845,6,0.4925
4846,6,0.5035
4847,6,0.3488
4848,0,0.5424
4849,7,0.3723
485,3,0.4944
4850,1,0.6778
4851,1,0.8247
4852,6,0.5365
4853,1,0.8661
4854,5,0.689
4855,1,0.5889
4856,1,0.7006
4857,1,0.5824
4858,1,0.4895
4859,6,0.7014
486,2,0.5177
4860,6,0.5612
4861,1,0.5528
4862,6,0.6176
4863,6,0.9078
4864,6,0.4628
4865,6,0.9053
4866,6,0.9645
4867,1,0.3666
4868,6,0.8497
4869,6,0.636
487,4,0.3813
4870,1,0.6126
4871,4,0.4847
4872,4,0.5512
4873,1,0.5873
4874,4,0.3783
4875,4,0.3615
4876,1,0.3731
4877,1,0.4097
4878,0,0.3577
4879,1,0.6034
488,3,0.4942
4880,1,0.9687
4881,0,0.6518
4882,1,0.3492
4883,1,0.8662
4884,1,0.9834
4885,1,0.7945
4886,1,0.5998
4887,7,0.3636
4888,1,0.344
4889,1,0.5212
489,1,0.4051
4890,4,0.4634
4891,6,0.5658
4892,6,0.6075
4893,1,0.9545
4894,6,0.4881
4895,6,0.4876
4896,6,0.529
4897,1,0.4902
4898,1,0.5208
4899,1,0.5142
49,3,0.606
490,3,0.2951
4900,6,0.7787
4901,1,0.5398
4902,1,0.4293
4903,1,0.6688
4904,6,0.9239
4905,1,0.4945
4906,1,0.5649
4907,1,0.5081
4908,5,0.7154
4909,5,0.8414
491,4,0.4857
4910,5,0.8751
4911,7,0.4457
4912,5,0.7899
4913,1,0.9172
4914,1,0.4845
4915,1,0.5599
4916,1,0.5025
4917,5,0.6639
4918,5,0.7668
4919,5,0.8041
492,3,0.4024
4920,6,0.6618
4921,1,0.4522
4922,7,0.3357
4923,6,0.6884
4924,6,0.5151
4925,6,0.4179
4926,0,0.8199
4927,6,0.4638
4928,1,0.6423
4929,3,0.369
493,6,0.7293
4930,6,0.8278
4931,1,0.5031
4932,1,0.3284
4933,6,0.5392
4934,6,0.949
4935,6,0.7862
4936,6,0.9649
4937,6,0.8687
4938,6,0.792
4939,6,0.8612
494,6,0.6115
4940,6,0.9682
4941,6,0.9598
4942,6,0.7521
4943,6,0.5226
4944,1,0.5565
4945,6,0.8528
4946,1,0.4589
4947,6,0.3943
4948,6,0.6417
4949,1,0.7151
495,3,0.6166
4950,1,0.8169
4951,1,0.7017
4952,7,0.8227
4953,1,0.5086
4954,6,0.9303
4955,5,0.5837
4956,1,0.671
4957,1,0.3733
4958,1,0.5704
4959,1,0.7249
496,4,0.6904
4960,1,0.7117
4961,1,0.9385
4962,1,0.8034
4963,1,0.4557
4964,1,0.7403
4965,1,0.7897
4966,1,0.7584
4967,1,0.6292
4968,1,0.8892
4969,1,0.6818
4970,5,0.7933
4971,5,0.737
4972,5,0.7355
4973,5,0.7866
4974,5,0.8062
4975,5,0.893
4976,5,0.3335
4977,1,0.9506
4978,1,0.931
4979,1,0.5211
498,3,0.8958
4980,1,0.7674
4981,1,0.9292
4982,1,0.5608
4983,1,0.5449
4984,6,0.5411
4985,6,0.8158
4986,6,0.6971
4987,6,0.3477
4988,6,0.7774
4989,6,0.5709
499,0,0.4535
4990,6,0.5017
4991,2,0.4308
4992,2,0.3988
4993,2,0.3739
4994,2,0.6379
4995,6,0.5426
4996,6,0.4995
4997,1,0.7865
4998,1,0.5374
4999,6,0.6019
5,2,0.7866
50,2,0.8168
500,4,0.4445
5000,1,0.5462
5001,1,0.6911
5002,6,0.5379
5003,6,0.6021
5004,7,0.3435
5005,6,0.7051
5006,5,0.3676
5007,1,0.5274
5008,1,0.6919
5009,1,0.5767
501,2,0.7279
5010,5,0.9461
5011,6,0.3739
5012,6,0.5453
5013,6,0.5435
5014,6,0.4356
5015,1,0.8467
5016,5,0.555
5017,3,0.3917
5018,1,0.6393
5019,0,0.5902
502,7,0.3569
5020,4,0.2794
5021,3,0.539
5022,1,0.581
5023,1,0.4076
5024,0,0.4847
5025,0,0.6213
5026,1,0.4473
5027,0,0.5615
5028,0,0.314
5029,0,0.5284
503,3,0.4594
5030,0,0.5887
5031,0,0.743
5032,0,0.7562
5033,6,0.9192
5034,1,0.7022
5035,6,0.7733
5036,6,0.755
5037,6,0.7445
5038,1,0.4605
5039,1,0.3875
504,3,0.4786
5040,6,0.7973
5041,6,0.9155
5042,5,0.4751
5043,1,0.4834
5044,1,0.7155
5045,1,0.6738
5046,6,0.5066
5047,1,0.6709
5048,1,0.7567
5049,1,0.6501
505,1,0.4416
5050,1,0.7887
5051,4,0.5512
5052,2,0.639
5053,4,0.6776
5054,4,0.823
5055,2,0.601
5056,2,0.3903
5057,4,0.5261
5058,2,0.4042
5059,0,0.5001
506,1,0.4728
5060,1,0.4483
5061,4,0.5697
5062,1,0.4459
5063,1,0.5
5064,1,0.6146
5065,6,0.5484
5066,1,0.6513
5067,1,0.5012
5068,1,0.9135
5069,6,0.6137
507,4,0.4994
5070,1,0.7247
5071,1,0.5515
5072,1,0.8576
5073,6,0.5764
5074,1,0.6953
5075,6,0.4699
5076,6,0.2766
5077,6,0.9293
5078,0,0.4835
5079,1,0.4722
508,2,0.4918
5080,1,0.5652
5081,1,0.8335
5082,3,0.4874
5083,3,0.4164
5084,1,0.8764
5085,1,0.7554
5086,1,0.6961
5087,1,0.7525
5088,1,0.9414
5089,1,0.8159
509,3,0.4589
5090,1,0.6404
5091,1,0.47
5092,6,0.951
5093,1,0.9376
5094,1,0.6129
5095,0,0.3181
5096,1,0.5553
5097,6,0.622
5098,6,0.6966
5099,6,0.4661
51,2,0.4844
510,3,0.5446
5100,1,0.5442
5101,1,0.4796
5102,1,0.7922
5103,1,0.6001
5104,6,0.8265
5105,6,0.7222
5106,6,0.8259
5107,5,0.7426
5108,5,0.8247
5109,5,0.9763
511,2,0.417
5110,1,0.4859
5111,5,0.6938
5112,1,0.5754
5113,6,0.8354
5114,6,0.904
5115,1,0.6644
5116,1,0.7625
5117,6,0.5852
5118,1,0.6988
5119,6,0.544
512,3,0.6727
5120,5,0.688
5121,1,0.7453
5122,1,0.3767
5123,5,0.3043
5124,1,0.5715
5125,1,0.6451
5126,3,0.6413
5127,1,0.4104
5128,0,0.3872
5129,6,0.9041
513,2,0.8504
5130,6,0.884
5131,6,0.9659
5132,6,0.8238
5133,6,0.6303
5134,6,0.7527
5135,6,0.8814
5136,6,0.8796
5137,1,0.5764
5138,1,0.5843
5139,1,0.6496
514,3,0.7317
5140,1,0.4843
5141,6,0.5827
5142,5,0.3986
5143,5,0.6368
5144,5,0.8968
5145,5,0.8684
5146,5,0.6116
5147,5,0.5093
5148,5,0.6417
5149,5,0.7023
515,0,0.5586
5150,5,0.6991
5151,5,0.9991
5152,6,0.5518
5153,1,0.9571
5154,1,0.8554
5155,1,0.4381
5156,1,0.3977
5157,6,0.5067
5158,1,0.6714
5159,6,0.4894
516,5,0.4348
5160,3,0.5688
5161,1,0.595
5162,1,0.9471
5163,1,0.5371
5164,3,0.421
5165,3,0.3839
5166,3,0.5469
5167,0,0.4181
5168,7,0.4329
5169,6,0.7027
517,3,0.9202
5170,1,0.7368
5171,1,0.7533
5172,1,0.5641
5173,1,0.6223
5174,1,0.3536
5175,6,0.844
5176,0,0.2856
5177,5,0.3903
5178,5,0.6801
5179,5,0.4423
5180,5,0.5251
5181,7,0.5563
5182,6,0.5434
5183,5,0.9211
5184,6,0.41
5185,5,0.8929
5186,5,0.7993
5187,5,0.6966
5188,5,0.7097
5189,5,0.7799
519,3,0.5796
5190,5,0.7983
5191,5,0.8925
5192,0,0.6696
5193,0,0.5652
5194,2,0.5707
5195,0,0.4466
5196,7,0.651
5197,0,0.5914
5198,0,0.7436
5199,3,0.5165
52,7,0.2529
520,3,0.7843
5200,1,0.4788
5201,0,0.4268
5202,0,0.5288
5203,2,0.8846
5204,0,0.8192
5205,7,0.4283
5206,0,0.6842
5207,0,0.9366
5208,0,0.6764
5209,0,0.6324
521,3,0.9187
5210,0,0.4501
5211,1,0.6681
5212,1,0.7689
5213,1,0.6733
5214,1,0.7424
5215,1,0.6574
5216,1,0.7716
522,3,0.8258
5220,0,0.5332
5221,0,0.4417
5222,6,0.5621
5223,6,0.3943
5224,7,0.4681
5225,6,0.4762
5226,1,0.6638
5227,0,0.668
5228,1,0.611
5229,1,0.7266
523,3,0.7863
5230,1,0.478
5231,1,0.6365
5232,1,0.6089
5233,1,0.4746
5234,1,0.5311
5235,1,0.9297
5236,1,0.7058
5237,1,0.6425
5238,6,0.5519
5239,1,0.5143
524,4,0.67
5240,6,0.8549
5241,5,0.856
5242,6,0.5685
5243,5,0.5513
5244,6,0.4134
5245,5,0.7313
5246,5,0.6755
5247,5,0.3827
5248,5,0.4834
5249,5,0.6008
525,3,0.7266
5250,6,0.5321
5251,1,0.5552
5252,6,0.9376
5253,1,0.434
5254,1,0.408
5255,6,0.7808
5256,6,0.9818
5257,6,0.9841
5258,6,0.8682
5259,6,0.9757
526,2,0.5295
5260,6,0.9745
5261,6,0.488
5262,4,0.6033
5263,2,0.6167
5264,6,0.6042
5265,4,0.3569
5266,5,0.7113
5267,6,0.4213
5268,0,0.5968
5269,1,0.4904
527,3,0.9981
5270,3,0.4686
5271,6,0.3993
5272,7,0.2983
5273,4,0.5039
5274,4,0.6638
5275,3,0.6001
5276,0,0.5424
5277,0,0.6746
5278,0,0.7213
5279,0,0.7119
528,2,0.6531
5280,7,0.4424
5281,0,0.5673
5282,0,0.6565
5283,0,0.5089
5284,0,0.7141
5285,0,0.5164
5286,0,0.7145
5287,0,0.7631
5288,1,0.5001
5289,0,0.6996
529,4,0.4965
5290,3,0.4692
5291,0,0.6279
5292,1,0.6175
5293,6,0.9988
5294,6,0.5915
5295,6,0.982
5296,1,0.7291
5297,6,0.9705
5298,1,0.999
5299,1,0.7554
53,3,0.4687
530,3,0.4468
5300,1,0.7565
5301,1,0.8291
5302,1,0.8231
5303,1,0.6481
5304,1,0.9429
5305,1,0.9731
5306,6,0.5857
5307,6,0.6045
5308,6,0.8062
5309,6,0.497
531,3,0.7912
5310,6,0.7579
5311,1,0.4012
5312,6,0.6057
5313,1,0.3195
5314,6,0.5079
5315,1,0.5817
5316,1,0.9986
5317,1,0.8602
5318,1,0.5989
5319,1,0.7475
532,4,0.7281
5320,1,0.8714
5321,6,0.6763
5322,6,0.9007
5323,6,0.3365
5324,1,0.7849
5325,7,0.4265
5326,6,0.9462
5327,6,0.6415
5328,1,0.6473
5329,1,0.506
533,0,0.4814
5330,7,0.6249
5331,1,0.518
5332,1,0.3294
5333,6,0.454
5334,6,0.7688
5335,6,0.8042
5336,4,0.4841
5337,4,0.4792
5338,4,0.3401
5339,1,0.4747
534,2,0.5117
5340,2,0.3856
5341,4,0.5072
5342,4,0.3389
5343,4,0.4226
5344,0,0.3828
5345,0,0.6543
5346,3,0.5691
5347,0,0.7729
5348,0,0.7083
5349,0,0.7087
535,3,0.3264
5350,3,0.6079
5351,0,0.3511
5352,1,0.5943
5353,0,0.9462
5354,1,0.4798
5355,6,0.8859
5356,6,0.9983
5357,1,0.3277
5358,6,0.7345
5359,7,0.5489
536,2,0.4403
5360,1,0.7923
5361,1,0.4338
5362,1,0.5186
5363,1,0.4207
5364,1,0.7749
5365,7,0.4141
5366,1,0.488
5367,6,0.5124
5368,5,0.7642
5369,5,0.9222
537,4,0.5906
5370,5,0.7867
5371,1,0.979
5372,1,0.5922
5373,1,0.6545
5374,1,0.9532
5375,1,0.7355
5376,1,0.749
5377,6,0.5594
5378,5,0.9065
5379,5,0.528
538,3,0.4666
5380,5,0.7634
5381,5,0.9174
5382,1,0.8091
5383,0,0.2617
5384,6,0.8087
5385,1,0.6396
5386,6,0.3843
5387,1,0.4953
5388,1,0.6241
5389,2,0.5402
539,4,0.782
5390,4,0.2377
5391,6,0.3579
5392,1,0.3437
5393,7,0.4169
5394,1,0.305
5395,6,0.7363
5396,1,0.8502
5397,1,0.4512
5398,6,0.8885
5399,1,0.6802
54,4,0.5015
540,2,0.682
5400,4,0.4115
5401,6,0.9518
5402,6,0.8962
5403,6,0.3626
5404,4,0.3797
5405,4,0.5719
5406,6,0.8744
5407,6,0.782
5408,6,0.943
5409,6,0.987
541,4,0.8537
5410,1,0.4218
5411,0,0.4923
5412,0,0.3992
5413,0,0.5061
5414,0,0.6168
5415,7,0.4825
5416,0,0.8387
5417,0,0.646
5418,0,0.9251
5419,0,0.5683
542,3,0.4376
5420,0,0.9306
5421,5,0.6083
5422,0,0.4462
5423,0,0.5451
5424,0,0.7283
5425,3,0.4893
5426,6,0.5215
5427,1,0.5135
5428,6,0.6294
5429,6,0.5969
543,4,0.3036
5430,6,0.9239
5431,1,0.4189
5432,3,0.428
5433,5,0.8188
5434,6,0.5711
5435,1,0.8494
5436,5,0.7878
5437,6,0.4437
5438,5,0.8542
5439,1,0.7372
544,3,0.8355
5440,6,0.5538
5441,5,0.6646
5442,6,0.5333
5443,6,0.5269
5444,5,0.6859
5445,5,0.8355
5446,5,0.3097
5447,5,0.6273
5448,1,0.4779
5449,1,0.654
545,4,0.6973
5450,1,0.7001
5451,1,0.7094
5452,1,0.7353
5453,1,0.6408
5454,1,0.8235
5455,1,0.714
5456,1,0.6429
5457,6,0.723
5458,1,0.4528
5459,1,0.7713
546,3,0.7906
5460,5,0.759
5461,5,0.8933
5462,5,0.852
5463,5,0.7976
5464,1,0.5192
5465,6,0.9689
5466,6,0.672
5467,6,0.837
5468,1,0.5615
5469,5,0.6186
547,5,0.414
5470,1,0.7944
5471,1,0.566
5472,1,0.496
5473,1,0.3726
5474,7,0.3917
5475,6,0.9426
5476,6,0.925
5477,1,0.4729
5478,1,0.5752
5479,6,0.7291
548,3,0.6392
5480,1,0.8832
5481,1,0.4409
5482,1,0.875
5483,1,0.8318
5484,0,0.7475
5485,0,0.682
5486,6,0.6976
5487,0,0.4511
5488,1,0.8132
5489,1,0.5079
549,4,0.5099
5490,1,0.8835
5491,5,0.2718
5492,1,0.4684
5493,5,0.4976
5494,6,0.9739
5495,3,0.5258
5496,6,0.3937
5497,6,0.7575
5498,3,0.5769
5499,3,0.5826
55,4,0.5567
550,3,0.8691
5500,6,0.523
5501,5,0.8031
5502,1,0.6745
5503,6,0.5463
5504,1,0.5691
5505,1,0.814
5506,6,0.3403
5507,1,0.9178
5508,1,0.8187
5509,1,0.7563
551,2,0.5977
5510,1,0.4609
5511,1,0.5675
5512,6,0.5084
5513,1,0.4142
5514,1,0.7559
5515,6,0.6631
5516,6,0.4749
5517,1,0.5191
5518,6,0.548
5519,6,0.6472
5520,6,0.5631
5521,0,0.277
5522,6,0.258
5523,2,0.3333
5524,6,0.8965
5525,1,0.544
5526,1,0.5725
5527,5,0.8825
5528,1,0.7309
5529,1,0.7935
553,3,0.3698
5530,1,0.7203
5531,1,0.6086
5532,1,0.9122
5533,1,0.7967
5534,1,0.5218
5535,1,0.5281
5536,1,0.4607
5537,1,0.6221
5538,5,0.4801
5539,0,0.7682
554,3,0.5554
5540,7,0.425
5541,7,0.5276
5542,0,0.4945
5543,4,0.6248
5544,0,0.6403
5545,0,0.3381
5546,0,0.7492
5547,0,0.8145
5548,0,0.7833
5549,0,0.5612
555,3,0.8883
5550,0,0.5581
5551,0,0.5231
5552,7,0.604
5553,7,0.4009
5554,1,0.4385
5555,1,0.5121
5556,1,0.5025
5557,1,0.7355
5558,1,0.9254
5559,1,0.5867
556,2,0.2999
5560,1,0.8455
5561,0,0.6528
5562,6,0.6195
5563,6,0.5102
5564,6,0.3681
5565,0,0.4358
5566,0,0.408
5567,0,0.388
5568,7,0.3201
5569,6,0.5409
557,3,0.5881
5570,1,0.9617
5571,1,0.8165
5572,7,0.4508
5573,0,0.8194
5574,6,0.6768
5575,1,0.6672
5576,6,0.6737
5577,1,0.7273
5578,6,0.9054
5579,1,0.715
558,0,0.125
5580,1,0.5516
5581,0,0.4829
5582,1,0.6704
5583,6,0.4989
5584,3,0.4386
5585,5,0.7855
5586,5,0.5364
5587,5,0.434
5588,5,0.8573
5589,5,0.7215
559,2,0.4318
5590,5,0.9458
5591,1,0.84
5592,1,0.7915
5593,1,0.8454
5594,1,0.4711
5595,1,0.7602
5596,1,0.8634
5597,6,0.5219
5598,6,0.2785
5599,6,0.8321
56,2,0.9441
560,3,0.9293
5600,0,0.5641
5601,1,0.8591
5602,1,0.73
5603,1,0.9483
5604,1,0.8915
5605,6,0.5092
5606,3,0.4764
5607,1,0.5452
5608,1,0.4533
5609,6,0.9865
561,2,0.8754
5610,6,0.9971
5611,6,0.8091
5612,6,0.7351
5613,6,0.9986
5614,6,0.9501
5615,6,0.9293
5616,6,0.8525
5617,6,0.7436
5618,6,0.8643
5619,6,0.7533
562,2,0.8314
5620,0,0.4386
5621,1,0.3861
5622,4,0.6228
5623,2,0.4857
5624,1,0.4509
5625,1,0.4221
5626,1,0.4548
5627,6,0.6046
5628,6,0.7184
5629,5,0.4205
563,3,0.7348
5630,6,0.6573
5631,6,0.5944
5632,1,0.3741
5633,0,0.6936
5634,0,0.8473
5635,3,0.5617
5636,0,0.7086
5637,0,0.6709
5638,0,0.9729
5639,0,0.9224
564,0,0.4518
5640,0,0.7912
5641,0,0.7582
5642,0,0.6253
5643,7,0.4579
5644,0,0.8929
5645,1,0.5372
5646,0,0.2434
5647,0,0.6531
5648,3,0.4915
5649,0,0.4998
565,2,0.7051
5650,7,0.4233
5651,0,0.4414
5652,4,0.3409
5653,3,0.3517
5654,3,0.2793
5655,1,0.4588
5656,3,0.3149
5657,1,0.7828
5658,1,0.4366
5659,5,0.6075
566,2,0.6708
5660,1,0.8833
5661,1,0.7118
5662,6,0.3643
5663,6,0.3345
5664,3,0.3635
5665,1,0.9058
5666,1,0.5728
5667,1,0.3964
5668,5,0.5071
5669,1,0.9603
567,6,0.3857
5670,1,0.4059
5671,1,0.5906
5672,1,0.3493
5673,1,0.3537
5674,1,0.934
5675,1,0.7093
5676,1,0.8171
5677,7,0.5572
5678,1,0.8926
5679,1,0.3907
568,3,0.5831
5680,6,0.5944
5681,1,0.6328
5682,1,0.4185
5683,1,0.5509
5684,1,0.4347
5685,1,0.5584
5686,1,0.4262
5687,1,0.5829
5688,1,0.9559
5689,1,0.3932
569,5,0.5873
5690,1,0.5678
5691,3,0.4966
5692,5,0.5937
5693,5,0.5881
5694,5,0.3907
5695,1,0.9115
5696,1,0.7691
5697,1,0.6264
5698,1,0.7696
5699,6,0.7124
570,3,0.6824
5700,1,0.6576
5701,1,0.553
5702,6,0.615
5703,6,0.5389
5704,6,0.7105
5705,6,0.836
5706,1,0.3733
5707,6,0.8842
5708,6,0.548
5709,7,0.5145
571,5,0.3966
5710,6,0.7771
5711,6,0.8483
5712,6,0.6619
5713,6,0.4875
5714,1,0.5583
5715,1,0.4284
5716,6,0.6421
5717,6,0.7111
5718,6,0.7311
5719,6,0.6939
572,3,0.6195
5720,6,0.8239
5721,5,0.4504
5722,5,0.6813
5723,6,0.8906
5724,6,0.7054
5725,5,0.3724
5726,6,0.9503
5727,5,0.5745
5728,6,0.9575
5729,6,0.825
573,5,0.7956
5730,6,0.4998
5731,6,0.8199
5732,5,0.9297
5733,6,0.9949
5734,5,0.5542
5735,6,0.9606
5736,1,0.7442
5737,6,0.8275
5738,6,0.6496
5739,6,0.8635
574,2,0.4855
5740,6,0.6717
5741,1,0.4171
5742,6,0.5064
5743,6,0.7402
5744,1,0.7006
5745,1,0.4847
5746,1,0.7713
5747,1,0.3241
5748,1,0.7257
5749,1,0.6539
575,2,0.3443
5750,6,0.7695
5751,6,0.8039
5752,7,0.5075
5753,1,0.4227
5754,7,0.4715
5755,1,0.9444
5756,1,0.7254
5757,1,0.4678
5758,1,0.8932
5759,5,0.4184
576,3,0.877
5760,1,0.8481
5761,6,0.5944
5762,1,0.6447
5763,5,0.7179
5764,5,0.3351
5765,1,0.4892
5766,5,0.3555
5767,1,0.5043
5768,1,0.8532
5769,2,0.5406
577,3,0.5881
5770,1,0.8912
5771,6,0.6152
5772,1,0.7296
5773,0,0.8306
5774,0,0.8978
5775,0,0.8175
5776,0,0.5322
5777,0,0.8302
5778,0,0.912
5779,0,0.3555
578,6,0.3908
5780,7,0.4447
5781,0,0.4828
5782,0,0.4906
5783,0,0.8896
5784,3,0.4764
5785,3,0.4388
5786,1,0.6621
5787,0,0.6046
5788,1,0.5051
5789,2,0.5193
579,3,0.4782
5790,4,0.3966
5791,1,0.6624
5792,1,0.5825
5793,1,0.9286
5794,6,0.3565
5795,6,0.4453
5796,5,0.6598
5797,6,0.3914
5798,0,0.3553
5799,1,0.9483
58,3,0.5564
580,3,0.9435
5800,1,0.8828
5801,1,0.5214
5802,1,0.4369
5803,1,0.502
5804,1,0.5783
5805,1,0.7049
5806,1,0.5337
5807,5,0.5272
5808,1,0.9044
5809,1,0.6996
581,4,0.6193
5810,1,0.6594
5811,1,0.6242
5812,6,0.8155
5813,6,0.6199
5814,1,0.5118
5815,1,0.5793
5816,1,0.5073
5817,6,0.5921
5818,6,0.5412
5819,6,0.5766
582,3,0.3581
5820,0,0.125
5821,6,0.8588
5822,6,0.5831
5823,6,0.9669
5824,6,0.6833
5825,6,0.9151
5826,6,0.9896
5827,5,0.9255
5828,1,0.5343
5829,6,0.9451
583,6,0.468
5830,6,0.9899
5831,5,0.8039
5832,6,0.515
5833,5,0.6037
5834,6,0.9987
5835,6,0.4729
5836,1,0.5385
5837,1,0.7842
5838,6,0.4727
5839,6,0.6228
584,3,0.7018
5840,5,0.7291
5841,6,0.5987
5842,6,0.6625
5843,6,0.9327
5844,6,0.4456
5845,0,0.8775
5846,0,0.4783
5847,3,0.4884
5848,7,0.4746
5849,0,0.5494
585,5,0.4226
5850,0,0.7467
5851,0,0.9138
5852,0,0.9663
5853,0,0.6975
5854,0,0.8835
5855,7,0.4452
5856,2,0.5396
5857,3,0.542
5858,0,0.939
5859,0,0.7124
586,3,0.5944
5860,5,0.349
5861,0,0.6115
5862,4,0.5254
5863,2,0.3823
5864,0,0.6418
5865,0,0.3619
5866,0,0.4721
5867,1,0.4876
5868,7,0.3813
5869,0,0.4576
587,3,0.8152
5870,6,0.7018
5871,1,0.4802
5872,1,0.7936
5873,1,0.5404
5874,1,0.7991
5875,1,0.9397
5876,1,0.7697
5877,1,0.8983
5878,7,0.317
5879,1,0.3693
588,4,0.6595
5880,1,0.5869
5881,1,0.6351
5882,5,0.7944
5883,1,0.9152
5884,1,0.5877
5885,6,0.5191
5886,3,0.4349
5887,1,0.4848
5888,1,0.7886
5889,5,0.5059
589,3,0.5016
5890,1,0.8544
5891,1,0.8365
5892,1,0.5809
5893,1,0.4011
5894,6,0.6054
5895,1,0.644
5896,1,0.8689
5897,1,0.5425
5898,6,0.7055
5899,1,0.5196
59,3,0.486
590,4,0.6277
5900,3,0.4893
5901,6,0.5074
5902,1,0.6475
5903,1,0.4477
5904,1,0.7564
5905,6,0.7452
5906,1,0.4862
5907,1,0.5801
5908,1,0.5497
5909,1,0.6857
591,4,0.7968
5910,5,0.8242
5911,1,0.9296
5912,1,0.7109
5913,6,0.9388
5914,1,0.5477
5915,6,0.5504
5916,6,0.8741
5917,6,0.9293
5918,6,0.9005
5919,6,0.6731
592,4,0.6934
5920,6,0.6713
5921,1,0.6577
5922,5,0.4409
5923,1,0.36
5924,6,0.9701
5925,6,0.6893
5926,6,0.9808
5927,7,0.4812
5928,6,0.9808
5929,6,0.9281
593,3,0.6255
5930,5,0.9135
5931,5,0.7706
5932,1,0.5646
5933,6,0.6286
5934,6,0.5829
5935,6,0.8807
5936,6,0.6748
5937,1,0.5854
5938,6,0.8191
5939,1,0.6544
594,4,0.689
5940,6,0.6358
5941,1,0.5423
5942,1,0.8244
5943,6,0.6201
5944,6,0.7773
5945,3,0.4258
5946,7,0.3943
5947,0,0.8156
5948,4,0.8764
5949,0,0.6379
595,5,0.4422
5950,0,0.5521
5951,0,0.7426
5952,4,0.6292
5953,0,0.5164
5954,0,0.4483
5955,0,0.6427
5956,3,0.5077
5957,1,0.5445
5958,1,0.4977
5959,1,0.7413
596,2,0.5512
5960,1,0.5105
5961,1,0.6842
5962,2,0.4129
5963,1,0.3442
5964,0,0.4092
5965,1,0.5475
5966,1,0.4764
5967,1,0.6002
5968,1,0.92
5969,1,0.6434
597,5,0.5103
5970,1,0.4174
5971,1,0.3587
5972,1,0.4905
5973,1,0.6121
5974,1,0.4171
5975,0,0.4468
5976,1,0.9051
5977,1,0.4715
5978,1,0.6904
5979,7,0.4722
598,3,0.8912
5980,3,0.5854
5981,3,0.5924
5982,7,0.3388
5983,6,0.5434
5984,5,0.534
5985,7,0.3297
5986,1,0.9733
5987,1,0.5039
5988,1,0.6706
5989,1,0.4451
599,3,0.9013
5990,6,0.6994
5991,6,0.552
5992,6,0.5917
5993,1,0.608
5994,1,0.4929
5995,5,0.3802
5996,1,0.5858
5997,6,0.4171
5998,6,0.7263
5999,1,0.7569
6,4,0.5309
60,4,0.523
600,7,0.4314
6000,1,0.547
6001,1,0.8375
6002,7,0.5483
6003,1,0.8855
6004,6,0.4735
6005,5,0.5185
6006,1,0.7016
6007,1,0.5765
6008,5,0.918
6009,1,0.7213
601,3,0.6437
6010,6,0.869
6011,6,0.5374
6012,1,0.5777
6013,6,0.7327
6014,5,0.5497
6015,6,0.7619
6016,5,0.789
6017,6,0.9443
6018,6,0.9631
6019,1,0.5297
602,2,0.8129
6020,1,0.5327
6021,6,0.917
6022,6,0.9705
6023,5,0.7129
6024,5,0.8898
6025,5,0.6298
6026,5,0.9122
6027,5,0.5301
6028,6,0.9982
6029,5,0.7156
603,3,0.5834
6030,5,0.5137
6031,6,0.8144
6032,5,0.9705
6033,5,0.8446
6034,6,0.8953
6035,1,0.9134
6036,5,0.811
6037,6,0.8465
6038,7,0.5633
6039,1,0.5807
604,3,0.7899
6040,6,0.654
6041,7,0.4743
6042,5,0.683
6043,6,0.656
6044,6,0.6848
6045,0,0.5703
6046,5,0.6011
6047,1,0.6682
6048,6,0.9988
6049,1,0.8175
605,3,0.6302
6050,6,0.526
6051,0,0.814
6052,1,0.6368
6053,1,0.6368
6054,6,0.6877
6055,5,0.3164
6056,1,0.4532
6057,0,0.33
6058,6,0.866
6059,5,0.6259
606,2,0.5461
6060,1,0.622
6061,6,0.8977
6062,5,0.6212
6063,6,0.7963
6064,5,0.3501
6065,6,0.601
6066,1,0.5978
6067,0,0.7049
6068,0,0.7467
6069,1,0.7148
607,3,0.7266
6070,6,0.9413
6071,0,0.5842
6072,5,0.4809
6073,6,0.8729
6074,0,0.5463
6075,6,0.8827
6076,5,0.4252
6077,1,0.8978
6078,1,0.4341
6079,6,0.9324
608,4,0.7219
6080,1,0.4588
6081,0,0.3687
6082,1,0.4341
6083,1,0.7474
6084,1,0.8033
6085,5,0.6215
6086,1,0.5919
6087,6,0.9417
6088,1,0.5708
6089,1,0.7583
609,3,0.5229
6090,0,0.5651
6091,1,0.728
6092,1,0.6498
6093,1,0.6259
6094,6,0.787
6095,1,0.6944
6096,0,0.9511
6097,1,0.6271
6098,1,0.4291
6099,0,0.5116
61,4,0.4983
610,2,0.689
6100,1,0.8206
6101,2,0.436
6102,7,0.5448
6103,6,0.9458
6104,6,0.5768
6105,5,0.6257
6106,1,0.7109
6107,1,0.7834
6108,1,0.3777
6109,0,0.4092
611,3,0.6705
6110,0,0.6455
6111,0,0.8838
6112,6,0.6072
6113,4,0.5464
6114,4,0.5464
6115,6,0.8056
6116,6,0.9988
6117,1,0.588
6118,5,0.582
6119,1,0.3852
612,3,0.7994
6120,1,0.715
6121,2,0.4133
6122,1,0.5902
6123,1,0.8597
6124,1,0.433
6125,0,0.5819
6126,6,0.6034
6127,6,0.852
6128,6,0.5607
6129,1,0.5949
613,1,0.5385
6130,7,0.4374
6131,7,0.4456
6132,6,0.6436
6133,5,0.873
6134,5,0.2844
6135,1,0.628
6136,6,0.5334
6137,5,0.6763
6138,0,0.4923
6139,1,0.6678
614,5,0.5534
6140,6,0.5974
6141,0,0.7229
6142,6,0.4134
6143,0,0.5672
6144,6,0.5146
6145,6,0.7972
6146,0,0.7286
6147,1,0.7291
6148,1,0.6012
6149,5,0.8655
615,5,0.2619
6150,6,0.3465
6151,4,0.6308
6152,1,0.5026
6153,2,0.4445
6154,6,0.9558
6155,1,0.6412
6156,1,0.809
6157,5,0.8254
6158,0,0.8662
6159,5,0.5359
616,2,0.3914
6160,6,0.3616
6161,0,0.8006
6162,1,0.6733
6163,0,0.4719
6164,6,0.7058
6165,0,0.4953
6166,1,0.6792
6167,1,0.8926
6168,1,0.8926
6169,1,0.7014
617,3,0.7271
6170,6,0.4674
6171,6,0.5545
6172,0,0.8027
6173,1,0.6899
6174,6,0.4885
6175,7,0.3846
6176,6,0.6746
6177,1,0.6509
6178,0,0.125
6179,5,0.8413
618,3,0.4894
6180,1,0.5283
6181,1,0.5462
6182,1,0.5854
6183,1,0.8007
6184,0,0.548
6185,1,0.4745
6186,0,0.5586
6187,6,0.7744
6188,5,0.5215
6189,7,0.399
619,0,0.4144
6190,5,0.3692
6191,6,0.3353
6192,1,0.3568
6193,7,0.4848
6194,0,0.9165
6195,5,0.6774
6196,6,0.5103
6197,1,0.5113
6198,5,0.8556
6199,6,0.41
62,4,0.5197
620,3,0.9582
6200,0,0.7039
6201,1,0.6312
6202,0,0.7528
6203,0,0.6659
6204,6,0.916
6205,0,0.7997
6206,0,0.8726
6207,6,0.8215
6208,1,0.8803
6209,1,0.4947
621,7,0.4622
6210,6,0.6262
6211,6,0.6855
6212,1,0.5474
6213,6,0.8173
6214,0,0.4825
6215,0,0.4396
6216,5,0.5025
6217,1,0.8446
6218,7,0.4197
6219,1,0.38
622,1,0.4751
6220,1,0.9851
6221,3,0.6089
6222,2,0.3748
6223,1,0.5782
6224,1,0.5814
6225,1,0.401
6226,1,0.564
6227,1,0.5719
6228,3,0.3883
6229,1,0.8569
623,3,0.9828
6230,0,0.7385
6231,0,0.6431
6232,1,0.672
6233,5,0.7697
6234,1,0.4138
6235,1,0.6407
6236,7,0.4628
6237,5,0.3417
6238,6,0.666
6239,6,0.5275
624,7,0.6589
6240,6,0.892
6241,0,0.5935
6242,6,0.6834
6243,1,0.5765
6244,2,0.3622
6245,6,0.8089
6246,6,0.6534
6247,1,0.5961
6248,6,0.3272
6249,7,0.4629
625,4,0.5295
6250,3,0.4167
6251,0,0.6185
6252,6,0.6472
6253,5,0.6939
6254,0,0.6687
6255,0,0.5332
6256,3,0.3246
6257,0,0.6932
6258,0,0.5906
6259,1,0.7762
626,3,0.8631
6260,0,0.125
6261,0,0.8503
6262,6,0.9303
6263,3,0.3787
6264,3,0.3789
6265,6,0.6864
6266,1,0.6877
6267,6,0.9249
6268,6,0.6315
6269,1,0.2778
627,4,0.6332
6270,0,0.4316
6271,6,0.9857
6272,6,0.4154
6273,7,0.3195
6274,1,0.3633
6275,0,0.6606
6276,1,0.5935
6277,5,0.7293
6278,0,0.5666
6279,1,0.5641
628,2,0.367
6280,3,0.4203
6281,1,0.4231
6282,1,0.5806
6283,7,0.6228
6284,0,0.5245
6285,6,0.9536
6286,6,0.9357
6287,1,0.7363
6288,6,0.7309
6289,1,0.4461
629,3,0.5333
6290,1,0.956
6291,7,0.319
6292,5,0.8435
6293,1,0.6379
6294,5,0.8687
6295,0,0.5514
6296,6,0.5344
6297,1,0.8145
6298,3,0.5633
6299,1,0.9423
63,4,0.4989
630,4,0.6492
6300,1,0.2981
6301,6,0.3034
6302,6,0.8342
6303,0,0.5194
6304,0,0.7741
6305,5,0.4943
6306,6,0.8597
6307,1,0.4136
6308,1,0.4921
6309,1,0.5036
631,0,0.3163
6310,4,0.403
6311,1,0.7202
6312,6,0.3631
6313,1,0.4832
6314,6,0.4589
6315,5,0.4703
6316,1,0.4892
6317,2,0.6905
6318,1,0.7788
6319,6,0.8631
632,4,0.6507
6320,5,0.3961
6321,1,0.3761
6322,6,0.3536
6323,0,0.6998
6324,1,0.524
6325,1,0.6374
6326,4,0.5541
6327,3,0.4436
6328,1,0.8233
6329,3,0.4972
633,3,0.525
6330,0,0.3513
6331,6,0.6107
6332,1,0.7856
6333,0,0.8378
6334,1,0.7737
6335,0,0.856
6336,1,0.7037
6337,5,0.8155
6338,1,0.7167
6339,0,0.5304
634,3,0.3851
6340,0,0.9486
6341,5,0.7733
6342,1,0.5303
6343,0,0.7142
6344,7,0.3496
6345,1,0.7782
6346,6,0.4918
6347,1,0.6619
6348,1,0.9862
6349,1,0.6079
635,2,0.9165
6350,5,0.8487
6351,5,0.5003
6352,6,0.5708
6353,1,0.3824
6354,1,0.73
6355,5,0.8722
6356,1,0.4316
6357,6,0.7734
6358,5,0.7452
6359,1,0.4361
636,2,0.3173
6360,0,0.6339
6361,1,0.3081
6362,1,0.4828
6363,1,0.4293
6364,1,0.6725
6365,1,0.6724
6366,3,0.4904
6367,0,0.8422
6368,0,0.6214
6369,1,0.5944
637,3,0.457
6370,5,0.9592
6371,6,0.3611
6372,0,0.5646
6373,1,0.7942
6374,1,0.4521
6375,1,0.6559
6376,6,0.466
6377,1,0.5653
6378,0,0.6909
6379,1,0.6748
638,3,0.6676
6380,6,0.5009
6381,1,0.494
6382,1,0.5041
6383,5,0.6513
6384,7,0.4821
6385,0,0.536
6386,1,0.7431
6387,0,0.6318
6388,2,0.4874
6389,6,0.7018
639,2,0.8465
6390,0,0.6786
6391,5,0.5857
6392,1,0.4823
6393,0,0.8274
6394,6,0.9594
6395,0,0.302
6396,1,0.3842
6397,6,0.9986
6398,5,0.6069
6399,0,0.6858
64,4,0.4211
640,4,0.9902
6400,5,0.7112
6401,3,0.3984
6402,1,0.3962
6403,6,0.8334
6404,7,0.4363
6405,6,0.8002
6406,0,0.5756
6407,6,0.9937
6408,0,0.855
6409,5,0.5333
641,3,0.7524
6410,6,0.9655
6411,3,0.3786
6412,3,0.4942
6413,5,0.6452
6414,5,0.5666
6415,5,0.8506
6416,0,0.7959
6417,6,0.716
6418,7,0.3954
6419,6,0.7142
642,6,0.3705
6420,5,0.757
6421,1,0.7486
6422,1,0.465
6423,1,0.5763
6424,6,0.8845
6425,6,0.8581
6426,1,0.6345
6427,6,0.3307
6428,6,0.992
6429,6,0.5295
643,3,0.7237
6430,1,0.4838
6431,1,0.8857
6432,6,0.9988
6433,0,0.959
6434,1,0.4998
6435,6,0.7774
6436,6,0.8681
6437,1,0.4828
6438,6,0.8054
6439,1,0.7007
644,0,0.125
6440,6,0.4938
6441,0,0.6311
6442,1,0.5808
6443,1,0.9867
6444,1,0.9458
6445,6,0.9988
6446,0,0.999
6447,6,0.4334
6448,0,0.9565
6449,1,0.9214
645,4,0.8052
6450,5,0.9175
6451,7,0.5578
6452,5,0.4738
6453,7,0.51
6454,1,0.9672
6455,6,0.6928
6456,1,0.8092
6457,6,0.6945
6458,1,0.7312
6459,6,0.9703
646,3,0.4141
6460,6,0.8824
6461,0,0.6198
6462,1,0.8691
6463,0,0.9579
6464,0,0.7764
6465,0,0.9991
6466,1,0.746
6467,6,0.9985
6468,1,0.6657
6469,3,0.5627
647,3,0.8755
6470,2,0.7322
6471,6,0.9988
6472,1,0.6813
6473,1,0.7591
6474,5,0.629
6475,1,0.5351
6476,1,0.5516
6477,1,0.9577
6478,1,0.9986
6479,6,0.4661
648,5,0.6488
6480,7,0.6844
6481,1,0.8195
6482,1,0.9122
6483,1,0.8047
6484,6,0.9991
6485,1,0.7436
6486,1,0.8971
6487,0,0.9993
6488,7,0.7498
6489,0,0.5574
649,3,0.7288
6490,1,0.9416
6491,6,0.6896
6492,1,0.3805
6493,5,0.706
6494,5,0.4679
6495,6,0.776
6496,6,0.9409
6497,6,0.402
6498,6,0.9842
6499,1,0.8472
65,3,0.6059
650,3,0.592
6500,1,0.4837
6501,5,0.7744
6502,7,0.6058
6503,6,0.6434
6504,0,0.7438
6505,4,0.3615
6506,6,0.9635
6507,6,0.9986
6508,1,0.6486
6509,5,0.5041
651,5,0.9284
6510,0,0.5595
6511,5,0.9815
6512,3,0.4827
6513,5,0.8504
6514,1,0.875
6515,6,0.9989
6516,0,0.5944
6517,6,0.9989
6518,1,0.6719
6519,0,0.8581
652,2,0.9877
6520,5,0.535
6521,1,0.9549
6522,6,0.6407
6523,1,0.5797
6524,6,0.8621
6525,5,0.8284
6526,7,0.524
6527,0,0.9914
6528,0,0.8655
6529,1,0.5497
653,3,0.7408
6530,1,0.9398
6531,1,0.5901
6532,0,0.7268
6533,6,0.6346
6534,1,0.8878
6535,6,0.7927
6536,5,0.9987
6537,5,0.5986
6538,5,0.9127
6539,0,0.7652
654,4,0.9018
6540,7,0.8967
6541,0,0.3013
6542,0,0.8692
6543,2,0.5665
6544,0,0.9991
6545,1,0.8298
6546,5,0.53
6547,5,0.2885
6548,7,0.6587
6549,0,0.3988
655,7,0.5263
6550,1,0.9005
6551,6,0.8106
6552,0,0.9953
6553,6,0.8942
6554,6,0.6717
6555,6,0.5589
6556,0,0.9215
6557,6,0.57
6558,4,0.6893
6559,6,0.9862
656,3,0.3982
6560,1,0.4907
6561,0,0.741
6562,1,0.625
6563,0,0.965
6564,7,0.4063
6565,6,0.5776
6566,6,0.6972
6567,6,0.5611
6568,0,0.9959
6569,1,0.9521
657,4,0.7261
6570,6,0.8099
6571,1,0.632
6572,1,0.5827
6573,0,0.5896
6574,6,0.5358
6575,5,0.9795
6576,6,0.9595
6577,5,0.9622
6578,0,0.9973
6579,1,0.7069
658,2,0.7867
6580,6,0.8526
6581,0,0.6491
6582,4,0.4023
6583,6,0.7402
6584,1,0.9822
6585,1,0.5449
6586,1,0.9491
6587,1,0.9377
6588,1,0.6302
6589,7,0.8362
659,3,0.5794
6590,0,0.7139
6591,5,0.6927
6592,5,0.9989
6593,7,0.6256
6595,0,0.6965
6596,6,0.8459
6597,1,0.5915
6598,6,0.8913
6599,6,0.7537
66,4,0.6207
660,3,0.9709
6600,0,0.7716
6601,6,0.8443
6602,6,0.7475
6603,3,0.6694
661,0,0.5234
662,4,0.845
663,3,0.9283
664,3,0.5153
665,3,0.8723
666,4,0.4525
667,2,0.6965
668,3,0.6548
669,3,0.807
67,4,0.4183
670,2,0.7572
671,4,0.7731
672,2,0.4773
673,3,0.7661
674,2,0.9308
675,4,0.6819
676,2,0.7724
677,4,0.6232
678,3,0.4658
679,2,0.975
68,4,0.999
680,4,0.9977
681,4,0.6665
682,3,0.5773
683,5,0.5531
684,4,0.9788
685,2,0.5128
686,6,0.6376
687,3,0.7199
689,4,0.7944
69,4,0.6464
690,4,0.5018
691,0,0.7029
692,3,0.6994
693,2,0.5545
694,3,0.6732
695,3,0.4839
696,6,0.8157
697,4,0.4099
699,5,0.4662
7,2,0.5754
70,6,0.3989
700,1,0.5996
701,3,0.7906
702,3,0.9981
703,2,0.531
704,4,0.814
705,4,0.7
706,2,0.792
707,7,0.6001
708,3,0.6371
709,2,0.623
71,2,0.9673
710,3,0.9984
712,5,0.9264
713,2,0.5323
714,5,0.7352
715,3,0.9979
716,1,0.6472
717,4,0.8747
718,3,0.7631
719,1,0.4978
72,2,0.5973
720,3,0.63
721,2,0.6641
722,3,0.7351
723,3,0.9925
724,3,0.8917
725,4,0.9986
726,3,0.7821
727,4,0.5361
728,3,0.7367
729,4,0.8374
73,2,0.5004
730,4,0.7984
731,3,0.8095
733,2,0.4811
734,4,0.5523
735,3,0.4442
736,4,0.5038
737,1,0.3278
738,0,0.5012
739,3,0.7704
74,3,0.9968
740,3,0.6866
741,3,0.9862
742,5,0.7304
743,4,0.9982
744,3,0.7192
745,3,0.8223
746,5,0.4073
747,3,0.7582
748,3,0.7469
749,3,0.8509
75,3,0.5048
750,3,0.4131
751,3,0.4387
752,2,0.8063
753,3,0.3319
754,3,0.7623
755,4,0.9974
756,4,0.9982
757,3,0.7688
758,7,0.698
759,3,0.558
76,3,0.58
760,2,0.8197
761,3,0.3487
762,1,0.5063
763,3,0.7953
764,5,0.822
765,5,0.5071
766,2,0.5237
767,1,0.4373
768,2,0.7151
769,3,0.8414
77,4,0.3939
770,5,0.9065
771,2,0.6337
772,3,0.6078
773,5,0.9981
774,3,0.8713
775,4,0.6257
776,4,0.849
777,4,0.5314
778,4,0.9462
779,0,0.5282
78,0,0.4337
780,4,0.9985
781,2,0.4529
782,4,0.4377
783,4,0.9218
784,3,0.9981
786,6,0.6767
787,7,0.4295
788,5,0.7155
789,5,0.3215
79,5,0.5966
790,2,0.5961
791,3,0.9062
792,3,0.8898
793,4,0.4957
794,3,0.7464
795,2,0.4818
796,6,0.472
797,0,0.5486
798,0,0.5042
799,7,0.5327
8,4,0.7801
80,4,0.8449
800,5,0.332
801,3,0.9789
802,3,0.9365
803,3,0.9978
804,6,0.5659
805,7,0.4818
806,4,0.4081
807,3,0.6249
808,7,0.6346
809,2,0.7104
81,2,0.816
810,4,0.596
811,3,0.3876
812,3,0.8574
813,3,0.5372
814,2,0.6135
815,6,0.4797
816,3,0.4692
817,2,0.9174
818,2,0.8551
819,3,0.6575
82,4,0.999
820,5,0.4719
821,3,0.5519
822,3,0.8218
823,3,0.9979
824,3,0.6127
825,3,0.5338
826,3,0.4924
827,2,0.4536
828,3,0.6319
829,2,0.7981
83,3,0.732
830,3,0.4157
831,3,0.5642
832,0,0.4365
833,3,0.7037
834,4,0.9796
835,2,0.9369
836,3,0.9811
837,3,0.7716
838,3,0.3419
839,3,0.771
84,4,0.9988
840,3,0.7376
841,3,0.4615
842,2,0.872
843,5,0.8795
844,3,0.7012
845,2,0.5539
846,3,0.8783
848,5,0.7135
849,3,0.4285
85,3,0.656
850,4,0.9143
851,3,0.5679
852,2,0.6355
853,7,0.2425
854,4,0.52
855,3,0.526
856,0,0.8549
857,3,0.8311
858,3,0.4102
859,3,0.4978
86,2,0.6483
860,3,0.7936
861,3,0.9984
862,2,0.4343
863,7,0.7807
864,4,0.735
865,5,0.5108
866,0,0.6853
867,2,0.9449
868,2,0.9987
869,6,0.4971
87,2,0.5967
870,5,0.8019
871,3,0.7305
872,4,0.4402
873,2,0.5623
874,3,0.4366
875,3,0.6623
876,2,0.5151
877,4,0.7521
878,3,0.3988
879,6,0.3372
88,3,0.7569
880,7,0.6042
881,3,0.7319
882,3,0.8005
883,3,0.7222
884,2,0.9986
885,6,0.4966
886,4,0.723
887,5,0.9535
888,4,0.6987
889,5,0.9975
89,3,0.8569
890,2,0.5608
891,2,0.7451
892,3,0.5713
893,3,0.7444
894,0,0.4436
895,1,0.3985
896,3,0.6549
897,3,0.9983
898,4,0.5785
899,3,0.894
9,4,0.5042
90,2,0.6134
900,7,0.813
901,2,0.3574
902,2,0.8426
903,4,0.9988
904,3,0.5167
905,0,0.125
906,3,0.907
907,3,0.7334
908,3,0.8001
909,7,0.805
91,3,0.8865
910,0,0.6372
911,4,0.4585
912,5,0.8777
913,3,0.6451
914,2,0.9106
915,3,0.9983
916,5,0.9979
917,6,0.6103
918,3,0.9093
919,3,0.4354
92,2,0.3624
921,3,0.7575
922,0,0.4274
923,2,0.4881
924,3,0.8414
925,6,0.3848
926,4,0.9686
927,4,0.6269
928,2,0.7621
929,3,0.9677
93,2,0.6246
930,2,0.4537
931,6,0.5548
932,5,0.8188
933,0,0.6232
934,2,0.6692
935,2,0.4293
936,3,0.8314
938,3,0.4397
939,2,0.359
94,4,0.922
940,0,0.125
941,1,0.6253
942,2,0.9981
943,2,0.4777
944,2,0.773
945,4,0.862
946,3,0.966
947,4,0.9601
948,7,0.5459
949,7,0.9557
95,0,0.503
950,3,0.9081
951,5,0.998
952,3,0.5343
953,3,0.3028
954,2,0.9875
955,0,0.4457
956,3,0.6406
957,4,0.8006
958,2,0.4013
959,3,0.4535
960,3,0.9977
961,3,0.6942
962,3,0.4587
963,2,0.5348
964,3,0.9281
965,3,0.5099
966,1,0.3688
967,4,0.8395
968,2,0.9754
969,2,0.4646
97,2,0.9495
970,1,0.3787
971,3,0.4627
972,4,0.5541
973,7,0.5655
974,4,0.7908
975,3,0.7108
976,3,0.6387
977,0,0.5923
978,2,0.778
979,3,0.4637
98,3,0.7568
980,6,0.5077
981,5,0.9979
982,0,0.6914
983,2,0.6169
984,0,0.9955
985,7,0.554
986,3,0.9273
987,3,0.7929
988,3,0.7646
989,3,0.5752
99,4,0.7451
990,3,0.9008
991,4,0.5598
992,2,0.8059
993,3,0.4061
994,4,0.9986
996,1,0.9164
997,4,0.7988
998,2,0.8082
999,0,0.7679
