paper_id,topic_id
1,3
10,1
100,4
1000,1
1001,1
1002,3
1003,5
1004,1
1005,1
1006,1
1007,1
1008,7
1009,1
101,5
1010,1
1011,1
1012,5
1013,4
1014,4
1015,1
1016,6
1017,2
1018,0
1019,2
102,2
1020,2
1021,1
1022,4
1023,4
1024,4
1025,1
1026,2
1027,2
1028,4
1029,1
103,5
1030,4
1031,1
1032,2
1033,1
1034,1
1035,2
1036,1
1037,1
1038,0
1039,1
104,3
1040,7
1041,6
1042,1
1043,1
1044,1
1045,3
1046,6
1047,3
1048,1
1049,4
105,4
1050,2
1051,1
1052,7
1053,4
1054,0
1055,1
1056,1
1057,4
1058,1
1059,1
106,1
1060,1
1061,0
1062,1
1063,2
1064,0
1065,2
1066,1
1067,1
1068,2
1069,4
107,3
1070,0
1071,4
1072,1
1073,1
1074,3
1075,1
1076,0
1077,1
1078,2
1079,3
108,2
1080,0
1081,1
1082,1
1083,1
1084,3
1085,4
1086,0
1087,1
1088,5
1089,1
109,1
1090,4
1091,0
1092,7
1094,1
1095,0
1096,5
1097,1
1098,2
1099,5
11,1
110,1
1100,1
1101,1
1102,1
1103,3
1104,1
1105,1
1106,2
1107,1
1108,0
1109,0
111,1
1111,1
1112,1
1113,0
1114,2
1115,0
1116,3
1117,5
1118,3
1119,1
112,4
1120,4
1121,0
1122,2
1123,2
1124,0
1125,3
1126,1
1127,1
1128,3
1129,4
113,1
1130,0
1131,6
1132,2
1133,0
1134,1
1135,4
1136,1
1138,1
1139,1
114,1
1140,1
1141,1
1142,1
1143,0
1144,2
1145,2
1146,4
1147,1
1148,4
1149,1
115,4
1150,1
1151,1
1152,1
1153,1
1154,3
1155,1
1156,1
1157,4
1158,4
1159,1
116,4
1160,1
1161,1
1162,1
1163,1
1164,4
1165,5
1166,2
1167,2
1168,3
1169,0
1170,4
1171,5
1172,0
1173,1
1174,4
1175,1
1176,1
1177,1
1178,6
1179,2
118,1
1180,3
1181,1
1182,1
1183,0
1184,1
1185,2
1186,0
1187,6
1188,3
1189,1
119,1
1190,1
1191,2
1192,0
1193,1
1194,0
1195,4
1196,1
1197,1
1198,1
1199,4
12,2
120,4
1200,4
1201,1
1202,2
1203,2
1204,1
1205,1
1206,4
1207,2
1208,3
1209,4
121,1
1210,0
1211,1
1212,1
1213,4
1214,5
1215,1
1216,0
1217,7
1218,2
1219,0
122,1
1220,1
1221,1
1222,6
1223,3
1224,1
1225,1
1226,3
1227,1
1228,1
1229,0
123,1
1230,0
1231,1
1232,1
1233,1
1234,0
1235,0
1236,3
1238,6
1239,1
124,1
1240,3
1241,2
1242,1
1243,1
1244,4
1245,2
1247,0
1248,1
1249,1
125,1
1250,1
1251,2
1252,1
1253,6
1254,1
1255,4
1256,1
1257,1
1258,1
1259,5
126,4
1260,7
1261,1
1262,3
1263,0
1264,5
1265,4
1266,1
1267,1
1268,1
1269,0
127,5
1270,1
1271,1
1272,2
1273,0
1274,4
1275,1
1276,1
1277,2
1278,0
1279,5
128,3
1280,1
1281,5
1282,1
1283,7
1284,0
1285,1
1286,4
1287,4
1288,1
1289,0
129,1
1290,2
1291,3
1292,1
1293,1
1294,3
1295,7
1296,3
1297,0
1298,0
1299,1
13,1
130,7
1301,4
1302,1
1303,1
1304,1
1305,4
1306,1
1307,4
1308,5
1309,3
131,4
1310,3
1311,6
1312,1
1313,1
1314,1
1315,0
1316,5
1317,2
1318,5
1319,4
132,4
1320,1
1321,3
1322,4
1323,1
1324,2
1325,1
1326,6
1327,3
1328,0
1329,3
133,1
1330,4
1331,5
1332,3
1333,0
1334,3
1335,1
1336,4
1337,4
1338,4
1339,2
134,1
1340,0
1341,5
1342,0
1343,0
1344,1
1345,4
1346,3
1347,1
1348,2
1349,0
135,1
1350,1
1351,3
1352,3
1353,2
1354,3
1355,1
1356,1
1357,6
1358,1
1359,5
136,1
1360,3
1361,1
1362,2
1363,7
1364,3
1365,3
1366,0
1367,4
1368,4
1369,1
137,1
1370,1
1371,6
1372,6
1373,1
1374,4
1375,0
1376,7
1377,2
1378,1
1379,5
138,2
1380,2
1381,2
1382,1
1383,0
1384,0
1385,1
1386,0
1387,6
1388,0
1389,1
139,1
1390,1
1391,4
1392,1
1393,1
1394,2
1395,4
1396,4
1397,5
1398,2
1399,3
14,1
140,1
1400,1
1401,4
1402,2
1403,2
1404,0
1405,1
1406,2
1407,0
1408,0
1409,2
141,1
1410,0
1411,2
1412,4
1413,2
1414,3
1415,2
1416,3
1417,1
1418,0
1419,0
142,1
1420,0
1421,3
1422,2
1423,2
1424,0
1425,1
1426,1
1427,0
1429,2
143,5
1430,6
1431,0
1432,1
1433,4
1434,1
1435,3
1436,1
1437,2
1438,1
1439,4
144,2
1440,1
1441,1
1442,4
1443,3
1444,2
1445,3
1446,0
1447,0
1449,1
145,1
1450,3
1452,1
1453,1
1454,5
1455,3
1456,2
1457,6
1458,4
1459,1
146,1
1460,3
1461,4
1462,4
1463,2
1464,0
1465,0
1466,0
1467,1
1468,1
1469,1
147,3
1470,1
1471,2
1472,1
1473,2
1474,3
1475,0
1476,2
1477,4
1478,0
1479,7
148,1
1480,1
1481,0
1482,3
1483,2
1484,5
1485,6
1486,2
1487,2
1488,2
1489,4
149,5
1490,5
1491,6
1492,0
1493,7
1494,4
1495,1
1496,2
1497,2
1498,1
1499,3
15,4
150,1
1500,2
1501,0
1502,2
1503,7
1504,3
1505,2
1506,1
1507,0
1508,2
1509,0
151,4
1510,4
1511,2
1512,5
1513,0
1514,6
1515,1
1516,3
1517,0
1518,4
1519,7
152,3
1520,6
1521,2
1522,2
1523,0
1525,0
1526,4
1527,6
1528,2
1529,1
153,3
1530,1
1531,0
1532,2
1533,4
1534,3
1535,5
1536,1
1537,2
1538,7
1539,2
154,5
1540,3
1541,4
1542,2
1543,2
1544,2
1545,0
1546,4
1547,2
1548,1
1549,2
155,1
1550,0
1551,1
1552,7
1553,0
1554,4
1555,1
1556,2
1557,1
1558,1
1559,1
156,1
1560,2
1561,2
1562,1
1563,6
1564,5
1565,0
1567,3
1568,0
1569,4
157,1
1570,0
1571,6
1572,4
1573,0
1574,3
1575,6
1576,0
1577,6
1578,1
1579,1
158,1
1580,2
1581,3
1582,6
1583,2
1584,3
1585,2
1586,0
1587,4
1588,0
1589,3
159,4
1590,3
1591,4
1592,3
1593,7
1594,2
1596,3
1597,7
1598,1
1599,1
16,1
160,1
1600,4
1601,4
1602,3
1603,0
1604,0
1605,1
1606,1
1607,0
1608,5
1609,3
161,3
1610,0
1611,4
1612,3
1613,3
1614,1
1615,1
1616,4
1617,5
1618,3
1619,1
162,5
1620,4
1621,1
1622,6
1623,0
1624,1
1625,7
1626,3
1627,0
1628,4
1629,3
163,2
1630,1
1631,1
1632,2
1633,4
1634,2
1635,4
1636,1
1637,2
1638,3
1639,0
164,5
1640,5
1641,5
1642,2
1643,5
1644,7
1645,6
1646,2
1647,3
1648,0
1649,1
165,1
1650,5
1651,7
1652,6
1653,0
1654,6
1655,3
1656,4
1657,4
1658,4
1659,5
166,4
1660,2
1661,0
1662,3
1663,6
1664,0
1665,2
1666,2
1667,1
1668,3
1669,1
167,4
1670,3
1671,0
1672,2
1673,0
1674,7
1675,3
1676,1
1677,0
1678,1
1679,2
168,2
1680,0
1681,2
1682,2
1683,0
1685,5
1686,2
1687,0
1688,1
1689,0
169,1
1690,4
1691,0
1692,1
1693,1
1694,6
1695,1
1696,1
1697,1
1698,2
1699,0
17,3
170,4
1700,0
1702,1
1703,4
1704,1
1705,4
1706,7
1707,4
1708,7
1709,1
171,4
1710,3
1711,6
1712,6
1713,0
1714,2
1715,6
1716,2
1717,0
1718,0
1719,6
172,4
1720,4
1721,0
1722,6
1723,6
1724,4
1725,4
1726,2
1727,0
1728,4
1729,3
173,1
1730,5
1731,2
1732,4
1733,2
1734,2
1735,0
1736,6
1737,0
1738,2
1739,0
174,1
1740,0
1741,2
1742,3
1743,2
1744,5
1745,2
1746,4
1747,3
1748,0
1749,2
175,1
1750,3
1751,4
1752,4
1753,0
1754,1
1755,6
1757,0
1758,4
1759,1
1760,4
1761,3
1762,2
1763,2
1764,1
1765,2
1766,0
1767,2
1768,2
1769,6
177,4
1770,0
1771,6
1772,0
1773,5
1774,1
1775,0
1776,1
1777,2
1778,2
1779,1
178,2
1780,1
1781,4
1782,1
1783,4
1784,3
1785,3
1786,0
1787,2
1788,2
1789,6
179,1
1790,6
1791,6
1792,3
1793,4
1794,0
1795,5
1796,1
1797,0
1798,3
1799,4
18,4
180,1
1800,2
1801,3
1802,6
1803,5
1804,3
1805,0
1806,0
1807,1
1808,0
1809,4
181,1
1810,2
1811,0
1812,2
1813,4
1814,6
1815,1
1816,4
1817,2
1818,2
1819,2
182,4
1820,1
1821,5
1822,6
1823,7
1824,5
1825,6
1826,2
1827,3
1828,1
1829,4
183,3
1830,3
1831,0
1832,5
1833,0
1834,1
1835,3
1836,1
1837,0
1838,3
1839,1
184,4
1840,0
1841,0
1842,2
1843,3
1844,6
1845,2
1846,2
1847,0
1848,5
1849,0
185,1
1850,6
1851,4
1852,1
1853,2
1854,0
1855,6
1856,0
1857,5
1858,3
1859,3
186,1
1860,2
1861,0
1862,6
1863,1
1864,0
1865,2
1866,4
1867,4
1868,6
1869,6
187,4
1870,6
1871,2
1872,4
1873,6
1874,3
1875,3
1876,6
1877,3
1878,3
1879,0
188,1
1880,6
1881,7
1882,4
1883,1
1884,4
1885,2
1886,3
1887,6
1888,1
1889,3
189,1
1890,5
1891,0
1892,2
1893,6
1894,4
1895,1
1896,7
1897,2
1898,3
1899,0
19,7
190,3
1900,2
1901,2
1902,4
1903,1
1904,2
1905,1
1906,0
1907,2
1908,2
1909,3
191,1
1910,4
1911,0
1912,3
1913,3
1914,4
1915,1
1916,3
1917,2
1918,1
1919,1
192,1
1920,1
1921,3
1922,6
1923,4
1924,0
1925,2
1926,2
1927,0
1928,6
1929,2
193,5
1930,6
1931,2
1932,5
1933,6
1934,1
1935,0
1936,0
1937,3
1938,2
1939,0
194,0
1940,5
1941,0
1942,1
1943,2
1944,0
1945,2
1946,6
1947,7
1948,0
1949,1
195,1
1950,3
1951,6
1952,7
1953,1
1954,7
1955,1
1956,2
1957,4
1958,6
1959,0
196,4
1960,1
1961,5
1962,3
1963,0
1964,6
1965,2
1966,2
1967,5
1968,1
1969,1
197,1
1970,0
1971,1
1972,4
1973,2
1974,2
1975,6
1976,6
1977,1
1978,0
1979,7
198,1
1980,7
1981,0
1982,4
1983,2
1984,0
1985,6
1986,0
1987,1
1988,4
1989,2
199,2
1990,0
1991,1
1992,7
1993,3
1994,4
1995,4
1996,6
1997,2
1998,0
1999,2
2,0
20,4
200,1
2000,4
2001,5
2002,6
2003,0
2004,0
2005,2
2006,4
2007,6
2008,2
2009,5
201,1
2010,0
2011,2
2012,2
2013,5
2014,6
2015,2
2016,2
2017,0
2018,3
2019,2
202,5
2020,2
2021,4
2022,3
2023,0
2024,6
2025,1
2026,2
2027,6
2028,6
2029,5
203,1
2030,6
2031,4
2032,1
2033,7
2034,2
2035,2
2036,6
2037,6
2038,4
2039,0
204,3
2040,0
2041,2
2042,2
2043,0
2044,6
2045,4
2046,3
2047,5
2048,2
2049,0
205,1
2050,5
2051,0
2052,0
2053,0
2054,6
2055,2
2056,4
2057,5
2058,0
2059,6
206,1
2060,3
2061,5
2062,2
2063,2
2064,0
2065,7
2066,2
2067,3
2068,5
2069,2
207,1
2070,2
2071,0
2072,6
2073,0
2074,3
2075,4
2076,4
2077,7
2078,0
2079,1
208,1
2080,2
2081,2
2082,2
2083,7
2084,6
2085,2
2086,0
2087,6
2088,4
2089,6
209,7
2090,6
2091,3
2092,7
2093,2
2094,6
2095,0
2096,2
2097,6
2098,3
2099,4
21,1
210,1
2100,6
2101,0
2102,2
2103,2
2104,1
2105,0
2106,5
2107,5
2108,0
2109,3
211,1
2110,2
2111,1
2112,4
2113,0
2114,3
2115,4
2116,6
2117,3
2118,0
2119,3
212,1
2120,2
2121,2
2122,0
2123,6
2124,4
2125,0
2126,3
2127,6
2128,6
2129,0
213,1
2130,2
2131,6
2132,6
2133,6
2134,0
2135,7
2136,0
2137,1
2138,0
2139,7
214,1
2140,6
2141,3
2142,4
2143,0
2144,0
2145,3
2146,2
2147,0
2148,6
2149,7
215,4
2150,2
2151,6
2152,4
2153,2
2154,0
2155,2
2156,0
2157,3
2158,2
2159,6
216,1
2160,5
2161,6
2162,0
2163,3
2164,7
2165,6
2166,0
2167,3
2168,0
2169,3
217,1
2170,5
2171,0
2172,5
2173,6
2174,2
2175,6
2176,2
2177,3
2178,2
2179,6
218,1
2180,2
2181,5
2182,5
2183,7
2184,3
2185,2
2186,2
2187,6
2188,4
2189,4
219,4
2190,4
2191,2
2192,0
2193,6
2194,2
2195,0
2196,6
2197,7
2198,0
2199,7
22,4
220,4
2200,3
2201,4
2202,6
2203,6
2204,0
2205,6
2206,5
2207,6
2208,0
2209,6
221,4
2210,3
2211,4
2212,7
2213,0
2214,7
2215,7
2216,6
2217,3
2218,6
2219,2
222,1
2220,5
2221,6
2222,6
2223,7
2224,0
2225,3
2226,7
2227,2
2228,0
2229,4
223,4
2230,6
2231,7
2232,3
2233,4
2234,3
2235,6
2236,1
2237,4
2238,2
2239,7
224,3
2240,6
2241,0
2242,6
2243,4
2244,2
2245,4
2246,2
2247,4
2248,7
2249,2
225,1
2250,2
2251,1
2252,3
2253,5
2254,2
2255,2
2256,6
2257,6
2258,2
2259,0
226,0
2260,2
2261,0
2262,7
2263,5
2264,0
2265,4
2266,3
2267,0
2268,3
2269,0
227,1
2270,4
2271,3
2272,6
2273,6
2274,6
2275,2
2276,3
2277,3
2278,7
2279,0
228,7
2280,6
2281,0
2282,2
2283,2
2284,7
2285,5
2286,3
2287,2
2288,3
2289,0
229,1
2290,7
2291,0
2292,7
2293,6
2294,6
2295,0
2296,3
2297,6
2298,1
2299,0
23,4
230,5
2300,6
2301,2
2302,5
2303,0
2304,2
2305,0
2306,5
2307,4
2308,7
2309,6
231,2
2310,2
2311,1
2312,4
2313,2
2314,2
2315,3
2316,6
2317,0
2318,1
2319,0
232,1
2320,6
2321,3
2322,0
2323,3
2324,6
2325,2
2326,2
2327,6
2328,5
2329,4
233,5
2330,4
2331,4
2332,2
2333,0
2334,4
2335,2
2336,6
2337,4
2338,3
2339,5
234,1
2340,7
2341,5
2342,4
2343,1
2344,2
2345,7
2346,2
2347,2
2348,0
2349,5
235,4
2350,6
2351,6
2352,3
2353,5
2354,5
2355,3
2356,4
2357,6
2358,2
2359,3
236,3
2360,0
2361,7
2362,6
2363,5
2364,5
2365,0
2366,6
2367,0
2368,5
2369,4
237,4
2370,7
2371,6
2372,5
2373,5
2374,2
2375,4
2376,0
2377,2
2378,0
2379,7
238,1
2380,0
2381,3
2382,0
2383,5
2384,0
2385,0
2386,3
2387,0
2388,7
2389,4
239,4
2390,0
2391,2
2392,6
2393,2
2394,2
2395,4
2396,7
2397,6
2398,3
2399,7
24,4
240,3
2400,2
2401,4
2402,3
2403,6
2404,0
2405,2
2406,7
2407,5
2408,4
2409,3
241,3
2410,0
2411,5
2412,2
2413,2
2414,2
2415,2
2416,0
2417,6
2418,2
2419,5
242,1
2420,2
2421,6
2422,6
2423,2
2424,0
2425,1
2426,3
2427,2
2428,7
2429,2
243,4
2430,0
2431,2
2432,0
2433,0
2434,0
2435,6
2436,0
2437,5
2438,5
2439,0
244,4
2440,0
2441,4
2442,6
2443,3
2444,0
2445,7
2446,4
2447,5
2448,1
2449,3
245,4
2450,6
2451,0
2452,1
2453,0
2454,0
2455,2
2456,0
2457,7
2458,6
2459,2
246,2
2460,3
2461,6
2462,0
2463,3
2464,3
2465,2
2466,2
2467,5
2468,0
2469,5
2470,6
2471,4
2472,4
2473,2
2474,3
2475,1
2476,5
2477,6
2478,0
2479,3
248,1
2480,2
2481,2
2482,5
2483,6
2484,6
2485,0
2486,7
2487,3
2488,7
2489,0
249,4
2490,4
2491,4
2492,3
2493,3
2494,1
2495,0
2496,6
2497,3
2498,5
2499,2
25,3
250,1
2500,7
2501,6
2502,3
2503,0
2504,6
2505,7
2506,6
2507,7
2508,2
2509,2
251,4
2510,5
2511,1
2512,7
2513,6
2514,2
2515,3
2516,6
2517,2
2518,0
2519,2
252,4
2520,3
2521,0
2522,4
2523,6
2524,1
2525,2
2526,7
2527,0
2528,0
2529,7
253,1
2530,2
2531,5
2532,0
2533,4
2534,4
2535,0
2536,5
2537,0
2538,7
2539,4
254,4
2540,6
2541,6
2542,3
2543,3
2544,0
2545,5
2546,2
2547,3
2548,4
2549,0
255,4
2550,6
2551,6
2552,0
2553,2
2554,2
2555,3
2556,7
2557,5
2558,5
2559,7
256,4
2560,0
2561,2
2562,4
2563,0
2564,1
2565,2
2566,6
2567,3
2568,0
2569,2
257,1
2570,2
2571,3
2572,7
2573,6
2574,2
2575,5
2576,6
2577,7
2578,7
2579,0
258,4
2580,6
2581,2
2582,4
2583,2
2584,0
2585,7
2586,0
2587,2
2588,4
2589,4
259,1
2590,6
2591,7
2592,2
2593,0
2594,6
2595,6
2596,6
2597,0
2598,0
2599,5
26,5
260,1
2600,0
2601,3
2602,7
2603,1
2604,3
2605,2
2606,0
2607,5
2608,6
2609,0
261,1
2610,7
2611,3
2612,7
2613,0
2614,5
2615,6
2616,3
2617,0
2618,3
2619,7
262,1
2620,6
2621,0
2622,3
2623,0
2624,2
2625,0
2626,7
2627,7
2628,0
2629,0
263,1
2630,6
2631,0
2632,7
2633,0
2634,0
2635,1
2636,0
2637,0
2638,3
2639,7
264,3
2640,7
2641,3
2642,3
2643,4
2644,6
2645,0
2646,3
2647,6
2648,3
2649,4
265,5
2650,5
2651,3
2652,3
2653,6
2654,3
2655,0
2656,6
2657,0
2658,3
2659,3
266,1
2660,2
2661,5
2662,6
2663,3
2664,2
2665,6
2666,5
2667,2
2668,2
2669,6
267,1
2670,0
2671,1
2672,2
2673,0
2674,4
2675,6
2676,6
2677,0
2678,2
2679,5
268,7
2680,0
2681,7
2682,5
2683,4
2684,3
2685,6
2686,6
2687,0
2688,5
2689,3
269,1
2690,1
2691,2
2692,7
2693,2
2694,4
2695,6
2696,2
2697,4
2698,2
2699,3
27,4
270,3
2700,0
2701,6
2702,6
2703,2
2704,5
2705,2
2706,2
2707,1
2708,7
2709,6
2710,0
2711,2
2712,2
2713,6
2714,2
2715,2
2716,4
2717,6
2718,5
2719,6
272,4
2720,6
2721,2
2722,0
2723,5
2724,6
2725,6
2726,0
2727,0
2728,6
2729,0
273,1
2730,0
2731,4
2732,3
2733,3
2734,0
2735,3
2736,0
2737,4
2738,6
2739,6
274,5
2740,2
2741,5
2742,5
2743,6
2744,1
2745,2
2746,3
2747,1
2748,2
2749,1
275,1
2750,4
2751,6
2752,4
2753,2
2754,0
2755,0
2756,6
2757,0
2758,3
2759,6
276,4
2760,7
2761,2
2762,6
2763,0
2764,7
2765,4
2766,5
2767,0
2768,2
2769,4
277,0
2770,0
2771,0
2772,3
2773,5
2774,2
2775,0
2776,2
2777,2
2778,0
2779,0
2780,0
2781,7
2782,7
2783,6
2784,2
2785,0
2786,0
2787,6
2788,5
2789,5
279,1
2790,0
2791,6
2792,6
2793,7
2794,5
2795,6
2796,3
2797,3
2798,6
2799,3
28,7
280,4
2800,1
2801,2
2802,4
2803,2
2804,5
2805,2
2806,0
2807,2
2808,6
2809,2
281,5
2810,6
2811,5
2812,0
2813,0
2814,3
2815,2
2816,6
2817,7
2818,0
2819,7
282,7
2820,2
2821,0
2822,2
2823,4
2824,4
2825,0
2826,5
2827,2
2828,6
2829,6
283,1
2830,3
2831,0
2832,2
2833,5
2834,0
2835,6
2836,0
2837,3
2838,3
2839,0
284,5
2840,2
2841,4
2842,2
2843,6
2844,0
2845,4
2846,2
2847,3
2848,6
2849,6
285,4
2850,6
2851,0
2852,4
2853,7
2854,7
2855,2
2856,6
2857,6
2858,4
2859,4
286,1
2860,0
2861,6
2862,6
2863,6
2864,4
2865,7
2866,6
2867,7
2868,2
2869,2
287,1
2870,7
2871,5
2872,2
2873,1
2874,4
2875,2
2876,4
2877,0
2878,6
2879,2
288,4
2880,7
2881,6
2882,3
2883,0
2884,0
2885,4
2886,4
2887,2
2888,2
2889,4
289,1
2890,6
2891,6
2892,5
2893,4
2894,4
2895,2
2896,7
2897,4
2898,5
2899,3
29,4
290,1
2900,0
2901,3
2902,7
2903,2
2904,5
2905,0
2906,2
2907,1
2908,5
2909,7
291,1
2910,5
2911,5
2912,2
2913,5
2914,6
2915,5
2916,6
2917,3
2918,2
2919,2
292,5
2920,0
2921,3
2922,5
2923,2
2924,2
2925,0
2926,3
2927,3
2928,6
2929,2
293,1
2930,3
2931,4
2932,6
2933,0
2934,7
2935,2
2936,3
2937,3
2938,6
2939,3
294,1
2940,2
2941,2
2942,7
2943,0
2944,2
2945,6
2946,2
2947,6
2948,7
2949,3
295,1
2950,4
2951,0
2952,7
2953,5
2954,5
2955,1
2956,2
2957,3
2958,2
2959,0
296,1
2960,5
2961,6
2962,6
2963,0
2964,3
2965,2
2966,2
2967,1
2968,5
2969,7
297,2
2970,6
2971,0
2972,0
2973,5
2974,2
2975,2
2976,3
2977,7
2978,6
2979,0
298,1
2980,7
2981,3
2982,5
2983,0
2984,0
2985,7
2986,4
2987,0
2988,6
2989,5
299,3
2990,0
2991,6
2992,0
2993,0
2994,2
2995,0
2996,5
2997,5
2998,6
2999,6
3,5
30,1
300,5
3000,7
3001,0
3002,0
3003,1
3004,0
3005,6
3006,4
3007,0
3008,3
3009,3
301,1
3010,3
3011,4
3012,0
3013,0
3014,6
3015,7
3016,3
3017,2
3018,3
3019,2
302,1
3020,5
3021,3
3022,2
3023,2
3024,3
3025,7
3026,0
3027,2
3028,4
3029,3
303,1
3030,6
3031,4
3032,2
3033,2
3034,6
3035,3
3036,2
3037,3
3038,0
3039,0
304,4
3040,3
3041,2
3042,3
3043,5
3044,6
3045,2
3046,5
3047,3
3048,1
3049,7
3050,2
3051,6
3052,0
3053,0
3054,3
3055,2
3056,6
3057,5
3058,0
3059,6
306,4
3060,5
3061,2
3062,2
3063,3
3064,7
3065,6
3066,0
3067,6
3068,0
3069,7
307,1
3070,4
3071,5
3072,7
3073,7
3074,6
3075,6
3076,3
3077,3
3078,2
3079,5
308,0
3080,7
3081,3
3082,0
3083,3
3084,5
3085,3
3086,6
3087,0
3088,6
3089,0
309,1
3090,6
3091,0
3092,0
3093,4
3094,1
3095,5
3096,4
3097,2
3098,0
3099,6
31,2
310,1
3100,5
3101,2
3102,4
3103,6
3104,0
3105,2
3106,4
3107,0
3108,6
3109,6
311,4
3110,6
3111,3
3112,3
3113,2
3114,4
3115,7
3116,7
3117,5
3118,5
3119,2
312,0
3120,0
3121,6
3122,3
3123,4
3124,0
3125,0
3126,3
3127,3
3128,5
3129,5
313,1
3130,3
3131,3
3132,0
3133,6
3134,6
3135,5
3136,7
3137,7
3138,5
3139,5
314,4
3140,4
3141,2
3142,0
3143,0
3144,0
3145,5
3146,3
3147,2
3148,5
3149,2
315,1
3150,0
3151,2
3152,2
3153,1
3154,3
3155,2
3156,0
3157,6
3158,2
3159,0
316,2
3160,2
3161,4
3162,5
3163,0
3164,5
3165,2
3166,0
3167,6
3168,4
3169,3
317,3
3170,2
3171,2
3172,2
3173,3
3174,4
3175,2
3176,7
3177,2
3178,0
3179,0
318,1
3180,0
3181,7
3182,6
3183,0
3184,6
3185,2
3186,5
3187,0
3188,0
3189,6
319,5
3190,2
3191,0
3192,0
3193,6
3194,2
3195,7
3196,2
3197,0
3198,3
3199,0
32,4
320,4
3200,5
3201,6
3202,6
3203,2
3204,2
3205,2
3206,3
3207,2
3208,2
3209,0
321,1
3210,3
3211,6
3212,0
3213,1
3214,2
3215,6
3216,2
3217,3
3218,6
3219,2
322,2
3220,4
3221,4
3222,7
3223,5
3224,2
3225,6
3226,2
3227,7
3228,0
3229,6
323,1
3230,0
3231,6
3232,2
3233,0
3234,0
3235,3
3236,6
3237,2
3238,0
3239,0
324,1
3240,5
3241,0
3242,4
3243,6
3244,2
3245,6
3246,2
3247,5
3248,6
3249,0
325,1
3250,5
3251,1
3252,3
3253,0
3254,3
3255,7
3256,4
3257,2
3258,0
3259,2
326,1
3260,6
3261,1
3262,2
3263,0
3264,3
3265,3
3266,7
3267,3
3268,3
3269,7
327,1
3270,6
3271,3
3272,6
3273,4
3274,5
3275,5
3276,5
3277,2
3278,3
3279,3
328,1
3280,2
3281,5
3282,0
3283,7
3284,5
3285,5
3286,2
3287,2
3288,2
3289,3
329,3
3290,0
3291,0
3292,2
3293,0
3294,2
3295,0
3296,2
3297,0
3298,0
3299,4
33,0
330,1
3300,4
3301,2
3302,5
3303,0
3304,6
3305,0
3306,0
3307,6
3308,5
3309,3
331,1
3310,2
3311,2
3312,2
3313,4
3314,6
3315,2
3316,4
3317,2
3318,0
3319,0
332,6
3320,2
3321,0
3322,5
3323,0
3324,2
3325,0
3326,7
3327,5
3328,2
3329,0
333,3
3330,2
3331,2
3332,2
3333,2
3334,4
3335,6
3336,2
3337,1
3338,6
3339,6
334,4
3340,6
3341,0
3342,2
3343,0
3344,7
3345,2
3346,2
3347,2
3348,6
3349,4
335,5
3350,0
3351,6
3352,6
3353,7
3354,5
3355,0
3356,6
3357,0
3358,0
3359,0
336,1
3360,2
3361,5
3362,2
3363,1
3364,4
3365,2
3366,2
3367,3
3368,6
3369,2
337,0
3370,6
3371,0
3372,0
3373,5
3374,0
3375,0
3376,6
3377,4
3378,3
3379,5
338,1
3380,2
3381,3
3382,3
3383,3
3384,2
3385,2
3386,0
3387,6
3388,0
3389,3
339,6
3390,5
3391,4
3392,0
3393,6
3394,4
3395,7
3396,6
3397,0
3398,2
3399,2
34,4
340,1
3400,0
3401,0
3402,3
3403,2
3404,0
3405,2
3406,5
3407,6
3408,7
3409,2
341,1
3410,2
3411,5
3412,7
3413,5
3414,0
3415,5
3416,5
3417,6
3418,6
3419,4
342,1
3420,7
3421,4
3422,0
3423,0
3424,0
3425,6
3426,7
3427,1
3428,6
3429,7
343,0
3430,3
3431,0
3432,0
3433,6
3434,2
3435,3
3436,5
3437,0
3438,7
3439,4
344,1
3440,6
3441,6
3442,2
3443,6
3444,0
3445,0
3446,0
3447,0
3448,2
3449,1
3450,3
3451,0
3452,0
3453,2
3454,0
3455,2
3456,0
3457,0
3458,2
3459,0
346,4
3460,6
3461,4
3462,2
3463,5
3464,3
3465,2
3466,6
3467,7
3468,2
3469,0
347,4
3470,0
3471,0
3472,3
3473,0
3474,2
3475,5
3476,2
3477,0
3478,7
3479,0
348,1
3480,7
3481,2
3482,3
3483,7
3484,0
3485,0
3486,0
3487,3
3488,6
3489,0
349,1
3490,2
3491,7
3492,3
3493,3
3494,4
3495,0
3496,5
3497,2
3498,0
3499,7
35,4
350,2
3500,0
3501,0
3502,5
3503,2
3504,0
3505,5
3506,3
3507,1
3508,2
3509,4
351,1
3510,0
3511,0
3512,7
3513,4
3514,0
3515,6
3516,2
3517,4
3518,2
3519,2
352,7
3520,6
3521,3
3522,2
3523,0
3524,2
3525,5
3526,0
3527,6
3528,1
3529,6
353,4
3530,2
3531,3
3532,2
3533,3
3534,6
3535,1
3536,2
3537,7
3538,0
3539,6
354,0
3540,3
3541,6
3542,6
3543,5
3544,0
3545,0
3546,2
3547,5
3548,2
3549,5
355,1
3550,0
3551,0
3552,4
3553,6
3554,0
3555,4
3556,6
3557,0
3558,3
3559,2
356,2
3560,2
3561,0
3562,7
3563,2
3564,2
3565,3
3566,6
3567,2
3568,5
3569,0
357,1
3570,4
3571,1
3572,6
3573,2
3574,6
3575,0
3576,3
3577,1
3578,5
3579,3
358,1
3580,0
3581,5
3582,2
3583,2
3584,2
3585,0
3586,0
3587,2
3588,2
3589,2
359,2
3590,5
3591,0
3592,7
3593,4
3594,0
3595,6
3596,0
3597,0
3598,3
3599,2
36,1
360,1
3600,0
3601,2
3602,6
3603,2
3604,5
3605,5
3606,4
3607,6
3608,6
3609,0
361,1
3610,7
3611,0
3612,6
3613,2
3614,0
3615,2
3616,0
3617,6
3618,5
3619,2
362,1
3620,3
3621,3
3622,2
3623,5
3624,2
3625,2
3626,0
3627,2
3628,6
3629,0
363,1
3630,7
3631,4
3632,6
3633,3
3634,0
3635,0
3636,4
3637,2
3638,2
3639,6
364,4
3640,2
3641,2
3642,2
3643,2
3644,3
3645,2
3646,0
3647,3
3648,0
3649,6
365,1
3650,3
3651,2
3652,7
3653,2
3654,5
3655,3
3656,4
3657,2
3658,3
3659,2
366,4
3660,1
3661,6
3662,2
3663,3
3664,0
3665,1
3666,6
3667,3
3668,2
3669,2
367,4
3670,2
3671,6
3672,4
3673,2
3674,1
3675,6
3676,0
3677,0
3678,7
3679,0
368,4
3680,3
3681,0
3682,5
3683,0
3684,0
3685,2
3686,2
3687,2
3688,0
3689,0
369,1
3690,1
3691,3
3692,6
3693,0
3694,5
3695,4
3696,3
3697,0
3698,0
3699,2
37,1
370,2
3700,2
3701,3
3702,1
3703,0
3704,0
3705,3
3706,1
3707,3
3708,0
3709,6
371,4
3710,6
3711,5
3712,3
3713,5
3714,7
3715,3
3716,1
3717,2
3718,3
3719,0
372,1
3720,2
3721,0
3722,0
3723,0
3724,7
3725,5
3726,4
3727,2
3728,0
3729,3
373,1
3730,0
3731,2
3732,3
3733,4
3734,7
3735,2
3736,0
3737,2
3738,6
3739,5
374,1
3740,2
3741,3
3742,2
3743,7
3744,4
3745,5
3746,2
3747,2
3748,6
3749,6
375,3
3750,6
3751,2
3752,5
3753,0
3754,7
3755,0
3756,5
3757,3
3758,0
3759,3
376,4
3760,2
3761,0
3762,0
3763,5
3764,6
3765,0
3766,3
3767,0
3768,0
3769,6
377,1
3770,0
3771,0
3772,4
3773,2
3774,4
3775,0
3776,3
3777,0
3778,7
3779,5
378,3
3780,2
3781,0
3782,4
3783,2
3784,0
3785,3
3786,0
3787,0
3788,7
3789,2
379,2
3790,1
3791,3
3792,5
3793,0
3794,2
3795,0
3796,6
3797,3
3798,3
3799,0
38,4
380,1
3800,5
3801,2
3802,6
3803,7
3804,6
3805,2
3806,2
3807,5
3808,3
3809,0
381,3
3810,5
3811,0
3812,7
3813,6
3814,0
3815,3
3816,3
3817,0
3818,0
3819,5
382,1
3820,3
3821,0
3822,0
3823,0
3824,0
3825,0
3826,6
3827,5
3828,3
3829,5
383,1
3830,2
3831,4
3832,5
3833,2
3834,2
3835,2
3836,2
3837,6
3838,6
3839,4
384,1
3840,6
3841,4
3842,0
3843,7
3844,0
3845,2
3846,2
3847,0
3848,0
3849,2
385,1
3850,0
3851,3
3852,7
3853,7
3854,2
3855,7
3856,2
3857,0
3858,5
3859,0
386,1
3860,3
3861,3
3862,2
3863,7
3864,5
3865,2
3866,3
3867,2
3868,3
3869,1
387,1
3870,2
3871,0
3872,3
3873,2
3874,6
3875,6
3876,2
3877,2
3878,0
3879,0
388,2
3880,6
3881,1
3882,0
3883,0
3884,0
3885,3
3886,2
3887,3
3888,0
3889,2
389,5
3890,0
3891,5
3892,2
3893,0
3894,0
3895,2
3896,0
3897,0
3898,0
3899,5
39,4
390,1
3900,4
3901,7
3902,0
3903,2
3904,0
3905,6
3906,2
3907,7
3908,0
3909,5
391,1
3910,5
3911,5
3912,7
3913,5
3914,6
3915,2
3916,5
3917,2
3918,3
3919,0
392,5
3920,0
3921,0
3922,0
3923,3
3924,7
3925,2
3926,0
3927,2
3928,0
3929,3
393,1
3930,3
3931,5
3932,6
3933,0
3934,2
3935,1
3936,0
3937,2
3938,2
3939,4
394,1
3940,2
3941,6
3942,0
3943,2
3944,5
3945,2
3946,2
3947,2
3948,2
3949,2
395,1
3950,1
3951,2
3952,0
3953,3
3954,6
3955,3
3956,2
3957,5
3958,0
3959,0
396,3
3960,0
3961,5
3962,0
3963,5
3964,0
3965,5
3966,5
3967,2
3968,3
3969,2
397,1
3970,4
3971,0
3972,0
3973,6
3974,0
3975,0
3976,2
3977,0
3978,5
3979,7
398,4
3980,1
3981,5
3982,3
3983,6
3984,0
3985,6
3986,0
3987,0
3988,6
3989,2
399,1
3990,6
3991,0
3992,2
3993,5
3994,0
3995,4
3996,6
3997,3
3998,0
3999,0
4,0
40,4
400,7
4000,6
4001,2
4002,2
4003,3
4004,0
4005,0
4006,0
4007,3
4008,3
4009,0
401,1
4010,5
4011,5
4012,3
4013,0
4014,0
4015,0
4016,3
4017,0
4018,0
4019,0
402,0
4020,4
4021,5
4022,7
4023,2
4024,0
4025,0
4026,0
4027,5
4028,0
4029,4
403,3
4030,2
4031,0
4032,0
4033,0
4034,6
4035,0
4036,5
4037,0
4038,7
4039,7
404,1
4040,6
4041,3
4042,6
4043,3
4044,5
4045,7
4046,5
4047,6
4048,0
4049,3
405,1
4050,2
4051,1
4052,5
4053,2
4054,0
4055,2
4056,4
4057,5
4058,5
4059,5
406,1
4060,3
4061,1
4062,6
4063,0
4064,3
4065,2
4066,2
4067,3
4068,7
4069,0
407,0
4070,4
4071,7
4072,5
4073,0
4074,3
4075,5
4076,4
4077,6
4078,7
4079,5
408,1
4080,5
4081,6
4082,2
4083,0
4084,0
4085,3
4086,0
4087,5
4088,0
4089,3
4090,0
4091,7
4092,3
4093,3
4094,2
4095,7
4096,0
4097,3
4098,6
4099,0
41,1
410,4
4100,2
4101,7
4102,0
4103,5
4104,3
4105,3
4106,7
4107,0
4108,5
4109,2
411,1
4110,7
4111,0
4112,3
4113,5
4114,2
4115,7
4116,0
4117,0
4118,3
4119,7
412,1
4120,3
4121,3
4122,6
4123,0
4124,7
4125,2
4126,6
4127,4
4128,3
4129,2
413,1
4130,4
4131,6
4132,2
4133,3
4134,2
4135,0
4136,1
4137,0
4138,3
4139,7
414,1
4140,5
4141,2
4142,0
4143,3
4144,0
4145,3
4146,0
4147,6
4148,3
4149,3
415,1
4150,0
4151,2
4152,7
4153,7
4154,7
4155,4
4156,0
4157,0
4158,5
4159,6
416,5
4160,0
4161,2
4162,2
4163,6
4164,5
4165,5
4166,0
4167,4
4168,6
4169,2
417,1
4170,5
4171,5
4172,4
4173,2
4174,6
4175,7
4176,7
4177,6
4178,5
4179,3
418,5
4180,0
4181,0
4182,6
4183,3
4184,3
4185,5
4186,3
4187,7
4188,5
4189,3
419,1
4190,0
4191,0
4192,7
4193,7
4194,5
4195,6
4196,0
4197,2
4198,0
4199,6
42,1
420,1
4200,6
4201,3
4202,7
4203,2
4204,5
4205,4
4206,7
4207,0
4208,5
4209,5
421,4
4210,2
4211,7
4212,5
4213,3
4214,4
4215,4
4216,6
4217,0
4218,7
4219,2
422,2
4220,2
4221,6
4222,0
4223,0
4224,3
4225,0
4226,3
4227,0
4228,3
4229,7
423,1
4230,2
4231,0
4232,0
4233,3
4234,0
4235,0
4236,7
4237,2
4238,7
4239,0
424,4
4240,0
4241,6
4242,2
4243,0
4244,0
4245,0
4246,7
4247,5
4248,0
4249,7
425,1
4250,3
4251,0
4252,0
4253,0
4254,6
4255,6
4256,3
4257,4
4258,2
4259,6
426,1
4260,6
4261,5
4262,0
4263,2
4264,0
4265,6
4266,0
4267,2
4268,0
4269,3
427,2
4270,0
4271,3
4272,5
4273,2
4274,0
4275,0
4276,4
4277,0
4278,6
4279,2
428,1
4280,5
4281,2
4282,5
4283,2
4284,2
4285,5
4286,2
4287,5
4288,5
4289,2
429,1
4290,5
4291,2
4292,7
4293,3
4294,3
4295,2
4296,3
4297,5
4298,0
4299,2
430,1
4300,0
4301,2
4302,0
4303,0
4304,5
4305,6
4306,6
4307,3
4308,0
4309,0
431,1
4310,3
4311,2
4312,6
4313,2
4314,4
4315,4
4316,0
4317,4
4318,3
4319,3
432,1
4320,4
4321,0
4322,4
4323,0
4324,3
4325,0
4326,6
4327,4
4328,2
4329,1
433,4
4330,2
4331,4
4332,5
4333,2
4334,3
4335,0
4336,6
4337,0
4338,3
4339,0
434,2
4340,6
4341,7
4342,7
4343,0
4344,0
4345,5
4346,2
4347,3
4348,5
4349,0
435,2
4350,1
4351,2
4352,2
4353,0
4354,3
4355,4
4356,5
4357,2
4358,2
4359,0
436,4
4360,7
4361,7
4362,7
4363,7
4364,4
4365,6
4366,5
4367,5
4368,2
4369,2
437,4
4370,5
4371,4
4372,2
4373,0
4374,5
4375,5
4376,0
4377,0
4378,2
4379,5
438,5
4380,2
4381,3
4382,0
4383,4
4384,4
4385,0
4386,0
4387,4
4388,0
4389,0
439,5
4390,0
4391,2
4392,5
4393,4
4394,5
4395,2
4396,5
4397,2
4398,0
4399,6
44,1
440,1
4400,3
4401,7
4402,0
4403,6
4404,3
4405,2
4406,7
4407,0
4408,3
4409,1
441,1
4410,0
4411,2
4412,0
4413,0
4414,6
4415,2
4416,7
4417,0
4418,3
4419,3
442,1
4420,6
4421,2
4422,5
4423,2
4424,2
4425,0
4426,2
4427,3
4428,0
4429,0
443,1
4430,2
4431,5
4432,0
4433,6
4434,0
4435,0
4436,2
4437,0
4438,0
4439,2
444,4
4440,3
4441,3
4442,2
4443,0
4444,0
4445,0
4446,0
4447,3
4448,0
4449,0
445,3
4450,0
4451,3
4452,0
4453,0
4454,0
4455,0
4456,2
4457,0
4458,2
4459,5
446,4
4460,3
4461,3
4462,0
4463,2
4464,6
4465,0
4466,3
4467,3
4468,4
4469,3
447,1
4470,3
4471,4
4472,0
4473,3
4474,2
4475,0
4476,5
4477,5
4478,0
4479,0
448,2
4480,2
4481,3
4482,2
4483,5
4484,3
4485,0
4486,0
4487,6
4488,6
4489,4
449,4
4490,3
4491,2
4492,6
4493,7
4494,2
4495,2
4496,2
4497,3
4498,0
4499,5
45,1
450,4
4500,0
4501,2
4502,3
4503,5
4504,7
4505,0
4506,2
4507,0
4508,6
4509,0
451,3
4510,7
4511,7
4512,2
4513,4
4514,0
4515,2
4516,5
4517,0
4518,7
4519,0
452,1
4520,5
4521,2
4522,0
4523,0
4524,0
4525,6
4526,1
4527,4
4528,0
4529,0
453,4
4530,5
4531,2
4532,5
4533,5
4534,2
4535,0
4536,6
4537,0
4538,5
4539,6
454,1
4540,0
4541,2
4542,0
4543,0
4544,5
4545,0
4546,7
4547,0
4548,0
4549,3
455,4
4550,0
4551,0
4552,2
4553,6
4554,2
4555,4
4556,0
4557,2
4558,0
4559,6
456,0
4560,5
4561,6
4562,3
4563,0
4564,1
4565,0
4566,5
4567,2
4568,2
4569,5
457,5
4570,3
4571,0
4572,2
4573,5
4574,0
4575,0
4576,0
4577,0
4578,0
4579,7
458,1
4580,0
4581,2
4582,5
4583,2
4584,5
4585,4
4586,5
4587,6
4588,6
4589,7
459,6
4590,6
4591,6
4592,6
4593,4
4594,3
4595,4
4596,0
4597,3
4598,5
4599,0
46,1
460,2
4600,4
4601,0
4602,2
4603,0
4604,5
4605,5
4606,2
4607,5
4608,3
4609,5
461,5
4610,1
4611,6
4612,0
4613,2
4614,2
4615,0
4616,3
4617,2
4618,3
4619,2
462,3
4620,2
4621,2
4622,5
4623,7
4624,2
4625,0
4626,0
4627,5
4628,2
4629,5
463,3
4630,3
4631,3
4632,0
4633,0
4634,2
4635,0
4636,2
4637,2
4638,0
4639,6
464,4
4640,0
4641,6
4642,2
4643,0
4644,2
4645,0
4646,0
4647,5
4648,0
4649,5
465,1
4650,2
4651,0
4652,2
4653,6
4654,6
4655,2
4656,2
4657,2
4658,2
4659,2
466,2
4660,6
4661,2
4662,2
4663,0
4664,0
4665,0
4666,0
4667,2
4668,1
4669,7
467,1
4670,2
4671,3
4672,3
4673,2
4674,7
4675,0
4676,0
4677,2
4678,0
4679,0
468,1
4680,3
4681,4
4682,2
4683,2
4684,0
4685,0
4686,3
4687,2
4688,7
4689,0
469,4
4690,4
4691,3
4692,0
4693,0
4694,4
4695,4
4696,0
4697,0
4698,4
4699,0
47,2
470,1
4700,6
4701,5
4702,2
4703,3
4704,3
4705,7
4706,3
4707,2
4708,3
4709,0
471,1
4710,6
4711,6
4712,3
4713,0
4714,3
4715,2
4716,5
4717,3
4718,1
4719,3
472,1
4720,0
4721,0
4722,2
4723,0
4724,2
4725,6
4726,0
4727,6
4728,0
4729,0
473,1
4730,3
4731,7
4732,0
4733,5
4734,2
4735,2
4736,7
4737,7
4738,4
4739,7
474,4
4740,0
4741,3
4742,2
4743,2
4744,2
4745,0
4746,0
4747,6
4748,6
4749,7
475,1
4750,4
4752,0
4753,0
4754,0
4755,0
4756,0
4757,0
4758,3
4759,4
476,1
4760,6
4761,7
4762,0
4763,0
4764,0
4765,0
4766,0
4767,5
4768,5
4769,3
477,7
4770,3
4771,5
4772,0
4773,3
4774,3
4775,2
4776,4
4777,0
4778,6
4779,7
478,3
4780,6
4781,0
4782,7
4783,4
4784,2
4785,0
4786,5
4787,3
4788,2
4789,0
479,4
4790,2
4791,6
4792,5
4793,3
4794,3
4795,7
4796,5
4797,0
4798,6
4799,3
48,1
480,1
4800,0
4801,7
4802,6
4803,0
4804,2
4805,0
4806,0
4807,6
4808,0
4809,0
481,1
4810,5
4811,2
4812,2
4813,1
4814,4
4815,2
4816,0
4817,2
4818,0
4819,5
482,2
4820,0
4821,0
4822,5
4823,0
4824,3
4825,6
4826,2
4827,3
4828,0
4829,2
483,1
4830,6
4831,3
4832,2
4833,7
4834,7
4835,0
4836,2
4837,2
4838,1
4839,6
484,1
4840,0
4841,6
4842,3
4843,0
4844,6
4845,7
4846,0
4847,6
4848,3
4849,2
485,1
4850,2
4851,5
4852,5
4853,7
4854,2
4855,0
4856,2
4857,5
4858,5
4859,0
486,2
4860,0
4861,2
4862,0
4863,0
4864,3
4865,7
4866,0
4867,6
4868,0
4869,2
487,2
4870,0
4871,4
4872,2
4873,4
4874,4
4875,4
4876,4
4877,2
4878,1
4879,2
488,2
4880,7
4881,3
4882,6
4883,0
4884,2
4885,2
4886,5
4887,3
4888,3
4889,2
489,0
4890,4
4891,0
4892,0
4893,6
4894,2
4895,6
4896,6
4897,6
4898,0
4899,5
49,1
490,1
4900,0
4901,5
4902,0
4903,0
4904,0
4905,0
4906,0
4907,2
4908,5
4909,0
491,4
4910,0
4911,0
4912,0
4913,2
4914,7
4915,7
4916,6
4917,0
4918,0
4919,0
492,2
4920,0
4921,2
4922,0
4923,7
4924,0
4925,5
4926,3
4927,6
4928,5
4929,2
493,1
4930,2
4931,0
4932,6
4933,0
4934,0
4935,0
4936,0
4937,0
4938,5
4939,0
494,0
4940,0
4941,0
4942,0
4943,0
4944,2
4945,6
4946,6
4947,0
4948,2
4949,5
495,2
4950,5
4951,5
4952,0
4953,3
4954,0
4955,0
4956,0
4957,0
4958,0
4959,5
496,0
4960,5
4961,2
4962,0
4963,1
4964,5
4965,0
4966,5
4967,6
4968,2
4969,7
4970,0
4971,0
4972,0
4973,0
4974,0
4975,5
4976,1
4977,5
4978,1
4979,2
498,1
4980,0
4981,2
4982,5
4983,7
4984,7
4985,0
4986,0
4987,3
4988,0
4989,0
499,3
4990,0
4991,3
4992,2
4993,2
4994,4
4995,4
4996,4
4997,0
4998,2
4999,7
5,1
50,3
500,1
5000,6
5001,5
5002,3
5003,0
5004,1
5005,0
5006,5
5007,2
5008,7
5009,5
501,3
5010,0
5011,0
5012,0
5013,0
5014,0
5015,2
5016,0
5017,3
5018,0
5019,4
502,6
5020,4
5021,2
5022,1
5023,2
5024,1
5025,1
5026,2
5027,3
5028,2
5029,3
503,1
5030,3
5031,1
5032,1
5033,0
5034,0
5035,0
5036,0
5037,0
5038,7
5039,7
504,1
5040,3
5041,0
5042,0
5043,2
5044,2
5045,2
5046,5
5047,5
5048,7
5049,5
505,1
5050,2
5051,4
5052,4
5053,4
5054,4
5055,1
5056,4
5057,1
5058,1
5059,4
506,0
5060,2
5061,4
5062,5
5063,2
5064,1
5065,2
5066,0
5067,5
5068,0
5069,7
507,1
5070,2
5071,2
5072,5
5073,0
5074,7
5075,6
5076,4
5077,0
5078,7
5079,6
508,5
5080,6
5081,6
5082,5
5083,7
5084,2
5085,2
5086,0
5087,6
5088,6
5089,2
509,0
5090,2
5091,2
5092,0
5093,7
5094,7
5095,7
5096,7
5097,7
5098,7
5099,5
51,4
510,1
5100,7
5101,0
5102,0
5103,6
5104,0
5105,0
5106,6
5107,2
5108,0
5109,0
511,1
5110,0
5111,5
5112,5
5113,6
5114,0
5115,2
5116,6
5117,2
5118,0
5119,6
512,1
5120,2
5121,5
5122,0
5123,0
5124,2
5125,6
5126,5
5127,7
5128,3
5129,0
513,4
5130,7
5131,0
5132,0
5133,2
5134,0
5135,0
5136,0
5137,0
5138,6
5139,2
514,1
5140,2
5141,0
5142,2
5143,0
5144,0
5145,0
5146,0
5147,0
5148,0
5149,0
515,3
5150,0
5151,0
5152,0
5153,2
5154,5
5155,5
5156,5
5157,5
5158,5
5159,5
516,1
5160,5
5161,5
5162,7
5163,5
5164,6
5165,2
5166,1
5167,3
5168,3
5169,0
517,1
5170,0
5171,2
5172,5
5173,2
5174,5
5175,2
5176,2
5177,2
5178,0
5179,3
5180,2
5181,0
5182,0
5183,0
5184,0
5185,0
5186,0
5187,0
5188,0
5189,5
519,1
5190,0
5191,0
5192,3
5193,2
5194,7
5195,3
5196,3
5197,2
5198,3
5199,5
52,1
520,1
5200,6
5201,3
5202,7
5203,2
5204,3
5205,3
5206,3
5207,3
5208,3
5209,3
521,1
5210,3
5211,6
5212,2
5213,0
5214,0
5215,0
5216,7
522,1
5220,1
5221,1
5222,0
5223,0
5224,2
5225,2
5226,0
5227,3
5228,6
5229,2
523,1
5230,2
5231,2
5232,5
5233,6
5234,5
5235,7
5236,7
5237,6
5238,6
5239,6
524,1
5240,6
5241,0
5242,0
5243,0
5244,0
5245,0
5246,0
5247,0
5248,2
5249,0
525,1
5250,0
5251,7
5252,0
5253,0
5254,0
5255,0
5256,0
5257,0
5258,0
5259,0
526,4
5260,0
5261,0
5262,2
5263,4
5264,4
5265,4
5266,2
5267,1
5268,3
5269,1
527,1
5270,1
5271,1
5272,6
5273,4
5274,4
5275,5
5276,3
5277,2
5278,1
5279,1
528,3
5280,2
5281,3
5282,3
5283,3
5284,3
5285,3
5286,3
5287,3
5288,3
5289,3
529,1
5290,3
5291,3
5292,2
5293,0
5294,0
5295,0
5296,6
5297,7
5298,2
5299,7
53,1
530,2
5300,2
5301,2
5302,7
5303,5
5304,7
5305,7
5306,7
5307,7
5308,7
5309,7
531,5
5310,3
5311,7
5312,5
5313,7
5314,7
5315,0
5316,5
5317,5
5318,2
5319,5
532,1
5320,5
5321,0
5322,0
5323,3
5324,0
5325,5
5326,0
5327,0
5328,2
5329,0
533,2
5330,0
5331,7
5332,5
5333,0
5334,7
5335,7
5336,4
5337,4
5338,2
5339,7
534,1
5340,5
5341,4
5342,3
5343,4
5344,2
5345,3
5346,1
5347,1
5348,6
5349,3
535,2
5350,1
5351,1
5352,2
5353,1
5354,7
5355,0
5356,0
5357,3
5358,0
5359,0
536,1
5360,2
5361,2
5362,0
5363,0
5364,5
5365,1
5366,6
5367,0
5368,5
5369,0
537,1
5370,0
5371,2
5372,6
5373,6
5374,2
5375,2
5376,2
5377,0
5378,0
5379,0
538,1
5380,0
5381,0
5382,5
5383,0
5384,0
5385,0
5386,0
5387,0
5388,5
5389,4
539,4
5390,4
5391,0
5392,0
5393,5
5394,2
5395,0
5396,5
5397,6
5398,0
5399,6
54,1
540,3
5400,4
5401,0
5402,0
5403,3
5404,7
5405,4
5406,0
5407,0
5408,0
5409,0
541,4
5410,3
5411,3
5412,6
5413,2
5414,7
5415,3
5416,3
5417,3
5418,3
5419,3
542,1
5420,3
5421,1
5422,1
5423,2
5424,6
5425,2
5426,5
5427,0
5428,0
5429,0
543,1
5430,0
5431,0
5432,2
5433,0
5434,0
5435,0
5436,0
5437,2
5438,0
5439,0
544,1
5440,0
5441,0
5442,0
5443,0
5444,0
5445,0
5446,2
5447,0
5448,2
5449,0
545,4
5450,0
5451,6
5452,6
5453,0
5454,0
5455,2
5456,2
5457,6
5458,2
5459,6
546,1
5460,0
5461,0
5462,5
5463,0
5464,2
5465,0
5466,0
5467,0
5468,0
5469,0
547,0
5470,2
5471,1
5472,0
5473,2
5474,0
5475,0
5476,0
5477,0
5478,7
5479,6
548,1
5480,6
5481,6
5482,5
5483,2
5484,2
5485,6
5486,0
5487,1
5488,5
5489,3
549,2
5490,0
5491,0
5492,0
5493,1
5494,0
5495,5
5496,6
5497,0
5498,0
5499,0
55,2
550,1
5500,0
5501,0
5502,1
5503,0
5504,0
5505,6
5506,6
5507,2
5508,0
5509,0
551,3
5510,6
5511,0
5512,0
5513,3
5514,0
5515,0
5516,2
5517,2
5518,7
5519,7
5520,7
5521,3
5522,2
5523,2
5524,0
5525,5
5526,2
5527,0
5528,0
5529,5
553,1
5530,5
5531,2
5532,5
5533,5
5534,4
5535,5
5536,5
5537,2
5538,2
5539,3
554,1
5540,0
5541,1
5542,3
5543,1
5544,7
5545,5
5546,3
5547,3
5548,3
5549,2
555,4
5550,2
5551,1
5552,0
5553,2
5554,2
5555,5
5556,2
5557,0
5558,2
5559,0
556,1
5560,0
5561,3
5562,3
5563,5
5564,6
5565,7
5566,3
5567,3
5568,7
5569,5
557,1
5570,5
5571,5
5572,0
5573,3
5574,7
5575,5
5576,0
5577,5
5578,0
5579,2
558,4
5580,7
5581,7
5582,7
5583,7
5584,5
5585,5
5586,0
5587,2
5588,0
5589,0
559,3
5590,0
5591,2
5592,0
5593,5
5594,2
5595,2
5596,5
5597,0
5598,2
5599,0
56,4
560,1
5600,3
5601,5
5602,0
5603,7
5604,0
5605,2
5606,0
5607,7
5608,7
5609,0
561,3
5610,0
5611,0
5612,0
5613,0
5614,0
5615,0
5616,0
5617,0
5618,0
5619,7
562,1
5620,3
5621,2
5622,4
5623,4
5624,7
5625,4
5626,4
5627,0
5628,0
5629,0
563,1
5630,0
5631,3
5632,6
5633,3
5634,3
5635,2
5636,3
5637,3
5638,3
5639,3
564,3
5640,3
5641,3
5642,3
5643,3
5644,3
5645,1
5646,1
5647,1
5648,1
5649,1
565,4
5650,2
5651,1
5652,7
5653,2
5654,2
5655,2
5656,2
5657,2
5658,3
5659,2
566,0
5660,2
5661,2
5662,3
5663,2
5664,1
5665,2
5666,1
5667,2
5668,0
5669,2
567,0
5670,0
5671,2
5672,0
5673,2
5674,5
5675,3
5676,2
5677,0
5678,0
5679,0
568,1
5680,3
5681,2
5682,5
5683,0
5684,6
5685,6
5686,0
5687,0
5688,6
5689,5
569,1
5690,5
5691,5
5692,0
5693,0
5694,0
5695,0
5696,0
5697,5
5698,0
5699,0
570,1
5700,5
5701,5
5702,2
5703,2
5704,0
5705,2
5706,0
5707,7
5708,7
5709,0
571,4
5710,0
5711,0
5712,5
5713,0
5714,0
5715,0
5716,6
5717,0
5718,0
5719,0
572,2
5720,0
5721,0
5722,0
5723,0
5724,0
5725,0
5726,0
5727,0
5728,0
5729,0
573,1
5730,0
5731,0
5732,0
5733,0
5734,5
5735,0
5736,5
5737,0
5738,0
5739,0
574,3
5740,6
5741,7
5742,0
5743,0
5744,2
5745,0
5746,2
5747,5
5748,0
5749,0
575,1
5750,0
5751,0
5752,0
5753,0
5754,5
5755,2
5756,2
5757,5
5758,2
5759,2
576,1
5760,0
5761,0
5762,0
5763,0
5764,1
5765,6
5766,0
5767,4
5768,5
5769,2
577,1
5770,2
5771,2
5772,6
5773,3
5774,3
5775,1
5776,3
5777,3
5778,3
5779,3
578,4
5780,3
5781,3
5782,1
5783,1
5784,1
5785,3
5786,2
5787,1
5788,1
5789,2
579,1
5790,4
5791,5
5792,2
5793,2
5794,2
5795,0
5796,2
5797,1
5798,6
5799,7
58,1
580,1
5800,7
5801,0
5802,7
5803,5
5804,0
5805,0
5806,2
5807,0
5808,5
5809,5
581,4
5810,6
5811,0
5812,0
5813,6
5814,7
5815,5
5816,0
5817,0
5818,2
5819,0
582,3
5820,4
5821,0
5822,0
5823,0
5824,0
5825,0
5826,0
5827,0
5828,5
5829,0
583,0
5830,0
5831,0
5832,0
5833,0
5834,0
5835,0
5836,0
5837,2
5838,5
5839,0
584,1
5840,0
5841,0
5842,0
5843,0
5844,0
5845,3
5846,1
5847,1
5848,3
5849,1
585,2
5850,1
5851,3
5852,3
5853,3
5854,1
5855,3
5856,4
5857,1
5858,1
5859,3
586,1
5860,2
5861,1
5862,4
5863,4
5864,3
5865,1
5866,1
5867,2
5868,0
5869,7
587,4
5870,1
5871,2
5872,6
5873,2
5874,2
5875,2
5876,7
5877,2
5878,5
5879,5
588,4
5880,6
5881,0
5882,0
5883,0
5884,2
5885,4
5886,5
5887,6
5888,0
5889,0
589,1
5890,6
5891,0
5892,0
5893,0
5894,0
5895,0
5896,5
5897,7
5898,6
5899,5
59,4
590,1
5900,5
5901,0
5902,5
5903,0
5904,5
5905,0
5906,5
5907,0
5908,0
5909,5
591,1
5910,5
5911,0
5912,0
5913,0
5914,0
5915,5
5916,0
5917,0
5918,0
5919,0
592,4
5920,0
5921,0
5922,0
5923,0
5924,0
5925,0
5926,0
5927,0
5928,0
5929,0
593,1
5930,0
5931,0
5932,5
5933,0
5934,0
5935,0
5936,6
5937,5
5938,5
5939,0
594,4
5940,7
5941,0
5942,0
5943,6
5944,0
5945,2
5946,3
5947,1
5948,4
5949,1
595,4
5950,3
5951,1
5952,4
5953,1
5954,5
5955,1
5956,2
5957,7
5958,2
5959,6
596,1
5960,2
5961,2
5962,2
5963,1
5964,3
5965,1
5966,6
5967,2
5968,2
5969,7
597,1
5970,7
5971,6
5972,0
5973,2
5974,5
5975,1
5976,2
5977,5
5978,0
5979,2
598,1
5980,5
5981,5
5982,5
5983,7
5984,0
5985,0
5986,0
5987,0
5988,0
5989,5
599,5
5990,0
5991,7
5992,7
5993,0
5994,0
5995,6
5996,6
5997,7
5998,0
5999,2
6,4
60,4
600,1
6000,0
6001,0
6002,0
6003,5
6004,0
6005,0
6006,5
6007,0
6008,0
6009,5
601,1
6010,0
6011,0
6012,0
6013,0
6014,0
6015,0
6016,0
6017,0
6018,7
6019,0
602,4
6020,0
6021,0
6022,0
6023,0
6024,0
6025,0
6026,0
6027,0
6028,0
6029,0
603,7
6030,0
6031,0
6032,0
6033,0
6034,0
6035,7
6036,0
6037,0
6038,0
6039,2
604,1
6040,0
6041,0
6042,1
6043,0
6044,0
6045,1
6046,1
6047,2
6048,0
6049,2
605,1
6050,0
6051,3
6052,1
6053,1
6054,0
6055,2
6056,7
6057,1
6058,0
6059,2
606,1
6060,2
6061,0
6062,2
6063,0
6064,5
6065,0
6066,2
6067,1
6068,1
6069,2
607,1
6070,6
6071,3
6072,0
6073,0
6074,3
6075,0
6076,1
6077,2
6078,0
6079,0
608,4
6080,0
6081,5
6082,0
6083,2
6084,2
6085,0
6086,0
6087,0
6088,6
6089,7
609,2
6090,2
6091,0
6092,2
6093,6
6094,2
6095,0
6096,3
6097,7
6098,2
6099,1
61,4
610,4
6100,0
6101,6
6102,1
6103,0
6104,0
6105,0
6106,2
6107,2
6108,0
6109,0
611,1
6110,1
6111,3
6112,1
6113,1
6114,1
6115,0
6116,0
6117,1
6118,6
6119,5
612,1
6120,0
6121,4
6122,2
6123,0
6124,0
6125,3
6126,7
6127,0
6128,5
6129,5
613,1
6130,6
6131,2
6132,5
6133,0
6134,0
6135,6
6136,0
6137,0
6138,4
6139,0
614,1
6140,7
6141,2
6142,0
6143,2
6144,6
6145,5
6146,1
6147,0
6148,6
6149,0
615,2
6150,0
6151,1
6152,5
6153,6
6154,0
6155,0
6156,6
6157,0
6158,3
6159,0
616,0
6160,5
6161,3
6162,0
6163,2
6164,7
6165,1
6166,6
6167,6
6168,6
6169,0
617,1
6170,0
6171,0
6172,3
6173,7
6174,6
6175,0
6176,7
6177,2
6178,4
6179,0
618,1
6180,6
6181,5
6182,0
6183,0
6184,6
6185,4
6186,3
6187,0
6188,0
6189,6
619,1
6190,2
6191,2
6192,3
6193,2
6194,1
6195,5
6196,7
6197,0
6198,0
6199,0
62,4
620,1
6200,3
6201,0
6202,3
6203,1
6204,0
6205,1
6206,3
6207,0
6208,0
6209,6
621,1
6210,5
6211,1
6212,5
6213,0
6214,1
6215,2
6216,0
6217,7
6218,3
6219,5
622,0
6220,6
6221,1
6222,2
6223,5
6224,2
6225,2
6226,7
6227,0
6228,0
6229,5
623,1
6230,3
6231,3
6232,5
6233,0
6234,7
6235,6
6236,0
6237,2
6238,1
6239,6
624,2
6240,7
6241,2
6242,5
6243,2
6244,7
6245,0
6246,6
6247,0
6248,2
6249,2
625,3
6250,5
6251,3
6252,0
6253,5
6254,3
6255,1
6256,0
6257,1
6258,3
6259,2
626,1
6260,4
6261,3
6262,0
6263,1
6264,1
6265,0
6266,5
6267,0
6268,0
6269,5
627,4
6270,3
6271,0
6272,0
6273,7
6274,2
6275,2
6276,2
6277,0
6278,5
6279,4
628,5
6280,1
6281,0
6282,2
6283,7
6284,1
6285,0
6286,0
6287,2
6288,0
6289,6
629,2
6290,2
6291,7
6292,0
6293,0
6294,0
6295,2
6296,6
6297,2
6298,1
6299,6
63,4
630,4
6300,6
6301,0
6302,6
6303,5
6304,1
6305,3
6306,0
6307,0
6308,7
6309,7
631,1
6310,1
6311,1
6312,3
6313,2
6314,2
6315,0
6316,0
6317,4
6318,0
6319,0
632,1
6320,4
6321,2
6322,1
6323,1
6324,0
6325,7
6326,7
6327,1
6328,2
6329,0
633,3
6330,4
6331,3
6332,7
6333,1
6334,7
6335,1
6336,0
6337,0
6338,6
6339,1
634,0
6340,1
6341,0
6342,1
6343,3
6344,2
6345,3
6346,1
6347,5
6348,2
6349,2
635,1
6350,0
6351,0
6352,2
6353,3
6354,0
6355,0
6356,0
6357,7
6358,0
6359,0
636,3
6360,3
6361,0
6362,2
6363,5
6364,5
6365,5
6366,5
6367,3
6368,3
6369,6
637,1
6370,0
6371,0
6372,4
6373,0
6374,0
6375,5
6376,7
6377,3
6378,3
6379,2
638,1
6380,0
6381,0
6382,0
6383,2
6384,0
6385,1
6386,5
6387,3
6388,2
6389,7
639,4
6390,7
6391,0
6392,6
6393,3
6394,0
6395,1
6396,0
6397,0
6398,1
6399,3
64,4
640,4
6400,0
6401,0
6402,0
6403,7
6404,3
6405,0
6406,3
6407,0
6408,3
6409,2
641,1
6410,0
6411,0
6412,0
6413,2
6414,1
6415,0
6416,3
6417,0
6418,3
6419,6
642,1
6420,0
6421,0
6422,0
6423,5
6424,0
6425,0
6426,6
6427,6
6428,0
6429,0
643,1
6430,4
6431,0
6432,0
6433,1
6434,0
6435,0
6436,0
6437,2
6438,0
6439,0
644,4
6440,7
6441,1
6442,0
6443,6
6444,3
6445,0
6446,3
6447,0
6448,3
6449,7
645,2
6450,5
6451,3
6452,6
6453,2
6454,2
6455,0
6456,7
6457,0
6458,6
6459,0
646,1
6460,0
6461,1
6462,0
6463,1
6464,3
6465,3
6466,6
6467,0
6468,0
6469,2
647,1
6470,4
6471,0
6472,0
6473,6
6474,0
6475,6
6476,5
6477,6
6478,7
6479,0
648,0
6480,6
6481,7
6482,0
6483,6
6484,0
6485,5
6486,7
6487,3
6488,1
6489,3
649,1
6490,0
6491,7
6492,7
6493,0
6494,0
6495,0
6496,0
6497,3
6498,0
6499,7
65,1
650,1
6500,7
6501,1
6502,3
6503,7
6504,1
6505,3
6506,0
6507,0
6508,7
6509,1
651,0
6510,1
6511,0
6512,2
6513,0
6514,0
6515,0
6516,1
6517,0
6518,0
6519,3
652,4
6520,1
6521,1
6522,0
6523,3
6524,0
6525,0
6526,0
6527,3
6528,3
6529,5
653,6
6530,2
6531,2
6532,3
6533,0
6534,1
6535,0
6536,0
6537,2
6538,0
6539,3
654,4
6540,0
6541,6
6542,3
6543,2
6544,3
6545,6
6546,0
6547,1
6548,2
6549,3
655,2
6550,7
6551,5
6552,3
6553,0
6554,0
6555,0
6556,1
6557,6
6558,4
6559,0
656,3
6560,6
6561,1
6562,7
6563,3
6564,3
6565,0
6566,0
6567,0
6568,3
6569,0
657,1
6570,0
6571,4
6572,0
6573,1
6574,5
6575,0
6576,0
6577,0
6578,1
6579,0
658,4
6580,0
6581,2
6582,4
6583,6
6584,3
6585,2
6586,5
6587,2
6588,5
6589,2
659,2
6590,3
6591,0
6592,0
6593,2
6595,3
6596,0
6597,0
6598,7
6599,0
66,1
660,1
6600,3
6601,0
6602,6
6603,2
661,2
662,2
663,0
664,1
665,1
666,1
667,1
668,1
669,2
67,1
670,3
671,4
672,3
673,1
674,1
675,4
676,1
677,4
678,1
679,1
68,1
680,4
681,1
682,1
683,1
684,4
685,7
686,0
687,1
689,4
69,5
690,0
691,1
692,1
693,4
694,4
695,1
696,1
697,2
699,1
7,3
70,1
700,2
701,1
702,1
703,1
704,1
705,4
706,1
707,2
708,1
709,3
71,2
710,2
712,0
713,1
714,1
715,7
716,0
717,4
718,1
719,7
72,1
720,1
721,0
722,1
723,5
724,1
725,4
726,1
727,3
728,4
729,4
73,4
730,4
731,1
733,2
734,1
735,7
736,7
737,0
738,3
739,4
74,5
740,3
741,1
742,0
743,4
744,1
745,7
746,1
747,2
748,5
749,1
75,1
750,1
751,2
752,3
753,1
754,1
755,4
756,4
757,1
758,1
759,1
76,5
760,4
761,2
762,1
763,1
764,0
765,1
766,4
767,2
768,3
769,1
77,4
770,1
771,3
772,0
773,0
774,1
775,4
776,4
777,2
778,1
779,3
78,1
780,4
781,1
782,1
783,4
784,1
786,1
787,2
788,0
789,2
79,1
790,1
791,1
792,1
793,1
794,1
795,1
796,2
797,3
798,1
799,1
8,4
80,4
800,4
801,1
802,1
803,1
804,1
805,2
806,1
807,6
808,1
809,1
81,3
810,1
811,1
812,1
813,2
814,3
815,0
816,1
817,1
818,1
819,1
82,4
820,1
821,1
822,5
823,1
824,1
825,3
826,2
827,2
828,1
829,4
83,1
830,2
831,3
832,3
833,1
834,4
835,3
836,0
837,5
838,7
839,1
84,5
840,5
841,2
842,3
843,0
844,1
845,1
846,7
848,0
849,6
85,1
850,4
851,1
852,1
853,4
854,4
855,4
856,3
857,5
858,1
859,2
86,4
860,5
861,1
862,4
863,3
864,1
865,0
866,3
867,4
868,3
869,0
87,4
870,1
871,1
872,1
873,4
874,4
875,3
876,3
877,1
878,0
879,3
88,1
880,3
881,1
882,1
883,1
884,4
885,2
886,1
887,0
888,1
889,0
89,1
890,2
891,4
892,1
893,1
894,1
895,0
896,1
897,1
898,4
899,1
9,1
90,1
900,0
901,1
902,4
903,5
904,5
905,4
906,0
907,2
908,1
909,2
91,1
910,3
911,1
912,0
913,0
914,1
915,1
916,0
917,1
918,1
919,0
92,1
921,1
922,3
923,3
924,1
925,1
926,4
927,0
928,1
929,2
93,2
930,1
931,1
932,0
933,7
934,1
935,4
936,5
938,6
939,3
94,2
940,4
941,0
942,1
943,1
944,3
945,4
946,1
947,1
948,1
949,3
95,1
950,1
951,0
952,1
953,1
954,4
955,7
956,1
957,4
958,1
959,1
960,1
961,1
962,2
963,1
964,1
965,1
966,1
967,1
968,1
969,1
97,1
970,1
971,1
972,4
973,1
974,4
975,1
976,0
977,3
978,2
979,1
98,5
980,4
981,7
982,3
983,1
984,1
985,1
986,1
987,1
988,2
989,0
99,1
990,1
991,4
992,3
993,3
994,1
996,0
997,7
998,7
999,2